,Characteristics,Hazard.Ratio,lower.95,upper.95,CI95.,P.Value
1,CDH3,0.99,0.833,1.176,0.99[0.833:1.176],0.906
2,CA7,0.976,0.862,1.105,0.976[0.862:1.105],0.701
3,BEST4,0.965,0.842,1.107,0.965[0.842:1.107],0.611
4,KRT80,1.15,0.987,1.34,1.15[0.987:1.34],0.073
5,FAM135B,0.829,0.701,0.981,0.829[0.701:0.981],0.029
6,ETV4,0.993,0.84,1.175,0.993[0.84:1.175],0.938
7,SLC25A34,1.043,0.889,1.222,1.043[0.889:1.222],0.607
8,GUCA2B,0.951,0.873,1.036,0.951[0.873:1.036],0.252
9,ESM1,1.155,0.985,1.353,1.155[0.985:1.353],0.075
10,RXRG,0.997,0.85,1.17,0.997[0.85:1.17],0.971
11,WNT2,0.963,0.831,1.115,0.963[0.831:1.115],0.613
12,SLC30A10,0.974,0.879,1.078,0.974[0.879:1.078],0.609
13,CLEC3B,1.019,0.882,1.177,1.019[0.882:1.177],0.801
14,PYY,0.976,0.894,1.066,0.976[0.894:1.066],0.595
15,ABCG2,1.069,0.937,1.22,1.069[0.937:1.22],0.322
16,ELANE,0.915,0.756,1.107,0.915[0.756:1.107],0.36
17,LINC03040,1.101,0.932,1.3,1.101[0.932:1.3],0.259
18,TMIGD1,0.947,0.875,1.025,0.947[0.875:1.025],0.179
19,CDKN2B.AS1,0.945,0.853,1.048,0.945[0.853:1.048],0.284
20,SCGN,0.924,0.828,1.031,0.924[0.828:1.031],0.158
21,SULT1A2,0.987,0.857,1.137,0.987[0.857:1.137],0.854
22,FOXQ1,1.125,0.981,1.291,1.125[0.981:1.291],0.091
23,C2orf88,0.992,0.853,1.152,0.992[0.853:1.152],0.911
24,PLP1,0.95,0.857,1.052,0.95[0.857:1.052],0.324
25,VEGFD,1.049,0.907,1.212,1.049[0.907:1.212],0.521
26,CA2,0.921,0.824,1.03,0.921[0.824:1.03],0.148
27,SST,0.98,0.878,1.094,0.98[0.878:1.094],0.716
28,FLVCR2.AS1,1.056,0.94,1.186,1.056[0.94:1.186],0.361
29,ABCB11,1.027,0.9,1.172,1.027[0.9:1.172],0.692
30,TEX11,0.842,0.725,0.978,0.842[0.725:0.978],0.025
31,XKR4,1.013,0.885,1.161,1.013[0.885:1.161],0.848
32,USP2,0.976,0.847,1.125,0.976[0.847:1.125],0.734
33,SPIB,0.957,0.861,1.064,0.957[0.861:1.064],0.42
34,MUSK,0.953,0.823,1.105,0.953[0.823:1.105],0.526
35,GCNT2,1.045,0.92,1.187,1.045[0.92:1.187],0.497
36,ENPP6,0.95,0.817,1.105,0.95[0.817:1.105],0.508
37,CLDN23,0.799,0.668,0.956,0.799[0.668:0.956],0.014
38,PKIB,0.98,0.866,1.108,0.98[0.866:1.108],0.743
39,NRXN1,1.042,0.94,1.155,1.042[0.94:1.155],0.43
40,GFRA2,0.995,0.873,1.134,0.995[0.873:1.134],0.936
41,ASPA,1.085,0.951,1.238,1.085[0.951:1.238],0.225
42,SLC51A,1.071,0.919,1.248,1.071[0.919:1.248],0.382
43,ABCA8,1.031,0.934,1.138,1.031[0.934:1.138],0.543
44,CA1,0.983,0.923,1.048,0.983[0.923:1.048],0.605
45,GCG,0.935,0.856,1.021,0.935[0.856:1.021],0.133
46,CNGB1,1.07,0.904,1.266,1.07[0.904:1.266],0.434
47,BMP3,0.961,0.882,1.047,0.961[0.882:1.047],0.358
48,MAMDC2,1.006,0.908,1.115,1.006[0.908:1.115],0.905
49,LYVE1,1.043,0.928,1.174,1.043[0.928:1.174],0.479
50,CD177,0.919,0.844,1,0.919[0.844:1],0.051
51,PI16,1.055,0.964,1.155,1.055[0.964:1.155],0.242
52,TAT,1.03,0.881,1.204,1.03[0.881:1.204],0.712
53,SCARA5,0.945,0.862,1.036,0.945[0.862:1.036],0.226
54,GLP2R,0.905,0.805,1.017,0.905[0.805:1.017],0.095
55,RIMS4,1.131,1.003,1.274,1.131[1.003:1.274],0.045
56,TUBB4A,1.069,0.92,1.242,1.069[0.92:1.242],0.383
57,ECRG4,1.054,0.941,1.181,1.054[0.941:1.181],0.362
58,GUCA2A,0.95,0.876,1.031,0.95[0.876:1.031],0.219
59,TMEM151B,1.194,1.004,1.42,1.194[1.004:1.42],0.045
60,RSPO2,0.989,0.877,1.115,0.989[0.877:1.115],0.856
61,CADM3,1.067,0.973,1.169,1.067[0.973:1.169],0.169
62,AQP8,0.958,0.897,1.024,0.958[0.897:1.024],0.208
63,CTNND2,1.011,0.881,1.161,1.011[0.881:1.161],0.873
64,GRIN2D,1.136,0.973,1.326,1.136[0.973:1.326],0.108
65,SLC17A7,1.157,0.974,1.376,1.157[0.974:1.376],0.098
66,PRIMA1,1.021,0.93,1.12,1.021[0.93:1.12],0.668
67,MT1M,0.995,0.901,1.099,0.995[0.901:1.099],0.924
68,SH2D7,1.032,0.902,1.181,1.032[0.902:1.181],0.644
69,PRSS22,1.022,0.87,1.201,1.022[0.87:1.201],0.791
70,TMEM72,0.93,0.841,1.028,0.93[0.841:1.028],0.156
71,ZNF575,1.095,0.855,1.401,1.095[0.855:1.401],0.474
72,CEMIP,1.042,0.909,1.195,1.042[0.909:1.195],0.553
73,IL6R,1.003,0.852,1.181,1.003[0.852:1.181],0.974
74,PIRT,1.068,0.956,1.192,1.068[0.956:1.192],0.243
75,MAB21L1,1.15,0.989,1.337,1.15[0.989:1.337],0.069
76,TMEM100,0.991,0.887,1.108,0.991[0.887:1.108],0.876
77,CLDN1,1.073,0.924,1.248,1.073[0.924:1.248],0.356
78,PKHD1L1,0.981,0.867,1.109,0.981[0.867:1.109],0.755
79,PLCD1,1.007,0.813,1.248,1.007[0.813:1.248],0.948
80,TPH1,1.052,0.928,1.194,1.052[0.928:1.194],0.428
81,CDKN2B,1.086,0.94,1.255,1.086[0.94:1.255],0.262
82,AMPD1,0.951,0.846,1.07,0.951[0.846:1.07],0.403
83,NSG2,1.052,0.942,1.175,1.052[0.942:1.175],0.372
84,PRKG2,1.079,0.943,1.236,1.079[0.943:1.236],0.268
85,CNTN2,1.111,0.989,1.248,1.111[0.989:1.248],0.076
86,DHRS11,1.002,0.826,1.215,1.002[0.826:1.215],0.984
87,MAL,1.02,0.896,1.162,1.02[0.896:1.162],0.764
88,HMGCLL1,0.982,0.828,1.163,0.982[0.828:1.163],0.83
89,ACADS,1.001,0.819,1.223,1.001[0.819:1.223],0.992
90,MYOT,1.007,0.893,1.136,1.007[0.893:1.136],0.905
91,MOBP,1.037,0.878,1.224,1.037[0.878:1.224],0.672
92,SFRP1,1.044,0.956,1.139,1.044[0.956:1.139],0.338
93,ALPI,1.001,0.905,1.108,1.001[0.905:1.108],0.977
94,CST1,1.019,0.935,1.111,1.019[0.935:1.111],0.663
95,DPP6,1.052,0.94,1.176,1.052[0.94:1.176],0.379
96,PRPH,1.097,0.977,1.233,1.097[0.977:1.233],0.117
97,DMRTA1,1.062,0.938,1.203,1.062[0.938:1.203],0.344
98,FAM107A,1.072,0.943,1.218,1.072[0.943:1.218],0.288
99,HPSE2,0.901,0.794,1.022,0.901[0.794:1.022],0.105
100,LRRN2,1.119,0.989,1.267,1.119[0.989:1.267],0.074
101,PLAC9,1.129,0.94,1.358,1.129[0.94:1.358],0.195
102,ADHFE1,1.11,0.943,1.307,1.11[0.943:1.307],0.208
103,ATCAY,1.078,0.931,1.249,1.078[0.931:1.249],0.314
104,TMEM37,0.99,0.856,1.145,0.99[0.856:1.145],0.895
105,CCN5,1.1,1.004,1.206,1.1[1.004:1.206],0.041
106,SLC51B,0.927,0.841,1.022,0.927[0.841:1.022],0.128
107,GBA3,0.979,0.892,1.076,0.979[0.892:1.076],0.665
108,UGT1A8,1.016,0.924,1.117,1.016[0.924:1.117],0.745
109,SLC26A2,0.951,0.857,1.056,0.951[0.857:1.056],0.35
110,SLC4A4,0.917,0.845,0.996,0.917[0.845:0.996],0.039
111,ADCYAP1R1,1.12,1.006,1.247,1.12[1.006:1.247],0.039
112,NEXMIF,1.054,0.936,1.186,1.054[0.936:1.186],0.385
113,BRINP3,0.997,0.913,1.089,0.997[0.913:1.089],0.947
114,NAP1L2,1.044,0.929,1.174,1.044[0.929:1.174],0.47
115,LINC00484,1.174,0.943,1.461,1.174[0.943:1.461],0.152
116,TRIB3,1.188,0.987,1.43,1.188[0.987:1.43],0.068
117,RPL12P14,1.08,0.918,1.271,1.08[0.918:1.271],0.353
118,SMPDL3A,0.918,0.773,1.091,0.918[0.773:1.091],0.333
119,CCL23,1.03,0.896,1.184,1.03[0.896:1.184],0.681
120,ADGRB3,1.057,0.934,1.196,1.057[0.934:1.196],0.378
121,HPGDS,0.951,0.834,1.085,0.951[0.834:1.085],0.455
122,SCN11A,1.037,0.907,1.185,1.037[0.907:1.185],0.598
123,NAALADL1,1.01,0.869,1.173,1.01[0.869:1.173],0.9
124,SCN7A,1.025,0.94,1.118,1.025[0.94:1.118],0.581
125,CPNE7,1.119,0.987,1.269,1.119[0.987:1.269],0.079
126,KCTD4,1.043,0.902,1.204,1.043[0.902:1.204],0.572
127,PDE6A,0.942,0.836,1.062,0.942[0.836:1.062],0.326
128,ATP1A2,1.036,0.945,1.135,1.036[0.945:1.135],0.45
129,KLF4,0.976,0.823,1.159,0.976[0.823:1.159],0.785
130,C16orf89,0.998,0.894,1.114,0.998[0.894:1.114],0.974
131,PRR7,1.026,0.833,1.263,1.026[0.833:1.263],0.812
132,TMEM220,0.908,0.78,1.056,0.908[0.78:1.056],0.209
133,PHLPP2,1.063,0.886,1.274,1.063[0.886:1.274],0.511
134,MT1F,1,0.851,1.174,1[0.851:1.174],0.998
135,RNF152,1.054,0.909,1.223,1.054[0.909:1.223],0.485
136,FXYD1,1.167,1.014,1.344,1.167[1.014:1.344],0.032
137,SCIRT,1.149,0.988,1.336,1.149[0.988:1.336],0.071
138,CNTFR,1.064,0.979,1.157,1.064[0.979:1.157],0.141
139,SEMA3E,1.085,0.991,1.189,1.085[0.991:1.189],0.078
140,AHCYL2,0.983,0.841,1.151,0.983[0.841:1.151],0.835
141,PDX1,1.006,0.869,1.164,1.006[0.869:1.164],0.938
142,GPT,0.996,0.875,1.134,0.996[0.875:1.134],0.957
143,TP53INP2,1.016,0.859,1.202,1.016[0.859:1.202],0.853
144,TMEM253,0.908,0.783,1.053,0.908[0.783:1.053],0.201
145,ADAMDEC1,1.01,0.902,1.131,1.01[0.902:1.131],0.865
146,P2RY4,1.142,0.962,1.356,1.142[0.962:1.356],0.129
147,SLAMF6P1,0.971,0.85,1.109,0.971[0.85:1.109],0.666
148,CLCA4,0.932,0.876,0.991,0.932[0.876:0.991],0.025
149,CA3.AS1,0.979,0.851,1.127,0.979[0.851:1.127],0.77
150,KCNE2,1.057,0.878,1.273,1.057[0.878:1.273],0.558
151,CHGA,0.995,0.93,1.065,0.995[0.93:1.065],0.895
152,ANPEP,0.969,0.875,1.074,0.969[0.875:1.074],0.548
153,SLC6A19,0.976,0.897,1.062,0.976[0.897:1.062],0.576
154,TINCR,1.09,0.958,1.24,1.09[0.958:1.24],0.189
155,LINC00092,1.053,0.883,1.254,1.053[0.883:1.254],0.567
156,BCHE,1.082,0.983,1.192,1.082[0.983:1.192],0.107
157,GSTM5,1.12,0.971,1.293,1.12[0.971:1.293],0.12
158,LEXM,1.02,0.867,1.201,1.02[0.867:1.201],0.81
159,SCN9A,1.013,0.903,1.136,1.013[0.903:1.136],0.827
160,SLC4A10,1.04,0.927,1.167,1.04[0.927:1.167],0.505
161,CRHBP,1.125,0.943,1.343,1.125[0.943:1.343],0.192
162,MMP7,1.004,0.927,1.086,1.004[0.927:1.086],0.928
163,PTGDR2,0.876,0.744,1.031,0.876[0.744:1.031],0.111
164,NRG2,1.063,0.904,1.249,1.063[0.904:1.249],0.462
165,MT1H,1.042,0.935,1.161,1.042[0.935:1.161],0.458
166,ADH1B,1.008,0.937,1.085,1.008[0.937:1.085],0.824
167,BLACAT1,1.072,0.947,1.214,1.072[0.947:1.214],0.271
168,TMEM82,0.967,0.866,1.081,0.967[0.866:1.081],0.557
169,NLGN1,1.202,1.077,1.341,1.202[1.077:1.341],0.001
170,LINC03070,1.035,0.873,1.227,1.035[0.873:1.227],0.69
171,LIFR,1.022,0.905,1.155,1.022[0.905:1.155],0.723
172,SLC22A18AS,1.014,0.848,1.211,1.014[0.848:1.211],0.882
173,TNXB,1.072,0.963,1.193,1.072[0.963:1.193],0.203
174,RASGEF1C,1.08,0.942,1.24,1.08[0.942:1.24],0.27
175,ZNF536,0.938,0.823,1.069,0.938[0.823:1.069],0.335
176,NEFM,1.054,0.922,1.206,1.054[0.922:1.206],0.441
177,INHBA,1.093,0.969,1.234,1.093[0.969:1.234],0.149
178,CDH19,1.067,0.973,1.17,1.067[0.973:1.17],0.168
179,NAAA,1.023,0.833,1.258,1.023[0.833:1.258],0.826
180,ST6GALNAC6,1.024,0.857,1.222,1.024[0.857:1.222],0.797
181,SLC22A5,1.027,0.804,1.312,1.027[0.804:1.312],0.833
182,GPAT3,0.991,0.843,1.164,0.991[0.843:1.164],0.909
183,MEP1B,0.95,0.859,1.05,0.95[0.859:1.05],0.312
184,CD163L1,0.974,0.847,1.12,0.974[0.847:1.12],0.71
185,SCNN1B,1.006,0.925,1.094,1.006[0.925:1.094],0.89
186,PYGM,1.11,0.972,1.267,1.11[0.972:1.267],0.123
187,SPINK2,1.021,0.905,1.154,1.021[0.905:1.154],0.732
188,ITM2C,0.949,0.805,1.12,0.949[0.805:1.12],0.536
189,FRRS1L,1.011,0.884,1.157,1.011[0.884:1.157],0.873
190,CA4,0.945,0.888,1.007,0.945[0.888:1.007],0.08
191,MS4A12,0.949,0.891,1.011,0.949[0.891:1.011],0.103
192,GDPD2,1.015,0.899,1.147,1.015[0.899:1.147],0.809
193,EPHX4,0.92,0.805,1.052,0.92[0.805:1.052],0.222
194,NKX2.3,1.012,0.88,1.165,1.012[0.88:1.165],0.864
195,PLPP1,1.146,0.931,1.41,1.146[0.931:1.41],0.199
196,NR3C2,0.929,0.805,1.072,0.929[0.805:1.072],0.313
197,GNG7,1.14,0.981,1.324,1.14[0.981:1.324],0.086
198,ELAVL4,1.017,0.888,1.164,1.017[0.888:1.164],0.808
199,TMEM236,0.903,0.817,0.997,0.903[0.817:0.997],0.044
200,TRPM6,1,0.911,1.097,1[0.911:1.097],0.993
201,PDZD4,1.188,1.04,1.357,1.188[1.04:1.357],0.011
202,GREM2,1.013,0.923,1.113,1.013[0.923:1.113],0.781
203,HSD17B2,1.016,0.9,1.147,1.016[0.9:1.147],0.801
204,STMN2,1.014,0.912,1.126,1.014[0.912:1.126],0.802
205,FHL1,1.075,0.936,1.234,1.075[0.936:1.234],0.304
206,LVRN,1.143,0.992,1.317,1.143[0.992:1.317],0.064
207,FUCA1,0.921,0.744,1.14,0.921[0.744:1.14],0.448
208,CNR1,1.053,0.952,1.164,1.053[0.952:1.164],0.318
209,CLEC9A,0.907,0.777,1.059,0.907[0.777:1.059],0.218
210,MDFI,1.156,0.975,1.371,1.156[0.975:1.371],0.096
211,LDHD,1.01,0.89,1.146,1.01[0.89:1.146],0.881
212,TNFRSF13B,0.99,0.883,1.111,0.99[0.883:1.111],0.868
213,SEMA6D,0.953,0.848,1.07,0.953[0.848:1.07],0.415
214,RDH5,1.07,0.899,1.273,1.07[0.899:1.273],0.448
215,SORCS1,1.067,0.962,1.183,1.067[0.962:1.183],0.22
216,CBLN2,0.864,0.757,0.986,0.864[0.757:0.986],0.03
217,DDN,0.992,0.864,1.138,0.992[0.864:1.138],0.906
218,ENAM,0.912,0.797,1.043,0.912[0.797:1.043],0.179
219,IGSF11,1.085,0.937,1.255,1.085[0.937:1.255],0.275
220,SLCO4C1,0.9,0.8,1.013,0.9[0.8:1.013],0.08
221,ABCC13,0.997,0.892,1.114,0.997[0.892:1.114],0.957
222,GRIK3,1.083,0.959,1.222,1.083[0.959:1.222],0.198
223,RETSAT,1.09,0.867,1.37,1.09[0.867:1.37],0.462
224,PDK4,1.043,0.918,1.184,1.043[0.918:1.184],0.52
225,TAGLN3,1.008,0.888,1.145,1.008[0.888:1.145],0.901
226,MEF2C.AS1,1.112,0.958,1.29,1.112[0.958:1.29],0.162
227,CTNNA3,1.053,0.941,1.179,1.053[0.941:1.179],0.367
228,CNGA3,1.074,0.948,1.216,1.074[0.948:1.216],0.264
229,ANGPTL1,1.064,0.974,1.161,1.064[0.974:1.161],0.167
230,PKNOX2,1.097,0.954,1.261,1.097[0.954:1.261],0.195
231,TMEM220.AS1,0.96,0.827,1.114,0.96[0.827:1.114],0.589
232,KLK6,0.98,0.913,1.051,0.98[0.913:1.051],0.567
233,UNC5D,0.921,0.788,1.076,0.921[0.788:1.076],0.3
234,NPY6R,0.907,0.83,0.992,0.907[0.83:0.992],0.033
235,CHAD,1.049,0.91,1.209,1.049[0.91:1.209],0.51
236,CITED2,1.08,0.866,1.346,1.08[0.866:1.346],0.496
237,FGFBP2,1.103,0.945,1.288,1.103[0.945:1.288],0.214
238,ENTPD5,0.99,0.852,1.149,0.99[0.852:1.149],0.891
239,GRIN2A,1.069,0.936,1.221,1.069[0.936:1.221],0.323
240,OTX1,1.053,0.937,1.184,1.053[0.937:1.184],0.388
241,SLC16A12,1.061,0.907,1.242,1.061[0.907:1.242],0.457
242,PTGS1,1.023,0.876,1.196,1.023[0.876:1.196],0.773
243,EMILIN3,0.91,0.772,1.073,0.91[0.772:1.073],0.261
244,MPZ,1.078,0.924,1.258,1.078[0.924:1.258],0.338
245,C1QTNF9,1.031,0.873,1.218,1.031[0.873:1.218],0.719
246,P2RX1,0.992,0.853,1.154,0.992[0.853:1.154],0.915
247,ACKR2,1.012,0.873,1.174,1.012[0.873:1.174],0.871
248,SECTM1,1.016,0.892,1.156,1.016[0.892:1.156],0.814
249,ASB2,0.994,0.865,1.141,0.994[0.865:1.141],0.928
250,SSTR2,1.132,0.956,1.341,1.132[0.956:1.341],0.152
251,PADI2,0.973,0.872,1.087,0.973[0.872:1.087],0.631
252,SNAP91,1.11,0.991,1.243,1.11[0.991:1.243],0.071
253,HSD11B2,1.012,0.863,1.185,1.012[0.863:1.185],0.886
254,SCN2B,1.059,0.947,1.184,1.059[0.947:1.184],0.317
255,MYOM1,1.15,0.999,1.323,1.15[0.999:1.323],0.052
256,PDE2A,1.119,0.961,1.303,1.119[0.961:1.303],0.148
257,TMEM59L,1.195,1.051,1.358,1.195[1.051:1.358],0.006
258,CUX2,1.107,0.917,1.338,1.107[0.917:1.338],0.291
259,BEX1,1.075,0.961,1.203,1.075[0.961:1.203],0.207
260,GPM6A,1.053,0.965,1.15,1.053[0.965:1.15],0.245
261,GPR15,0.921,0.839,1.012,0.921[0.839:1.012],0.086
262,SRPX,1.166,1.008,1.349,1.166[1.008:1.349],0.039
263,OGN,1.034,0.956,1.118,1.034[0.956:1.118],0.406
264,CPEB1,1.049,0.923,1.193,1.049[0.923:1.193],0.463
265,LILRB5,0.981,0.859,1.12,0.981[0.859:1.12],0.773
266,CTSG,0.964,0.873,1.064,0.964[0.873:1.064],0.462
267,LINC02577,1.022,0.916,1.141,1.022[0.916:1.141],0.691
268,JPH4,1.122,0.966,1.302,1.122[0.966:1.302],0.131
269,AFF3,1.084,0.953,1.234,1.084[0.953:1.234],0.221
270,METTL7A,0.989,0.856,1.143,0.989[0.856:1.143],0.886
271,NEGR1,1.016,0.892,1.158,1.016[0.892:1.158],0.807
272,WSCD1,0.989,0.881,1.109,0.989[0.881:1.109],0.846
273,GPX3,1.202,1.043,1.384,1.202[1.043:1.384],0.011
274,GNG8,1.145,0.954,1.374,1.145[0.954:1.374],0.146
275,ABI3BP,1.096,0.972,1.236,1.096[0.972:1.236],0.134
276,IGHV3OR16.13,0.957,0.856,1.071,0.957[0.856:1.071],0.445
277,DUSP26,1.083,0.956,1.227,1.083[0.956:1.227],0.211
278,SCG3,1.005,0.897,1.127,1.005[0.897:1.127],0.926
279,SLCO4A1,1.121,0.931,1.351,1.121[0.931:1.351],0.227
280,RPH3A,1.144,0.984,1.33,1.144[0.984:1.33],0.081
281,MMP28,1.079,0.951,1.225,1.079[0.951:1.225],0.238
282,STOX2,1.024,0.889,1.179,1.024[0.889:1.179],0.744
283,SDCBP2,1.03,0.883,1.201,1.03[0.883:1.201],0.707
284,CNNM2,1.226,0.963,1.56,1.226[0.963:1.56],0.098
285,GFRA3,1.066,0.945,1.203,1.066[0.945:1.203],0.297
286,DPT,1.059,0.957,1.171,1.059[0.957:1.171],0.271
287,ELFN1.AS1,1.179,1.034,1.345,1.179[1.034:1.345],0.014
288,ENHO,1.021,0.896,1.163,1.021[0.896:1.163],0.76
289,ETHE1,0.912,0.733,1.136,0.912[0.733:1.136],0.411
290,STBD1,1.081,0.877,1.333,1.081[0.877:1.333],0.466
291,MT1G,0.99,0.885,1.107,0.99[0.885:1.107],0.856
292,ADH1C,0.985,0.916,1.059,0.985[0.916:1.059],0.684
293,ANKS1B,1.128,0.983,1.294,1.128[0.983:1.294],0.086
294,PCSK5,1.151,0.993,1.335,1.151[0.993:1.335],0.062
295,TSPAN7,1.058,0.936,1.196,1.058[0.936:1.196],0.364
296,CPM,0.947,0.825,1.088,0.947[0.825:1.088],0.445
297,KLB,1.08,0.907,1.286,1.08[0.907:1.286],0.386
298,CRMA,1.024,0.907,1.157,1.024[0.907:1.157],0.699
299,CD160,0.95,0.808,1.116,0.95[0.808:1.116],0.53
300,C11orf86,0.953,0.878,1.035,0.953[0.878:1.035],0.25
301,UGT1A10,1.05,0.953,1.156,1.05[0.953:1.156],0.326
302,TMCC3,1.025,0.87,1.208,1.025[0.87:1.208],0.771
303,CALY,1.118,0.981,1.274,1.118[0.981:1.274],0.094
304,NPTX1,1.06,0.957,1.173,1.06[0.957:1.173],0.263
305,SMPD1,1.139,0.925,1.403,1.139[0.925:1.403],0.22
306,HTR7,0.971,0.835,1.128,0.971[0.835:1.128],0.7
307,ZG16,0.939,0.887,0.994,0.939[0.887:0.994],0.031
308,RILP,1.156,0.908,1.471,1.156[0.908:1.471],0.24
309,PCDH10,1.118,0.983,1.272,1.118[0.983:1.272],0.088
310,HRK,1.039,0.906,1.19,1.039[0.906:1.19],0.586
311,EDN3,0.948,0.861,1.045,0.948[0.861:1.045],0.282
312,PIANP,1.246,1.064,1.458,1.246[1.064:1.458],0.006
313,EDIL3.DT,1.005,0.857,1.178,1.005[0.857:1.178],0.953
314,HPGD,1.023,0.902,1.16,1.023[0.902:1.16],0.722
315,SFRP5,1.087,0.985,1.199,1.087[0.985:1.199],0.098
316,TTC22,0.996,0.794,1.25,0.996[0.794:1.25],0.975
317,CCDC69,0.957,0.823,1.113,0.957[0.823:1.113],0.569
318,GLTP,1.05,0.84,1.312,1.05[0.84:1.312],0.669
319,ADCY5,1.15,1.017,1.3,1.15[1.017:1.3],0.026
320,ANO5,1.038,0.945,1.14,1.038[0.945:1.14],0.433
321,NOVA1,1.081,0.966,1.209,1.081[0.966:1.209],0.173
322,PEX26,1.013,0.815,1.259,1.013[0.815:1.259],0.905
323,CXCL12,1.076,0.939,1.233,1.076[0.939:1.233],0.291
324,HAND2.AS1,1.087,0.988,1.196,1.087[0.988:1.196],0.087
325,PDE9A.AS1,0.959,0.826,1.114,0.959[0.826:1.114],0.587
326,COL11A1,1.043,0.947,1.148,1.043[0.947:1.148],0.398
327,APPL2,1.041,0.838,1.292,1.041[0.838:1.292],0.718
328,EPB41L3,1.031,0.913,1.163,1.031[0.913:1.163],0.625
329,ANK2,1.065,0.942,1.203,1.065[0.942:1.203],0.316
330,EPHA7,0.999,0.9,1.109,0.999[0.9:1.109],0.99
331,SELENOP,0.916,0.82,1.024,0.916[0.82:1.024],0.122
332,PTN,0.964,0.84,1.108,0.964[0.84:1.108],0.609
333,C1orf115,1.048,0.889,1.236,1.048[0.889:1.236],0.574
334,PLAAT2,1.035,0.915,1.17,1.035[0.915:1.17],0.585
335,CFD,1.092,0.973,1.226,1.092[0.973:1.226],0.136
336,ETFDH,0.985,0.817,1.188,0.985[0.817:1.188],0.877
337,KCNB1,1.102,0.993,1.223,1.102[0.993:1.223],0.068
338,LINC01013,1.113,0.945,1.31,1.113[0.945:1.31],0.199
339,CDHR5,0.976,0.844,1.129,0.976[0.844:1.129],0.743
340,B3GALT5.AS1,0.95,0.854,1.058,0.95[0.854:1.058],0.353
341,NR5A2,0.949,0.824,1.092,0.949[0.824:1.092],0.464
342,C7,1.111,1.02,1.209,1.111[1.02:1.209],0.016
343,GNAO1,1.046,0.928,1.178,1.046[0.928:1.178],0.461
344,NTN1,1.082,0.944,1.241,1.082[0.944:1.241],0.258
345,MAPK4,0.999,0.897,1.113,0.999[0.897:1.113],0.991
346,NEFL,0.988,0.896,1.089,0.988[0.896:1.089],0.803
347,RBPMS2,1.09,0.957,1.242,1.09[0.957:1.242],0.195
348,FGL2,0.983,0.866,1.115,0.983[0.866:1.115],0.786
349,P2RY1,1.014,0.886,1.161,1.014[0.886:1.161],0.835
350,DPYSL5,1.099,0.952,1.27,1.099[0.952:1.27],0.198
351,UGP2,1.039,0.858,1.259,1.039[0.858:1.259],0.696
352,MADCAM1,1.007,0.872,1.163,1.007[0.872:1.163],0.926
353,TSPAN1,0.948,0.815,1.103,0.948[0.815:1.103],0.49
354,TMEM171,1.106,0.946,1.294,1.106[0.946:1.294],0.205
355,P2RY12,1.021,0.9,1.157,1.021[0.9:1.157],0.749
356,PDCD4,1.043,0.861,1.262,1.043[0.861:1.262],0.667
357,VSIR,1.046,0.852,1.285,1.046[0.852:1.285],0.666
358,DNASE1L3,0.898,0.816,0.988,0.898[0.816:0.988],0.027
359,LARGE2,1.042,0.908,1.195,1.042[0.908:1.195],0.559
360,MALL,1.035,0.886,1.208,1.035[0.886:1.208],0.664
361,SLC17A4,0.968,0.876,1.069,0.968[0.876:1.069],0.519
362,GLRA4,0.926,0.817,1.049,0.926[0.817:1.049],0.228
363,CWH43,0.985,0.916,1.059,0.985[0.916:1.059],0.682
364,OR2S1P,1.089,0.935,1.267,1.089[0.935:1.267],0.274
365,BEND4,0.975,0.845,1.125,0.975[0.845:1.125],0.731
366,LDB3,1.077,0.961,1.207,1.077[0.961:1.207],0.203
367,ACSM5,1.099,0.959,1.26,1.099[0.959:1.26],0.174
368,RPL15P21,0.912,0.754,1.103,0.912[0.754:1.103],0.341
369,SULT1A1,1.037,0.877,1.225,1.037[0.877:1.225],0.672
370,P2RY14,0.954,0.838,1.086,0.954[0.838:1.086],0.475
371,PLCL2,1.021,0.886,1.177,1.021[0.886:1.177],0.776
372,PDE9A,0.976,0.853,1.117,0.976[0.853:1.117],0.729
373,GNA11,1.027,0.83,1.272,1.027[0.83:1.272],0.805
374,LEMD1,1.049,0.949,1.159,1.049[0.949:1.159],0.351
375,SLC9A9,1.087,0.931,1.269,1.087[0.931:1.269],0.294
376,ESAM.AS1,1.206,1.002,1.452,1.206[1.002:1.452],0.048
377,ADTRP,1.004,0.915,1.102,1.004[0.915:1.102],0.933
378,UNC5C,0.904,0.783,1.045,0.904[0.783:1.045],0.173
379,CCBE1,1.127,1.023,1.241,1.127[1.023:1.241],0.015
380,LGALS4,0.871,0.731,1.036,0.871[0.731:1.036],0.119
381,PLCE1,1.03,0.863,1.229,1.03[0.863:1.229],0.747
382,CCR10,1.084,0.905,1.298,1.084[0.905:1.298],0.38
383,CEACAM7,0.941,0.876,1.01,0.941[0.876:1.01],0.093
384,NCAM1,0.974,0.858,1.106,0.974[0.858:1.106],0.687
385,SLC25A20,1.027,0.818,1.29,1.027[0.818:1.29],0.818
386,ARHGAP20,1.066,0.938,1.211,1.066[0.938:1.211],0.326
387,EPOP,1.144,0.974,1.345,1.144[0.974:1.345],0.101
388,KIF1A,1.079,0.981,1.186,1.079[0.981:1.186],0.117
389,PTPRH,1.028,0.869,1.216,1.028[0.869:1.216],0.746
390,LAMA1,1.092,0.955,1.248,1.092[0.955:1.248],0.199
391,PLCXD3,1.092,0.983,1.213,1.092[0.983:1.213],0.102
392,LINC02033,0.967,0.8,1.168,0.967[0.8:1.168],0.725
393,BEST2,0.943,0.875,1.017,0.943[0.875:1.017],0.127
394,B4GALT1.AS1,0.951,0.77,1.174,0.951[0.77:1.174],0.641
395,ADAMTS9.AS2,1.035,0.897,1.195,1.035[0.897:1.195],0.638
396,SLC36A1,1.12,0.912,1.376,1.12[0.912:1.376],0.278
397,EPCAM.DT,1.078,0.924,1.257,1.078[0.924:1.257],0.342
398,P2RX4,1.045,0.807,1.354,1.045[0.807:1.354],0.737
399,BAALC,1.066,0.921,1.233,1.066[0.921:1.233],0.394
400,SGK1,0.993,0.842,1.172,0.993[0.842:1.172],0.934
401,GDPD3,1.064,0.91,1.243,1.064[0.91:1.243],0.438
402,DPEP3,1.067,0.895,1.271,1.067[0.895:1.271],0.471
403,INA,1.015,0.903,1.14,1.015[0.903:1.14],0.804
404,SIM2,1.07,0.934,1.227,1.07[0.934:1.227],0.328
405,MYH11,1.06,0.969,1.16,1.06[0.969:1.16],0.205
406,SLC26A3,0.95,0.895,1.009,0.95[0.895:1.009],0.097
407,BTNL8,0.959,0.869,1.058,0.959[0.869:1.058],0.401
408,ASAP3,1.087,0.911,1.298,1.087[0.911:1.298],0.354
409,CLEC10A,0.943,0.842,1.056,0.943[0.842:1.056],0.311
410,DHRS9,1.005,0.923,1.095,1.005[0.923:1.095],0.906
411,AJUBA,1.144,0.935,1.399,1.144[0.935:1.399],0.191
412,IL6R.AS1,0.998,0.823,1.211,0.998[0.823:1.211],0.987
413,CASC19,1.023,0.895,1.169,1.023[0.895:1.169],0.74
414,MILIP,1.045,0.858,1.272,1.045[0.858:1.272],0.662
415,CASQ2,1.052,0.968,1.144,1.052[0.968:1.144],0.23
416,PLAC8,0.947,0.854,1.051,0.947[0.854:1.051],0.307
417,SCUBE2,1.05,0.918,1.201,1.05[0.918:1.201],0.475
418,CNTN4,1.04,0.911,1.188,1.04[0.911:1.188],0.561
419,B4GALNT2,0.946,0.887,1.009,0.946[0.887:1.009],0.093
420,SEC14L5,1.014,0.879,1.168,1.014[0.879:1.168],0.852
421,TRANK1,1.015,0.85,1.211,1.015[0.85:1.211],0.871
422,NIBAN1,1.043,0.913,1.192,1.043[0.913:1.192],0.537
423,TMEM35A,1.03,0.926,1.146,1.03[0.926:1.146],0.583
424,PTPRZ1,1.092,0.983,1.212,1.092[0.983:1.212],0.1
425,LINC00582,1.048,0.89,1.233,1.048[0.89:1.233],0.575
426,LPAR1,0.967,0.838,1.117,0.967[0.838:1.117],0.65
427,JAM2,1.041,0.907,1.194,1.041[0.907:1.194],0.569
428,CPNE5,1.037,0.869,1.239,1.037[0.869:1.239],0.685
429,GFI1B,0.993,0.871,1.132,0.993[0.871:1.132],0.917
430,TEF,1.17,0.948,1.443,1.17[0.948:1.443],0.143
431,ABHD3,0.973,0.805,1.175,0.973[0.805:1.175],0.774
432,TMEM179,1.069,0.955,1.196,1.069[0.955:1.196],0.248
433,RELL1,0.988,0.807,1.211,0.988[0.807:1.211],0.908
434,DIRAS2,1.17,1.027,1.332,1.17[1.027:1.332],0.018
435,LIPC,1.065,0.953,1.19,1.065[0.953:1.19],0.269
436,ENDOD1,1.059,0.851,1.318,1.059[0.851:1.318],0.606
437,CD36,1.107,0.981,1.248,1.107[0.981:1.248],0.098
438,CHODL,0.984,0.869,1.115,0.984[0.869:1.115],0.804
439,CLEC4G,1.062,0.94,1.201,1.062[0.94:1.201],0.333
440,ATP6V1G2,1.159,0.971,1.383,1.159[0.971:1.383],0.102
441,MT2A,1.083,0.928,1.265,1.083[0.928:1.265],0.312
442,ASPG,0.85,0.745,0.969,0.85[0.745:0.969],0.015
443,BMX,0.962,0.841,1.1,0.962[0.841:1.1],0.571
444,GLIPR2,0.977,0.818,1.169,0.977[0.818:1.169],0.802
445,SCIN,0.997,0.877,1.134,0.997[0.877:1.134],0.965
446,FAM181B,0.994,0.856,1.154,0.994[0.856:1.154],0.935
447,TCF21,0.999,0.869,1.148,0.999[0.869:1.148],0.992
448,GAP43,1.091,0.986,1.207,1.091[0.986:1.207],0.093
449,GFRA1,1.015,0.909,1.133,1.015[0.909:1.133],0.79
450,CAVIN2,1.035,0.912,1.175,1.035[0.912:1.175],0.593
451,LONRF2,1.075,0.979,1.181,1.075[0.979:1.181],0.131
452,TRPC7,1.072,0.925,1.243,1.072[0.925:1.243],0.356
453,SLC25A23,1.126,0.911,1.39,1.126[0.911:1.39],0.273
454,TCEAL2,1.092,0.998,1.195,1.092[0.998:1.195],0.056
455,RIC3,1.066,0.943,1.204,1.066[0.943:1.204],0.306
456,TRIM40,0.934,0.818,1.065,0.934[0.818:1.065],0.307
457,FCRL4,1.012,0.879,1.165,1.012[0.879:1.165],0.869
458,SQOR,0.978,0.785,1.217,0.978[0.785:1.217],0.839
459,PP7080,0.983,0.848,1.14,0.983[0.848:1.14],0.823
460,LRP8,1.054,0.876,1.267,1.054[0.876:1.267],0.578
461,SYNM,1.068,0.965,1.182,1.068[0.965:1.182],0.202
462,B3GALT1,0.948,0.869,1.035,0.948[0.869:1.035],0.232
463,PCOLCE2,1.157,1.061,1.262,1.157[1.061:1.262],9.5165e-04
464,RUNDC3B,1.015,0.891,1.155,1.015[0.891:1.155],0.825
465,DCLK1,1.058,0.946,1.185,1.058[0.946:1.185],0.322
466,IGHV3OR16.9,0.913,0.811,1.027,0.913[0.811:1.027],0.129
467,PDE7B,1.015,0.877,1.174,1.015[0.877:1.174],0.841
468,IGKV2.30,0.97,0.889,1.057,0.97[0.889:1.057],0.486
469,ACVRL1,0.964,0.8,1.161,0.964[0.8:1.161],0.699
470,PTH1R,1.283,1.117,1.474,1.283[1.117:1.474],4.279263e-04
471,DPF3,1.111,0.972,1.27,1.111[0.972:1.27],0.124
472,PINK1,1.062,0.856,1.318,1.062[0.856:1.318],0.583
473,CEACAM1,0.937,0.8,1.097,0.937[0.8:1.097],0.417
474,ATP2B2,1.11,0.941,1.31,1.11[0.941:1.31],0.214
475,B3GNT7,0.954,0.863,1.054,0.954[0.863:1.054],0.357
476,PLEKHN1,1.116,0.944,1.32,1.116[0.944:1.32],0.2
477,KCNK3,1.037,0.932,1.154,1.037[0.932:1.154],0.502
478,PKD1L2,1.115,0.964,1.29,1.115[0.964:1.29],0.142
479,HTR4,0.965,0.882,1.056,0.965[0.882:1.056],0.436
480,FMN2,1.032,0.933,1.141,1.032[0.933:1.141],0.539
481,VIT,0.986,0.869,1.119,0.986[0.869:1.119],0.828
482,JCHAIN,0.957,0.893,1.026,0.957[0.893:1.026],0.216
483,NR1H4,1.006,0.925,1.094,1.006[0.925:1.094],0.887
484,C15orf48,1.009,0.881,1.155,1.009[0.881:1.155],0.897
485,RNF112,1.188,1.025,1.379,1.188[1.025:1.379],0.023
486,FCER2,0.996,0.896,1.107,0.996[0.896:1.107],0.943
487,CLDN5,1.125,0.97,1.305,1.125[0.97:1.305],0.118
488,MYLK,1.045,0.918,1.19,1.045[0.918:1.19],0.502
489,PBLD,0.983,0.849,1.138,0.983[0.849:1.138],0.816
490,CASP7,1.008,0.82,1.239,1.008[0.82:1.239],0.94
491,LINC01082,0.913,0.81,1.03,0.913[0.81:1.03],0.138
492,CELF4,1.208,1.061,1.375,1.208[1.061:1.375],0.004
493,METTL24,1.008,0.886,1.147,1.008[0.886:1.147],0.906
494,B3GALT4,1.248,0.992,1.57,1.248[0.992:1.57],0.059
495,LMOD1,1.082,0.971,1.207,1.082[0.971:1.207],0.154
496,EYA2,1.035,0.93,1.15,1.035[0.93:1.15],0.53
497,FOLR2,1.081,0.949,1.231,1.081[0.949:1.231],0.243
498,IGKV1OR22.1,0.948,0.836,1.075,0.948[0.836:1.075],0.402
499,PDZRN4,1.057,0.959,1.165,1.057[0.959:1.165],0.262
500,SVOP,1.063,0.935,1.209,1.063[0.935:1.209],0.35
501,SLCO2A1,0.981,0.845,1.138,0.981[0.845:1.138],0.797
502,GSN,1.116,0.93,1.34,1.116[0.93:1.34],0.236
503,GRIA3,1.132,0.995,1.289,1.132[0.995:1.289],0.06
504,SRI,0.903,0.726,1.123,0.903[0.726:1.123],0.358
505,HAPLN1,0.928,0.818,1.054,0.928[0.818:1.054],0.249
506,GGTA1,1.022,0.894,1.169,1.022[0.894:1.169],0.748
507,FAM151A,0.944,0.787,1.131,0.944[0.787:1.131],0.531
508,IGKV1D.39,0.963,0.86,1.079,0.963[0.86:1.079],0.514
509,GCSAML,0.882,0.772,1.008,0.882[0.772:1.008],0.064
510,TNFRSF17,0.934,0.852,1.023,0.934[0.852:1.023],0.141
511,DNAI4,0.877,0.763,1.008,0.877[0.763:1.008],0.065
512,ABCA9,1.046,0.93,1.176,1.046[0.93:1.176],0.455
513,PRKCB,0.97,0.851,1.106,0.97[0.851:1.106],0.652
514,LINC00659,0.978,0.875,1.095,0.978[0.875:1.095],0.702
515,SCN4B,1.032,0.891,1.196,1.032[0.891:1.196],0.673
516,KIAA0513,1.019,0.863,1.202,1.019[0.863:1.202],0.828
517,GNG3,1.136,0.95,1.357,1.136[0.95:1.357],0.162
518,SCNN1G,1.031,0.94,1.131,1.031[0.94:1.131],0.511
519,DISP2,1.068,0.924,1.235,1.068[0.924:1.235],0.371
520,MIR22HG,1.015,0.838,1.23,1.015[0.838:1.23],0.875
521,IRAG2,1.018,0.893,1.16,1.018[0.893:1.16],0.793
522,CLIC5,0.962,0.821,1.127,0.962[0.821:1.127],0.628
523,VWC2,0.862,0.749,0.992,0.862[0.749:0.992],0.039
524,PXMP2,0.949,0.767,1.175,0.949[0.767:1.175],0.631
525,RCAN2,1.131,0.959,1.334,1.131[0.959:1.334],0.144
526,PGM1,1.008,0.815,1.247,1.008[0.815:1.247],0.94
527,CAND2,1.13,0.95,1.345,1.13[0.95:1.345],0.167
528,MIR3150BHG,0.978,0.853,1.123,0.978[0.853:1.123],0.756
529,GALNT16,1.033,0.921,1.158,1.033[0.921:1.158],0.58
530,SLC23A1,0.946,0.829,1.08,0.946[0.829:1.08],0.411
531,FOXF2.DT,0.919,0.767,1.102,0.919[0.767:1.102],0.362
532,PPP1R14A,1.115,0.946,1.315,1.115[0.946:1.315],0.195
533,ZBTB7B,1.154,0.915,1.456,1.154[0.915:1.456],0.227
534,ATP1B2,1.158,1.004,1.337,1.158[1.004:1.337],0.044
535,IGFBP6,1.113,0.955,1.296,1.113[0.955:1.296],0.17
536,ALKAL2,0.896,0.78,1.029,0.896[0.78:1.029],0.121
537,C1QTNF7,1.059,0.949,1.183,1.059[0.949:1.183],0.306
538,FAM187B2P,1.09,0.861,1.381,1.09[0.861:1.381],0.473
539,CDKL1,1.03,0.859,1.236,1.03[0.859:1.236],0.748
540,UGDH,1.025,0.852,1.233,1.025[0.852:1.233],0.792
541,MT1DP,1.031,0.878,1.21,1.031[0.878:1.21],0.709
542,LINC01537,1.098,0.93,1.296,1.098[0.93:1.296],0.269
543,VIP,1.013,0.931,1.102,1.013[0.931:1.102],0.767
544,LYPD8,0.951,0.881,1.027,0.951[0.881:1.027],0.204
545,KLHL35,1.166,1.002,1.356,1.166[1.002:1.356],0.047
546,TARID,1.021,0.875,1.193,1.021[0.875:1.193],0.788
547,ACAA2,0.907,0.751,1.096,0.907[0.751:1.096],0.313
548,ZZEF1,1.031,0.845,1.258,1.031[0.845:1.258],0.762
549,LINC02568,1.04,0.939,1.152,1.04[0.939:1.152],0.45
550,MMRN1,1.022,0.933,1.12,1.022[0.933:1.12],0.639
551,SPATA12,0.956,0.802,1.139,0.956[0.802:1.139],0.613
552,BTNL3,0.972,0.875,1.079,0.972[0.875:1.079],0.592
553,MT1X,1.022,0.882,1.185,1.022[0.882:1.185],0.771
554,CCDC152,0.957,0.842,1.089,0.957[0.842:1.089],0.504
555,CHP2,0.993,0.926,1.065,0.993[0.926:1.065],0.843
556,C1orf210,1.008,0.82,1.241,1.008[0.82:1.241],0.936
557,CES2,1.049,0.903,1.219,1.049[0.903:1.219],0.53
558,FOXF2,0.967,0.838,1.115,0.967[0.838:1.115],0.643
559,TDP2,1.038,0.855,1.259,1.038[0.855:1.259],0.708
560,PSD,1.107,0.956,1.282,1.107[0.956:1.282],0.174
561,CNNM4,1.106,0.884,1.382,1.106[0.884:1.382],0.378
562,SFTA1P,1.082,0.936,1.252,1.082[0.936:1.252],0.287
563,CD209,1,0.883,1.133,1[0.883:1.133],0.999
564,CHP1,1.127,0.882,1.439,1.127[0.882:1.439],0.339
565,SYNPO2,1.052,0.948,1.168,1.052[0.948:1.168],0.339
566,HOXD1,1.044,0.928,1.176,1.044[0.928:1.176],0.471
567,IGKV3OR2.268,1.009,0.908,1.12,1.009[0.908:1.12],0.871
568,CCL14,0.983,0.849,1.139,0.983[0.849:1.139],0.819
569,PTCHD1,1.04,0.938,1.153,1.04[0.938:1.153],0.46
570,PAPSS2,0.99,0.855,1.146,0.99[0.855:1.146],0.893
571,EIF4E3,0.955,0.807,1.131,0.955[0.807:1.131],0.596
572,SUGCT,1.045,0.893,1.221,1.045[0.893:1.221],0.585
573,SPPL2A,1.042,0.845,1.286,1.042[0.845:1.286],0.699
574,ACOX1,0.898,0.726,1.111,0.898[0.726:1.111],0.321
575,SALL4,1.101,0.978,1.24,1.101[0.978:1.24],0.111
576,SNAP25,1.09,0.975,1.218,1.09[0.975:1.218],0.13
577,PPP2R3A,1.05,0.899,1.227,1.05[0.899:1.227],0.537
578,TUBAL3,0.938,0.834,1.055,0.938[0.834:1.055],0.287
579,FLVCR2,1.054,0.9,1.234,1.054[0.9:1.234],0.518
580,SIGLEC11,1.091,0.943,1.263,1.091[0.943:1.263],0.242
581,LINC00460,1.026,0.93,1.132,1.026[0.93:1.132],0.61
582,HSPB8,1.085,0.962,1.224,1.085[0.962:1.224],0.181
583,EFHC2,0.966,0.854,1.094,0.966[0.854:1.094],0.589
584,C2CD4A,0.925,0.831,1.03,0.925[0.831:1.03],0.154
585,SEMA6A,0.964,0.856,1.084,0.964[0.856:1.084],0.539
586,SEZ6L,1.019,0.902,1.151,1.019[0.902:1.151],0.764
587,ITM2A,0.965,0.834,1.115,0.965[0.834:1.115],0.628
588,NEU4,0.927,0.826,1.039,0.927[0.826:1.039],0.192
589,AGTR1,1.022,0.927,1.127,1.022[0.927:1.127],0.658
590,CCNP,1.031,0.916,1.16,1.031[0.916:1.16],0.618
591,FAM163B,1.079,0.947,1.23,1.079[0.947:1.23],0.254
592,DNER,1.038,0.925,1.164,1.038[0.925:1.164],0.526
593,UNC80,1.147,0.981,1.342,1.147[0.981:1.342],0.086
594,CNTN1,1.056,0.958,1.165,1.056[0.958:1.165],0.274
595,SLIT3,1.086,0.958,1.23,1.086[0.958:1.23],0.198
596,PAMR1,1.063,0.876,1.289,1.063[0.876:1.289],0.535
597,CD1D,1.089,0.915,1.297,1.089[0.915:1.297],0.335
598,HBB,1.023,0.915,1.145,1.023[0.915:1.145],0.687
599,RHPN1,1.193,1.004,1.417,1.193[1.004:1.417],0.045
600,KCNMA1,1.045,0.935,1.168,1.045[0.935:1.168],0.441
601,ARHGAP44,0.936,0.813,1.076,0.936[0.813:1.076],0.353
602,CFP,0.983,0.83,1.164,0.983[0.83:1.164],0.841
603,STAB2,1.065,0.916,1.238,1.065[0.916:1.238],0.416
604,ENTREP1,0.969,0.845,1.111,0.969[0.845:1.111],0.651
605,CST2,1.101,0.987,1.227,1.101[0.987:1.227],0.084
606,CORO2B,1.111,0.964,1.281,1.111[0.964:1.281],0.146
607,COL10A1,1.055,0.977,1.139,1.055[0.977:1.139],0.171
608,VXN,1.003,0.845,1.191,1.003[0.845:1.191],0.973
609,MCIDAS,1.106,0.956,1.28,1.106[0.956:1.28],0.174
610,MAPK10,1.042,0.896,1.213,1.042[0.896:1.213],0.592
611,XDH,0.925,0.814,1.051,0.925[0.814:1.051],0.23
612,BEND5,1.017,0.878,1.178,1.017[0.878:1.178],0.82
613,CHGB,1.036,0.945,1.135,1.036[0.945:1.135],0.453
614,HHLA2,0.96,0.867,1.064,0.96[0.867:1.064],0.437
615,TST,0.975,0.802,1.186,0.975[0.802:1.186],0.801
616,SCUBE1,0.959,0.838,1.097,0.959[0.838:1.097],0.54
617,ABCA6,1.055,0.935,1.19,1.055[0.935:1.19],0.383
618,MSX2,0.996,0.893,1.111,0.996[0.893:1.111],0.945
619,GRIN3A,0.93,0.776,1.116,0.93[0.776:1.116],0.438
620,LHFPL4,1.033,0.941,1.135,1.033[0.941:1.135],0.496
621,TRPV3,1.094,0.971,1.232,1.094[0.971:1.232],0.139
622,GNG13,1.059,0.932,1.202,1.059[0.932:1.202],0.379
623,ZBTB16,1.046,0.951,1.15,1.046[0.951:1.15],0.356
624,GRIK5,1.164,1.022,1.325,1.164[1.022:1.325],0.022
625,GRIA4,0.952,0.835,1.084,0.952[0.835:1.084],0.455
626,PGM5,1.128,1.017,1.252,1.128[1.017:1.252],0.023
627,MYPN,0.896,0.787,1.02,0.896[0.787:1.02],0.098
628,MOCS1,1.172,0.995,1.38,1.172[0.995:1.38],0.058
629,PHF24,1.099,0.948,1.273,1.099[0.948:1.273],0.21
630,CLDN2,0.996,0.923,1.075,0.996[0.923:1.075],0.919
631,FNDC9,1.062,0.886,1.271,1.062[0.886:1.271],0.517
632,FSIP2,1.026,0.923,1.141,1.026[0.923:1.141],0.628
633,SSTR3,1.021,0.882,1.181,1.021[0.882:1.181],0.781
634,IGSF10,1.022,0.914,1.142,1.022[0.914:1.142],0.703
635,VAT1L,0.963,0.834,1.112,0.963[0.834:1.112],0.608
636,TLR3,0.986,0.846,1.148,0.986[0.846:1.148],0.855
637,TMIGD3,1.174,1.01,1.365,1.174[1.01:1.365],0.037
638,ITGA8,0.954,0.819,1.11,0.954[0.819:1.11],0.541
639,SYP,1.102,0.94,1.292,1.102[0.94:1.292],0.232
640,RMDN2,0.978,0.833,1.147,0.978[0.833:1.147],0.782
641,SLIT3.AS2,0.996,0.87,1.14,0.996[0.87:1.14],0.95
642,GPM6B,1.041,0.9,1.203,1.041[0.9:1.203],0.59
643,KCNN3,1.01,0.862,1.184,1.01[0.862:1.184],0.899
644,CPNE8,0.992,0.862,1.141,0.992[0.862:1.141],0.908
645,KCNG3,1.087,0.956,1.236,1.087[0.956:1.236],0.202
646,TMOD1,1.052,0.929,1.19,1.052[0.929:1.19],0.425
647,TM6SF2,1.025,0.903,1.163,1.025[0.903:1.163],0.707
648,PEG3,0.994,0.874,1.131,0.994[0.874:1.131],0.925
649,GRIK1,0.967,0.824,1.135,0.967[0.824:1.135],0.679
650,SYNPO,1.134,0.944,1.361,1.134[0.944:1.361],0.178
651,LGI4,1.12,0.976,1.285,1.12[0.976:1.285],0.108
652,TRIM29,1.02,0.904,1.152,1.02[0.904:1.152],0.744
653,CCNO,1.18,0.982,1.419,1.18[0.982:1.419],0.077
654,DIRAS1,1.117,0.981,1.271,1.117[0.981:1.271],0.096
655,RASD2,1.047,0.912,1.202,1.047[0.912:1.202],0.517
656,CNTNAP3,1.05,0.922,1.197,1.05[0.922:1.197],0.463
657,PDCD4.AS1,1.118,0.884,1.413,1.118[0.884:1.413],0.352
658,CCDC68,0.922,0.797,1.067,0.922[0.797:1.067],0.278
659,SFTA2,1.077,0.985,1.178,1.077[0.985:1.178],0.104
660,MTHFD1L,1.089,0.861,1.377,1.089[0.861:1.377],0.475
661,SIAE,0.958,0.785,1.17,0.958[0.785:1.17],0.676
662,SEZ6,1.147,1.003,1.312,1.147[1.003:1.312],0.045
663,SLC7A5,1.169,0.98,1.394,1.169[0.98:1.394],0.082
664,IGHA2,0.981,0.92,1.047,0.981[0.92:1.047],0.566
665,MIER3,1.029,0.865,1.223,1.029[0.865:1.223],0.749
666,TESK2,1.034,0.818,1.306,1.034[0.818:1.306],0.781
667,FUT1,1.234,1.021,1.491,1.234[1.021:1.491],0.03
668,LINC02057,1.007,0.887,1.143,1.007[0.887:1.143],0.918
669,RGS9,1.063,0.92,1.229,1.063[0.92:1.229],0.405
670,IQCN,1.029,0.884,1.197,1.029[0.884:1.197],0.713
671,KLRF1,0.986,0.851,1.143,0.986[0.851:1.143],0.85
672,WDR17,1.071,0.962,1.192,1.071[0.962:1.192],0.213
673,DIRC3,1.038,0.89,1.21,1.038[0.89:1.21],0.638
674,ENTPD8,0.993,0.886,1.113,0.993[0.886:1.113],0.899
675,SLC8A3,0.911,0.778,1.066,0.911[0.778:1.066],0.246
676,CDC14A,0.971,0.818,1.153,0.971[0.818:1.153],0.737
677,LRRC19,0.93,0.847,1.021,0.93[0.847:1.021],0.127
678,LMO3,1.054,0.953,1.165,1.054[0.953:1.165],0.305
679,SULT1B1,0.898,0.813,0.993,0.898[0.813:0.993],0.035
680,PTGER4,0.992,0.829,1.188,0.992[0.829:1.188],0.932
681,AKR1B10,0.969,0.895,1.049,0.969[0.895:1.049],0.434
682,CHL1,0.994,0.898,1.101,0.994[0.898:1.101],0.908
683,LINC01475,1.052,0.899,1.229,1.052[0.899:1.229],0.529
684,MBNL1.AS1,1.038,0.895,1.204,1.038[0.895:1.204],0.623
685,HSPB6,1.061,0.967,1.164,1.061[0.967:1.164],0.213
686,C1QTNF2,0.985,0.825,1.176,0.985[0.825:1.176],0.866
687,MAOA,0.992,0.866,1.136,0.992[0.866:1.136],0.903
688,ADAMTS9.AS1,1.037,0.926,1.162,1.037[0.926:1.162],0.529
689,CRNDE,1.086,0.962,1.227,1.086[0.962:1.227],0.182
690,SGCA,1.087,0.971,1.217,1.087[0.971:1.217],0.148
691,ADRB2,1.061,0.918,1.226,1.061[0.918:1.226],0.422
692,TTLL6,1.003,0.886,1.134,1.003[0.886:1.134],0.968
693,SLC2A13,0.983,0.826,1.171,0.983[0.826:1.171],0.851
694,HTR3A,0.987,0.877,1.112,0.987[0.877:1.112],0.831
695,PLPP3,1.064,0.872,1.299,1.064[0.872:1.299],0.539
696,LUZP2,1.014,0.903,1.14,1.014[0.903:1.14],0.81
697,SNCG,1.19,1.026,1.38,1.19[1.026:1.38],0.021
698,PAQR5,0.982,0.846,1.141,0.982[0.846:1.141],0.816
699,MPC1,0.857,0.676,1.087,0.857[0.676:1.087],0.202
700,MIR497HG,1.126,0.96,1.32,1.126[0.96:1.32],0.145
701,STRA6,1.033,0.933,1.145,1.033[0.933:1.145],0.531
702,ADGRL3,0.977,0.877,1.089,0.977[0.877:1.089],0.674
703,GDF15,0.893,0.76,1.049,0.893[0.76:1.049],0.168
704,LINC00940,0.982,0.874,1.103,0.982[0.874:1.103],0.758
705,BCAR3,1.018,0.82,1.263,1.018[0.82:1.263],0.874
706,SMIM14,1.004,0.847,1.191,1.004[0.847:1.191],0.961
707,ADAMTSL3,1.061,0.953,1.181,1.061[0.953:1.181],0.282
708,GPD1L,0.993,0.806,1.223,0.993[0.806:1.223],0.947
709,RHEX,0.989,0.876,1.115,0.989[0.876:1.115],0.851
710,GYPC,1.089,0.914,1.297,1.089[0.914:1.297],0.342
711,UGT2A3,0.928,0.866,0.995,0.928[0.866:0.995],0.036
712,IGKV1.39,0.977,0.888,1.076,0.977[0.888:1.076],0.637
713,SIGLEC6,0.977,0.862,1.106,0.977[0.862:1.106],0.708
714,NOTUM,1.029,0.966,1.097,1.029[0.966:1.097],0.376
715,MXI1,1.089,0.888,1.335,1.089[0.888:1.335],0.413
716,BMP2,1.039,0.888,1.216,1.039[0.888:1.216],0.634
717,CCL28,0.888,0.781,1.01,0.888[0.781:1.01],0.071
718,C8orf88,1.061,0.927,1.214,1.061[0.927:1.214],0.392
719,CP,1.019,0.923,1.124,1.019[0.923:1.124],0.715
720,CFAP92,1.024,0.869,1.206,1.024[0.869:1.206],0.779
721,SLC2A9.AS1,0.969,0.799,1.176,0.969[0.799:1.176],0.751
722,TACR2,1.052,0.94,1.176,1.052[0.94:1.176],0.379
723,HRCT1,0.942,0.829,1.072,0.942[0.829:1.072],0.366
724,LINC02418,0.97,0.917,1.027,0.97[0.917:1.027],0.302
725,IGKV1OR2.6,0.908,0.811,1.017,0.908[0.811:1.017],0.095
726,NDRG2,1.022,0.834,1.253,1.022[0.834:1.253],0.832
727,GRAMD2B,0.995,0.828,1.197,0.995[0.828:1.197],0.958
728,HTR1D,0.996,0.892,1.112,0.996[0.892:1.112],0.945
729,C4orf19,0.907,0.766,1.073,0.907[0.766:1.073],0.255
730,OPN3,1.013,0.837,1.227,1.013[0.837:1.227],0.893
731,NIHCOLE,1.061,0.95,1.185,1.061[0.95:1.185],0.296
732,ACACB,1.188,1,1.411,1.188[1:1.411],0.05
733,IGHV6.1,0.932,0.847,1.026,0.932[0.847:1.026],0.153
734,CPT1A,1.033,0.816,1.308,1.033[0.816:1.308],0.787
735,HAND2,1.076,0.982,1.179,1.076[0.982:1.179],0.118
736,CEND1,1.13,0.958,1.331,1.13[0.958:1.331],0.146
737,CYP2B7P,1.019,0.901,1.153,1.019[0.901:1.153],0.759
738,DSCAML1,0.995,0.887,1.116,0.995[0.887:1.116],0.931
739,DAAM2,1.051,0.9,1.227,1.051[0.9:1.227],0.529
740,IGKV1.12,1.005,0.916,1.103,1.005[0.916:1.103],0.912
741,DTNB.AS1,0.96,0.834,1.105,0.96[0.834:1.105],0.57
742,F13A1,1.065,0.961,1.179,1.065[0.961:1.179],0.229
743,RELN,0.978,0.885,1.081,0.978[0.885:1.081],0.666
744,NTRK3,1.058,0.95,1.179,1.058[0.95:1.179],0.304
745,ATP6V0D1,1.045,0.781,1.398,1.045[0.781:1.398],0.767
746,CNN1,1.087,0.982,1.202,1.087[0.982:1.202],0.106
747,RBKS,0.999,0.793,1.258,0.999[0.793:1.258],0.99
748,BMP6,1.021,0.891,1.171,1.021[0.891:1.171],0.763
749,KCNMB1,1.067,0.946,1.203,1.067[0.946:1.203],0.29
750,AOC1,0.929,0.796,1.084,0.929[0.796:1.084],0.347
751,CSRP1,1.07,0.857,1.337,1.07[0.857:1.337],0.548
752,LINC02038,1.026,0.87,1.21,1.026[0.87:1.21],0.759
753,GPER1,1.09,0.947,1.254,1.09[0.947:1.254],0.23
754,GRIA1,1.023,0.881,1.187,1.023[0.881:1.187],0.764
755,SLC30A4,1.066,0.883,1.286,1.066[0.883:1.286],0.508
756,JDP2.AS1,1.05,0.874,1.26,1.05[0.874:1.26],0.603
757,ATP13A4,0.931,0.83,1.046,0.931[0.83:1.046],0.228
758,DHDDS,1.005,0.788,1.282,1.005[0.788:1.282],0.969
759,CYP1B1.AS1,1.13,0.958,1.334,1.13[0.958:1.334],0.147
760,GPR88,0.924,0.786,1.087,0.924[0.786:1.087],0.34
761,S100B,0.931,0.807,1.074,0.931[0.807:1.074],0.326
762,LINC01140,1.134,0.977,1.317,1.134[0.977:1.317],0.099
763,MPEG1,0.99,0.866,1.132,0.99[0.866:1.132],0.881
764,CCDC13,1.046,0.869,1.26,1.046[0.869:1.26],0.633
765,LINC02292,0.968,0.818,1.145,0.968[0.818:1.145],0.703
766,POU3F3,1.148,1.011,1.303,1.148[1.011:1.303],0.033
767,FNBP1,1.16,0.973,1.383,1.16[0.973:1.383],0.098
768,SLC35F1,1.054,0.905,1.227,1.054[0.905:1.227],0.498
769,CNTN3,0.958,0.874,1.049,0.958[0.874:1.049],0.354
770,RBFOX3,1.052,0.94,1.176,1.052[0.94:1.176],0.378
771,FMO5,0.954,0.821,1.107,0.954[0.821:1.107],0.533
772,MYOCD,0.989,0.883,1.107,0.989[0.883:1.107],0.846
773,IGHJ3P,0.951,0.845,1.071,0.951[0.845:1.071],0.407
774,IGHV3OR16.17,1.001,0.894,1.122,1.001[0.894:1.122],0.982
775,HAGHL,1.191,1.014,1.399,1.191[1.014:1.399],0.033
776,SVOPL,1.036,0.938,1.143,1.036[0.938:1.143],0.487
777,SCGB2A1,0.918,0.828,1.018,0.918[0.828:1.018],0.104
778,SYNGR1,1.084,0.941,1.248,1.084[0.941:1.248],0.266
779,TENT5C,0.961,0.834,1.108,0.961[0.834:1.108],0.584
780,FJX1,1.331,1.101,1.609,1.331[1.101:1.609],0.003
781,PTPN21,1.074,0.872,1.324,1.074[0.872:1.324],0.501
782,CYP11A1,1.204,1.04,1.394,1.204[1.04:1.394],0.013
783,ABCC8,1.022,0.896,1.166,1.022[0.896:1.166],0.744
784,LIFR.AS1,1.033,0.87,1.226,1.033[0.87:1.226],0.709
785,CRACD,0.965,0.836,1.113,0.965[0.836:1.113],0.621
786,AP3S2,1.181,0.923,1.511,1.181[0.923:1.511],0.185
787,UGT1A1,1.021,0.926,1.126,1.021[0.926:1.126],0.682
788,FBLIM1,1.108,0.883,1.389,1.108[0.883:1.389],0.376
789,WSCD2,1.074,0.963,1.199,1.074[0.963:1.199],0.198
790,NDN,1.091,0.931,1.279,1.091[0.931:1.279],0.28
791,EDIL3,0.979,0.85,1.128,0.979[0.85:1.128],0.774
792,HMOX1,1.034,0.863,1.239,1.034[0.863:1.239],0.717
793,CBX7,1.202,0.993,1.455,1.202[0.993:1.455],0.059
794,ACTG2,1.041,0.937,1.157,1.041[0.937:1.157],0.453
795,TMEM255A,0.993,0.868,1.135,0.993[0.868:1.135],0.916
796,GNG2,0.997,0.852,1.167,0.997[0.852:1.167],0.971
797,HIGD1A,0.911,0.772,1.074,0.911[0.772:1.074],0.266
798,TCN2,1.132,0.946,1.353,1.132[0.946:1.353],0.175
799,UNC5C.AS1,1.1,0.924,1.308,1.1[0.924:1.308],0.284
800,CPT2,0.896,0.736,1.091,0.896[0.736:1.091],0.276
801,ATP8B1,0.965,0.802,1.16,0.965[0.802:1.16],0.702
802,FMO4,1.105,0.928,1.315,1.105[0.928:1.315],0.264
803,CREB3L3,0.984,0.883,1.096,0.984[0.883:1.096],0.767
804,SHISAL1,0.99,0.881,1.113,0.99[0.881:1.113],0.871
805,SSBP2,0.951,0.816,1.107,0.951[0.816:1.107],0.515
806,TDRD10,1.097,0.93,1.295,1.097[0.93:1.295],0.271
807,TLL1,1.081,0.968,1.206,1.081[0.968:1.206],0.166
808,KCNIP4,1.039,0.872,1.237,1.039[0.872:1.237],0.67
809,ZNF835,0.985,0.844,1.151,0.985[0.844:1.151],0.853
810,CGREF1,1.062,0.919,1.226,1.062[0.919:1.226],0.415
811,SH2D6,1.074,0.95,1.213,1.074[0.95:1.213],0.255
812,CNKSR2,1.035,0.92,1.166,1.035[0.92:1.166],0.564
813,BCAS1,0.936,0.837,1.047,0.936[0.837:1.047],0.248
814,LGALS2,0.912,0.817,1.018,0.912[0.817:1.018],0.1
815,FCER1A,0.943,0.837,1.063,0.943[0.837:1.063],0.339
816,ACAN,1.067,0.925,1.229,1.067[0.925:1.229],0.374
817,PGR,1.061,0.938,1.199,1.061[0.938:1.199],0.346
818,TRPC7.AS1,0.984,0.857,1.129,0.984[0.857:1.129],0.816
819,ARL14,0.977,0.859,1.111,0.977[0.859:1.111],0.725
820,PCK1,0.963,0.869,1.067,0.963[0.869:1.067],0.469
821,RAB27A,1.012,0.84,1.22,1.012[0.84:1.22],0.899
822,LGALS9C,0.981,0.892,1.079,0.981[0.892:1.079],0.696
823,CAPN5,1.013,0.828,1.24,1.013[0.828:1.24],0.898
824,KCNQ5,1.104,0.976,1.248,1.104[0.976:1.248],0.114
825,SMIM6,0.984,0.83,1.168,0.984[0.83:1.168],0.857
826,NUGGC,0.954,0.848,1.074,0.954[0.848:1.074],0.438
827,PLCG2,1.146,0.988,1.33,1.146[0.988:1.33],0.073
828,PRDX6,1.078,0.86,1.35,1.078[0.86:1.35],0.514
829,ADAMTSL1,1.059,0.929,1.207,1.059[0.929:1.207],0.394
830,ZER1,1.197,0.937,1.529,1.197[0.937:1.529],0.15
831,PIGCP1,1.079,0.875,1.33,1.079[0.875:1.33],0.478
832,GIMAP1,1.102,0.934,1.301,1.102[0.934:1.301],0.25
833,APOBEC3A,1,0.887,1.127,1[0.887:1.127],0.999
834,TTC23.AS1,1.068,0.936,1.218,1.068[0.936:1.218],0.327
835,SCN3A,0.94,0.833,1.062,0.94[0.833:1.062],0.321
836,CHRDL1,1.053,0.972,1.141,1.053[0.972:1.141],0.206
837,RCSD1,1.041,0.887,1.222,1.041[0.887:1.222],0.622
838,RGS13,0.918,0.818,1.031,0.918[0.818:1.031],0.148
839,CLU,1.125,0.996,1.271,1.125[0.996:1.271],0.058
840,SLC5A11,1.132,0.99,1.295,1.132[0.99:1.295],0.069
841,CCDC158,0.977,0.835,1.144,0.977[0.835:1.144],0.775
842,TLCD2,1.14,0.934,1.391,1.14[0.934:1.391],0.197
843,NTNG1,1.133,1.001,1.282,1.133[1.001:1.282],0.049
844,IGFL4,1.048,0.952,1.153,1.048[0.952:1.153],0.342
845,MXD1,0.983,0.821,1.176,0.983[0.821:1.176],0.848
846,RSPO1,1.095,0.964,1.245,1.095[0.964:1.245],0.163
847,KCNA3,0.987,0.878,1.11,0.987[0.878:1.11],0.829
848,JPH3,1.202,1.039,1.39,1.202[1.039:1.39],0.014
849,HMCN2,0.988,0.875,1.116,0.988[0.875:1.116],0.852
850,CYP4B1,0.998,0.879,1.133,0.998[0.879:1.133],0.975
851,LINC01135,1.061,0.88,1.279,1.061[0.88:1.279],0.536
852,PTX3,1.002,0.864,1.163,1.002[0.864:1.163],0.976
853,KIF5C,1.053,0.912,1.218,1.053[0.912:1.218],0.481
854,B3GALT5,1.017,0.922,1.122,1.017[0.922:1.122],0.739
855,NACAD,1.256,1.072,1.472,1.256[1.072:1.472],0.005
856,CILP,1.095,1.012,1.185,1.095[1.012:1.185],0.023
857,LYNX1,1.084,0.957,1.227,1.084[0.957:1.227],0.205
858,ATRNL1,1.015,0.901,1.144,1.015[0.901:1.144],0.807
859,FABP2,0.969,0.895,1.049,0.969[0.895:1.049],0.435
860,RNF150,1.072,0.959,1.198,1.072[0.959:1.198],0.219
861,CA12,1.053,0.934,1.187,1.053[0.934:1.187],0.399
862,SEMA3D,1.067,0.969,1.175,1.067[0.969:1.175],0.186
863,PPP1R1A,1.142,1.034,1.26,1.142[1.034:1.26],0.009
864,VWA2,1.028,0.899,1.176,1.028[0.899:1.176],0.685
865,IGHV3.52,0.89,0.791,1.001,0.89[0.791:1.001],0.053
866,PVT1,1.167,0.963,1.416,1.167[0.963:1.416],0.115
867,LINC01081,0.923,0.751,1.133,0.923[0.751:1.133],0.442
868,SLC2A4,1.006,0.866,1.169,1.006[0.866:1.169],0.934
869,ZNF229,1.053,0.916,1.211,1.053[0.916:1.211],0.465
870,MOB3B,0.992,0.831,1.184,0.992[0.831:1.184],0.929
871,UBE2FP1,1.052,0.887,1.247,1.052[0.887:1.247],0.562
872,CADM3.AS1,1.037,0.92,1.169,1.037[0.92:1.169],0.551
873,MGLL,1.119,0.912,1.374,1.119[0.912:1.374],0.281
874,NFE2L3,0.964,0.787,1.181,0.964[0.787:1.181],0.721
875,STYK1,1.074,0.902,1.278,1.074[0.902:1.278],0.421
876,GPA33,0.94,0.812,1.088,0.94[0.812:1.088],0.405
877,ECI2.DT,1.077,0.901,1.287,1.077[0.901:1.287],0.414
878,IGLV1.50,0.892,0.791,1.006,0.892[0.791:1.006],0.062
879,STUM,1.068,0.983,1.16,1.068[0.983:1.16],0.122
880,IGKV1OR22.5,1.005,0.871,1.159,1.005[0.871:1.159],0.949
881,APLN,1.064,0.906,1.25,1.064[0.906:1.25],0.451
882,CBX2,1.037,0.904,1.19,1.037[0.904:1.19],0.602
883,MFAP4,1.028,0.912,1.159,1.028[0.912:1.159],0.647
884,IRF4,0.967,0.865,1.081,0.967[0.865:1.081],0.555
885,HAGLR,1.03,0.92,1.155,1.03[0.92:1.155],0.606
886,VIPR1,0.961,0.812,1.138,0.961[0.812:1.138],0.647
887,SLC22A17,1.157,0.981,1.364,1.157[0.981:1.364],0.084
888,FGF14.AS2,1.112,0.96,1.289,1.112[0.96:1.289],0.157
889,OLFM1,1.015,0.887,1.161,1.015[0.887:1.161],0.831
890,PTGDR,0.983,0.891,1.084,0.983[0.891:1.084],0.733
891,ARHGEF37,1.072,0.894,1.285,1.072[0.894:1.285],0.456
892,IL16,1.044,0.898,1.213,1.044[0.898:1.213],0.574
893,SIGLEC8,1.067,0.941,1.212,1.067[0.941:1.212],0.312
894,AARD,0.982,0.842,1.145,0.982[0.842:1.145],0.813
895,KIF5A,1.026,0.917,1.149,1.026[0.917:1.149],0.65
896,MT1E,1.034,0.93,1.15,1.034[0.93:1.15],0.537
897,IGHV3.63,1,0.896,1.115,1[0.896:1.115],0.996
898,PCP4L1,0.998,0.892,1.117,0.998[0.892:1.117],0.977
899,MOGAT2,0.955,0.875,1.041,0.955[0.875:1.041],0.292
900,CD79B,1.024,0.892,1.176,1.024[0.892:1.176],0.734
901,SPTBN2,1.107,0.934,1.312,1.107[0.934:1.312],0.239
902,FABP4,1.115,1.035,1.201,1.115[1.035:1.201],0.004
903,LRRN4CL,0.989,0.845,1.157,0.989[0.845:1.157],0.886
904,TRIM9,1.071,0.957,1.199,1.071[0.957:1.199],0.231
905,RBM20,1.071,0.938,1.221,1.071[0.938:1.221],0.311
906,ANKRD33B,1.044,0.906,1.205,1.044[0.906:1.205],0.55
907,MAPK15,1.161,1.034,1.304,1.161[1.034:1.304],0.011
908,ENTPD3,0.953,0.85,1.069,0.953[0.85:1.069],0.409
909,LY9,1.013,0.894,1.147,1.013[0.894:1.147],0.845
910,SELENBP1,0.975,0.862,1.103,0.975[0.862:1.103],0.689
911,IGKV1OR2.108,0.967,0.88,1.063,0.967[0.88:1.063],0.489
912,NWD2,1.043,0.924,1.177,1.043[0.924:1.177],0.498
913,FRMD3,1.101,0.956,1.267,1.101[0.956:1.267],0.18
914,SHE,1.042,0.901,1.207,1.042[0.901:1.207],0.577
915,FCRLA,0.952,0.855,1.061,0.952[0.855:1.061],0.372
916,GPR37L1,1.028,0.866,1.22,1.028[0.866:1.22],0.751
917,SHISA3,1.06,0.957,1.175,1.06[0.957:1.175],0.265
918,ATP2A3,0.913,0.78,1.069,0.913[0.78:1.069],0.259
919,IQANK1,1.167,0.972,1.4,1.167[0.972:1.4],0.098
920,KCNC1,0.992,0.831,1.183,0.992[0.831:1.183],0.925
921,TEAD4,1.184,0.932,1.505,1.184[0.932:1.505],0.166
922,FGFR2,1.021,0.904,1.153,1.021[0.904:1.153],0.741
923,SLC22A23,1.156,0.947,1.409,1.156[0.947:1.409],0.154
924,CBY2,1.076,0.969,1.193,1.076[0.969:1.193],0.17
925,KCNK2,1.112,0.995,1.242,1.112[0.995:1.242],0.06
926,ADCY9,1.132,0.927,1.383,1.132[0.927:1.383],0.222
927,LRAT,1.163,1.019,1.326,1.163[1.019:1.326],0.025
928,IGHV3OR16.8,0.938,0.835,1.053,0.938[0.835:1.053],0.278
929,PPP1R12B,1.029,0.889,1.191,1.029[0.889:1.191],0.7
930,PAG1,1.065,0.907,1.249,1.065[0.907:1.249],0.443
931,TESC,1.002,0.897,1.119,1.002[0.897:1.119],0.974
932,ANKRD35,1.03,0.878,1.208,1.03[0.878:1.208],0.72
933,CLCA4.AS1,0.889,0.738,1.071,0.889[0.738:1.071],0.217
934,MYL9,1.1,0.958,1.264,1.1[0.958:1.264],0.176
935,TMEM130,1.096,0.969,1.239,1.096[0.969:1.239],0.143
936,SLC9A3,0.985,0.906,1.07,0.985[0.906:1.07],0.722
937,TMEM108,1.093,0.93,1.286,1.093[0.93:1.286],0.279
938,RPL10L,0.963,0.853,1.087,0.963[0.853:1.087],0.543
939,CRYAB,1.161,1.009,1.337,1.161[1.009:1.337],0.038
940,BEX4,1.048,0.911,1.204,1.048[0.911:1.204],0.514
941,CHRM2,1.023,0.946,1.107,1.023[0.946:1.107],0.564
942,PRSS36,1.105,0.896,1.361,1.105[0.896:1.361],0.352
943,MARCHF8,1.122,0.908,1.387,1.122[0.908:1.387],0.285
944,CCR2,0.99,0.883,1.11,0.99[0.883:1.11],0.86
945,NPR1,1.159,0.99,1.357,1.159[0.99:1.357],0.066
946,KLRB1,0.936,0.816,1.074,0.936[0.816:1.074],0.348
947,PDE1C,0.966,0.823,1.133,0.966[0.823:1.133],0.668
948,NLRP7,0.902,0.785,1.037,0.902[0.785:1.037],0.146
949,PRKAR2B,0.982,0.861,1.121,0.982[0.861:1.121],0.791
950,KRT20,0.976,0.883,1.078,0.976[0.883:1.078],0.633
951,CLXN,1.184,0.989,1.417,1.184[0.989:1.417],0.066
952,CLDN7,1.049,0.824,1.336,1.049[0.824:1.336],0.698
953,IGSF9,1.246,1.047,1.482,1.246[1.047:1.482],0.013
954,RIOK3,1.108,0.906,1.354,1.108[0.906:1.354],0.317
955,ANK3,1.026,0.871,1.209,1.026[0.871:1.209],0.755
956,ACAT1,1.002,0.815,1.233,1.002[0.815:1.233],0.981
957,TNFRSF12A,1.053,0.872,1.272,1.053[0.872:1.272],0.591
958,JPH2,1.114,0.991,1.252,1.114[0.991:1.252],0.071
959,REP15,0.924,0.837,1.019,0.924[0.837:1.019],0.115
960,BLK,0.989,0.891,1.097,0.989[0.891:1.097],0.831
961,SLC10A4,1.09,0.939,1.264,1.09[0.939:1.264],0.257
962,VPREB3,1.064,0.936,1.21,1.064[0.936:1.21],0.342
963,MMP11,1.073,0.953,1.207,1.073[0.953:1.207],0.244
964,SETBP1,1.061,0.925,1.218,1.061[0.925:1.218],0.395
965,KLC3,1.118,0.999,1.252,1.118[0.999:1.252],0.052
966,TRIP13,1.084,0.865,1.358,1.084[0.865:1.358],0.485
967,PDLIM2,1.122,0.897,1.404,1.122[0.897:1.404],0.313
968,REEP2,1.13,0.977,1.307,1.13[0.977:1.307],0.099
969,CES3,1.011,0.898,1.14,1.011[0.898:1.14],0.852
970,ZIK1,1.016,0.854,1.209,1.016[0.854:1.209],0.856
971,TMEM238L,0.944,0.831,1.072,0.944[0.831:1.072],0.376
972,CPED1,1.039,0.909,1.188,1.039[0.909:1.188],0.574
973,EVA1A,0.97,0.849,1.108,0.97[0.849:1.108],0.655
974,IGKV6D.21,0.919,0.836,1.011,0.919[0.836:1.011],0.084
975,CLDN11,1.135,1.009,1.276,1.135[1.009:1.276],0.035
976,IGLV7.43,0.925,0.857,0.999,0.925[0.857:0.999],0.047
977,GALNT12,1.061,0.874,1.289,1.061[0.874:1.289],0.549
978,MFSD4A,0.966,0.831,1.124,0.966[0.831:1.124],0.658
979,NEURL1B,0.957,0.801,1.144,0.957[0.801:1.144],0.632
980,BVES,1.059,0.918,1.221,1.059[0.918:1.221],0.432
981,RGMA,1.06,0.943,1.19,1.06[0.943:1.19],0.33
982,FAM163A,0.991,0.858,1.144,0.991[0.858:1.144],0.901
983,IGHV3OR15.7,0.944,0.846,1.054,0.944[0.846:1.054],0.309
984,FAM218A,1.038,0.9,1.196,1.038[0.9:1.196],0.61
985,MBOAT1,1.194,0.934,1.525,1.194[0.934:1.525],0.157
986,DPEP1,1.003,0.925,1.087,1.003[0.925:1.087],0.949
987,MYO1A,0.975,0.846,1.123,0.975[0.846:1.123],0.725
988,SEC14L6,1.16,0.998,1.347,1.16[0.998:1.347],0.053
989,COL4A6,0.93,0.838,1.032,0.93[0.838:1.032],0.173
990,DENND2A,0.91,0.761,1.087,0.91[0.761:1.087],0.298
991,TP53I3,0.986,0.784,1.24,0.986[0.784:1.24],0.906
992,MAB21L2,1.087,0.968,1.22,1.087[0.968:1.22],0.159
993,ZNF671,1.122,0.945,1.332,1.122[0.945:1.332],0.188
994,CIPC,1.101,0.889,1.363,1.101[0.889:1.363],0.378
995,EGFL6,0.958,0.834,1.101,0.958[0.834:1.101],0.546
996,IGHV3.60,0.934,0.825,1.056,0.934[0.825:1.056],0.274
997,NR3C1,1.04,0.897,1.205,1.04[0.897:1.205],0.607
998,TRHDE,1.022,0.922,1.133,1.022[0.922:1.133],0.68
999,TMEM54,1.025,0.836,1.257,1.025[0.836:1.257],0.812
1000,TAS1R1,1.163,1.005,1.345,1.163[1.005:1.345],0.042
1001,JAML,0.97,0.835,1.128,0.97[0.835:1.128],0.694
1002,COL6A5,0.882,0.773,1.007,0.882[0.773:1.007],0.064
1003,SESN2,1.068,0.852,1.339,1.068[0.852:1.339],0.567
1004,DOCK7.DT,1.047,0.883,1.242,1.047[0.883:1.242],0.598
1005,PRKACB,1.007,0.883,1.148,1.007[0.883:1.148],0.92
1006,DSC2,0.966,0.807,1.156,0.966[0.807:1.156],0.706
1007,LINC01752,1.026,0.919,1.146,1.026[0.919:1.146],0.644
1008,C7orf31,1.036,0.889,1.209,1.036[0.889:1.209],0.648
1009,CCNYL1,0.982,0.799,1.208,0.982[0.799:1.208],0.866
1010,SHOX,0.956,0.825,1.107,0.956[0.825:1.107],0.546
1011,VILL,1.04,0.87,1.244,1.04[0.87:1.244],0.664
1012,KAT2B,0.995,0.848,1.169,0.995[0.848:1.169],0.956
1013,NEDD4L,0.988,0.8,1.219,0.988[0.8:1.219],0.907
1014,ASXL3,0.991,0.894,1.099,0.991[0.894:1.099],0.862
1015,SALL2,1.064,0.927,1.22,1.064[0.927:1.22],0.378
1016,CLCNKB,1.133,0.958,1.338,1.133[0.958:1.338],0.144
1017,PLCD3,0.994,0.83,1.191,0.994[0.83:1.191],0.95
1018,SLC52A1,0.956,0.849,1.077,0.956[0.849:1.077],0.463
1019,AOC3,1.137,1.01,1.281,1.137[1.01:1.281],0.034
1020,KCNA5,1.078,0.92,1.264,1.078[0.92:1.264],0.353
1021,RAB3C,0.992,0.889,1.107,0.992[0.889:1.107],0.889
1022,DACT3,1.104,0.96,1.27,1.104[0.96:1.27],0.165
1023,NBPF1,0.983,0.816,1.184,0.983[0.816:1.184],0.857
1024,MACIR,0.893,0.734,1.085,0.893[0.734:1.085],0.254
1025,MFAP5,1.066,0.966,1.176,1.066[0.966:1.176],0.202
1026,STAP1,1.011,0.892,1.145,1.011[0.892:1.145],0.868
1027,DES,1.032,0.957,1.113,1.032[0.957:1.113],0.411
1028,CYSLTR1,0.967,0.841,1.112,0.967[0.841:1.112],0.639
1029,BDKRB1,1.04,0.881,1.227,1.04[0.881:1.227],0.644
1030,GCNT4,1.068,0.946,1.206,1.068[0.946:1.206],0.285
1031,UCN2,0.98,0.853,1.127,0.98[0.853:1.127],0.778
1032,MAFA,1.184,0.986,1.424,1.184[0.986:1.424],0.071
1033,FBXL22,1.163,0.971,1.393,1.163[0.971:1.393],0.102
1034,NPAS4,1.147,0.975,1.348,1.147[0.975:1.348],0.097
1035,LRRC66,1.043,0.899,1.21,1.043[0.899:1.21],0.581
1036,MPP2,1.303,1.105,1.536,1.303[1.105:1.536],0.002
1037,CYS1,1.066,0.932,1.218,1.066[0.932:1.218],0.35
1038,OMD,1.052,0.966,1.147,1.052[0.966:1.147],0.244
1039,LGI3,1.023,0.892,1.174,1.023[0.892:1.174],0.746
1040,ARRDC4,1.015,0.865,1.191,1.015[0.865:1.191],0.854
1041,RND2,1.037,0.897,1.198,1.037[0.897:1.198],0.626
1042,ARRB1,1.015,0.816,1.264,1.015[0.816:1.264],0.892
1043,SCG2,1.113,0.997,1.242,1.113[0.997:1.242],0.058
1044,CCL8,1.04,0.937,1.156,1.04[0.937:1.156],0.459
1045,PPP1R16B,0.945,0.816,1.095,0.945[0.816:1.095],0.453
1046,ELL2P1,0.943,0.773,1.151,0.943[0.773:1.151],0.566
1047,HLF,0.943,0.823,1.08,0.943[0.823:1.08],0.396
1048,GIMAP7,1.044,0.893,1.22,1.044[0.893:1.22],0.59
1049,LIMS2,1.126,0.966,1.312,1.126[0.966:1.312],0.13
1050,C14orf132,1.026,0.897,1.173,1.026[0.897:1.173],0.712
1051,FEZF1.AS1,1.053,0.98,1.13,1.053[0.98:1.13],0.158
1052,SH3TC2,0.984,0.851,1.138,0.984[0.851:1.138],0.825
1053,NAT1,0.809,0.682,0.959,0.809[0.682:0.959],0.015
1054,IGKV1D.27,0.959,0.855,1.075,0.959[0.855:1.075],0.474
1055,GHR,1.042,0.93,1.166,1.042[0.93:1.166],0.479
1056,CFL2,1.048,0.891,1.233,1.048[0.891:1.233],0.573
1057,EPB41L4A.DT,1.071,0.911,1.259,1.071[0.911:1.259],0.406
1058,OTUD7A,1.023,0.879,1.191,1.023[0.879:1.191],0.765
1059,NECAB1,1.084,0.96,1.224,1.084[0.96:1.224],0.194
1060,SH3GL2,0.985,0.881,1.101,0.985[0.881:1.101],0.788
1061,ABHD5,0.916,0.732,1.146,0.916[0.732:1.146],0.444
1062,IGHV3.72,0.977,0.908,1.051,0.977[0.908:1.051],0.535
1063,ACSF2,1.055,0.876,1.27,1.055[0.876:1.27],0.572
1064,SLC9A1,1.048,0.868,1.265,1.048[0.868:1.265],0.624
1065,PLN,1.06,0.958,1.172,1.06[0.958:1.172],0.259
1066,STAB1,1.157,0.984,1.36,1.157[0.984:1.36],0.078
1067,SH2D1B,1.041,0.894,1.212,1.041[0.894:1.212],0.609
1068,MARVELD3,1.118,0.891,1.403,1.118[0.891:1.403],0.336
1069,CD79A,0.975,0.881,1.078,0.975[0.881:1.078],0.616
1070,KCNIP1,1.082,0.922,1.27,1.082[0.922:1.27],0.332
1071,ZNF385B,1.049,0.928,1.186,1.049[0.928:1.186],0.444
1072,IGKV1D.16,0.976,0.896,1.062,0.976[0.896:1.062],0.565
1073,IGKV6.21,0.936,0.86,1.019,0.936[0.86:1.019],0.129
1074,PEX11A,1.049,0.854,1.288,1.049[0.854:1.288],0.651
1075,KLHL34,1.011,0.924,1.106,1.011[0.924:1.106],0.815
1076,PRDX6.AS1,1.205,1.007,1.442,1.205[1.007:1.442],0.042
1077,MEIS3P2,1.073,0.925,1.244,1.073[0.925:1.244],0.354
1078,PRRG3,0.917,0.781,1.077,0.917[0.781:1.077],0.291
1079,IL5RA,0.95,0.826,1.091,0.95[0.826:1.091],0.465
1080,NKD2,1.057,0.936,1.193,1.057[0.936:1.193],0.373
1081,MB,0.986,0.889,1.093,0.986[0.889:1.093],0.791
1082,CCL13,0.977,0.895,1.067,0.977[0.895:1.067],0.603
1083,IGHV2.5,1.008,0.933,1.089,1.008[0.933:1.089],0.835
1084,ATP6V0D2,1.007,0.884,1.146,1.007[0.884:1.146],0.922
1085,RAET1L,1.011,0.9,1.136,1.011[0.9:1.136],0.856
1086,CTXND1,1.128,1.027,1.239,1.128[1.027:1.239],0.012
1087,CNRIP1,1.037,0.866,1.243,1.037[0.866:1.243],0.693
1088,KRT1,0.911,0.799,1.039,0.911[0.799:1.039],0.163
1089,SETBP1.DT,1.067,0.904,1.259,1.067[0.904:1.259],0.444
1090,EDN2,0.963,0.851,1.09,0.963[0.851:1.09],0.549
1091,CPEB3,1.052,0.87,1.272,1.052[0.87:1.272],0.6
1092,CASP5,0.944,0.836,1.065,0.944[0.836:1.065],0.35
1093,RBM47,0.962,0.78,1.185,0.962[0.78:1.185],0.713
1094,ANKRD9,1.164,0.919,1.474,1.164[0.919:1.474],0.207
1095,ADAM33,1.061,0.943,1.194,1.061[0.943:1.194],0.325
1096,ABCD2,0.979,0.862,1.113,0.979[0.862:1.113],0.75
1097,STIM1,1.198,0.934,1.536,1.198[0.934:1.536],0.154
1098,LITAF,0.963,0.775,1.196,0.963[0.775:1.196],0.731
1099,RAB37,1.008,0.857,1.186,1.008[0.857:1.186],0.922
1100,FXYD6,1.101,0.964,1.257,1.101[0.964:1.257],0.156
1101,ZBTB7C,0.907,0.819,1.005,0.907[0.819:1.005],0.063
1102,BMP5,0.902,0.829,0.982,0.902[0.829:0.982],0.017
1103,GCNT3,1.073,0.962,1.198,1.073[0.962:1.198],0.206
1104,SCN3B,1.144,1.012,1.293,1.144[1.012:1.293],0.031
1105,CD27,1.001,0.877,1.141,1.001[0.877:1.141],0.993
1106,AMN,1.081,0.92,1.272,1.081[0.92:1.272],0.343
1107,IGKV2D.24,0.908,0.815,1.011,0.908[0.815:1.011],0.077
1108,ZNF667.AS1,1.131,0.965,1.325,1.131[0.965:1.325],0.127
1109,VAMP2,1.162,0.937,1.441,1.162[0.937:1.441],0.172
1110,IGHV3.35,0.916,0.823,1.02,0.916[0.823:1.02],0.11
1111,TCP11L1,1.074,0.857,1.345,1.074[0.857:1.345],0.536
1112,APOBR,0.993,0.864,1.141,0.993[0.864:1.141],0.919
1113,NLGN4X,1.046,0.924,1.183,1.046[0.924:1.183],0.478
1114,SYT5,1.045,0.917,1.191,1.045[0.917:1.191],0.509
1115,EML1,1.05,0.905,1.218,1.05[0.905:1.218],0.522
1116,MTM1,0.927,0.764,1.125,0.927[0.764:1.125],0.445
1117,TPSG1,0.904,0.825,0.991,0.904[0.825:0.991],0.031
1118,SEMA3G,1.121,0.982,1.28,1.121[0.982:1.28],0.09
1119,CCDC178,1.051,0.896,1.232,1.051[0.896:1.232],0.54
1120,EPIST,1.052,0.894,1.237,1.052[0.894:1.237],0.542
1121,GSTA1,0.995,0.907,1.093,0.995[0.907:1.093],0.923
1122,UTS2B,1.027,0.873,1.208,1.027[0.873:1.208],0.748
1123,HSPA2,1.023,0.887,1.18,1.023[0.887:1.18],0.754
1124,UNC79,1.183,0.971,1.442,1.183[0.971:1.442],0.096
1125,PLSCR4,0.995,0.847,1.171,0.995[0.847:1.171],0.956
1126,SLC41A2,0.96,0.824,1.118,0.96[0.824:1.118],0.601
1127,OSR1,1.099,0.989,1.221,1.099[0.989:1.221],0.08
1128,RHOU,1.076,0.89,1.3,1.076[0.89:1.3],0.45
1129,PNOC,0.992,0.884,1.114,0.992[0.884:1.114],0.898
1130,SCTR,1.171,1.034,1.326,1.171[1.034:1.326],0.013
1131,SLC35G1,1.123,0.921,1.369,1.123[0.921:1.369],0.252
1132,MPND,1.071,0.844,1.36,1.071[0.844:1.36],0.571
1133,OCEL1,1.096,0.868,1.384,1.096[0.868:1.384],0.44
1134,VSIG2,0.967,0.899,1.041,0.967[0.899:1.041],0.375
1135,DPP10,0.981,0.91,1.057,0.981[0.91:1.057],0.608
1136,MASP1,0.982,0.894,1.078,0.982[0.894:1.078],0.698
1137,TP73.AS1,1.117,0.953,1.31,1.117[0.953:1.31],0.171
1138,MGST3,0.995,0.759,1.305,0.995[0.759:1.305],0.97
1139,PIGZ,0.976,0.842,1.133,0.976[0.842:1.133],0.752
1140,ATP8A2,1.082,0.925,1.266,1.082[0.925:1.266],0.323
1141,CAMK2A,1.126,0.97,1.306,1.126[0.97:1.306],0.118
1142,GAD1,1.059,0.959,1.168,1.059[0.959:1.168],0.258
1143,HIGD1AP1,0.845,0.68,1.05,0.845[0.68:1.05],0.128
1144,IGKV3.7,0.97,0.886,1.062,0.97[0.886:1.062],0.512
1145,IGKV3D.15,0.949,0.867,1.038,0.949[0.867:1.038],0.255
1146,MS4A2,0.89,0.795,0.997,0.89[0.795:0.997],0.044
1147,GDNF,1.007,0.887,1.143,1.007[0.887:1.143],0.913
1148,MMP3,0.894,0.821,0.973,0.894[0.821:0.973],0.01
1149,FBXO32,1.026,0.882,1.194,1.026[0.882:1.194],0.739
1150,LINC02397,0.982,0.849,1.137,0.982[0.849:1.137],0.813
1151,SLC44A4,0.952,0.824,1.099,0.952[0.824:1.099],0.5
1152,GIMAP8,1.06,0.906,1.24,1.06[0.906:1.24],0.469
1153,ACO2,1.065,0.844,1.345,1.065[0.844:1.345],0.594
1154,PACSIN2,1.092,0.864,1.381,1.092[0.864:1.381],0.462
1155,PPP2R2B,1.033,0.902,1.184,1.033[0.902:1.184],0.637
1156,HHIP,0.938,0.843,1.045,0.938[0.843:1.045],0.245
1157,LRRC75A,0.925,0.757,1.13,0.925[0.757:1.13],0.444
1158,RASGRP2,1.134,0.966,1.331,1.134[0.966:1.331],0.125
1159,GPR27,1.125,1.007,1.257,1.125[1.007:1.257],0.037
1160,CLECL1P,0.916,0.792,1.059,0.916[0.792:1.059],0.237
1161,LILRP2,0.928,0.784,1.1,0.928[0.784:1.1],0.39
1162,PLUT,1.023,0.902,1.16,1.023[0.902:1.16],0.728
1163,SPARCL1,1.098,0.965,1.249,1.098[0.965:1.249],0.157
1164,IGHA1,0.982,0.914,1.055,0.982[0.914:1.055],0.625
1165,H1.2,1.113,0.963,1.286,1.113[0.963:1.286],0.148
1166,PAQR8,0.943,0.802,1.108,0.943[0.802:1.108],0.474
1167,MRGPRF,1.025,0.9,1.168,1.025[0.9:1.168],0.709
1168,SYNC,1.019,0.9,1.153,1.019[0.9:1.153],0.769
1169,CPAMD8,1.116,0.946,1.316,1.116[0.946:1.316],0.194
1170,UBE2QL1,1.108,0.975,1.259,1.108[0.975:1.259],0.115
1171,TMPRSS2,1.051,0.864,1.278,1.051[0.864:1.278],0.618
1172,CD48,0.965,0.839,1.112,0.965[0.839:1.112],0.625
1173,CLEC4F,1.126,0.973,1.302,1.126[0.973:1.302],0.111
1174,MAGOH2P,0.965,0.804,1.157,0.965[0.804:1.157],0.698
1175,MAPK3,1.113,0.871,1.422,1.113[0.871:1.422],0.392
1176,TNFSF10,1.005,0.832,1.215,1.005[0.832:1.215],0.955
1177,IGHV3.38,0.9,0.802,1.011,0.9[0.802:1.011],0.076
1178,B3GNT8,0.93,0.794,1.09,0.93[0.794:1.09],0.372
1179,CCDC78,1.239,1.084,1.417,1.239[1.084:1.417],0.002
1180,PALM,1.15,1.005,1.317,1.15[1.005:1.317],0.043
1181,FAM161B,1.122,0.923,1.365,1.122[0.923:1.365],0.248
1182,ANO10,0.984,0.786,1.232,0.984[0.786:1.232],0.889
1183,FCRL2,1.016,0.914,1.13,1.016[0.914:1.13],0.767
1184,IGLV2.8,0.956,0.889,1.027,0.956[0.889:1.027],0.218
1185,EPHX2,0.943,0.8,1.112,0.943[0.8:1.112],0.485
1186,SLC9A2,1.002,0.894,1.123,1.002[0.894:1.123],0.971
1187,CAV1,1.071,0.906,1.265,1.071[0.906:1.265],0.421
1188,IGHV3.71,0.965,0.864,1.077,0.965[0.864:1.077],0.525
1189,KANK2,1.135,0.937,1.375,1.135[0.937:1.375],0.196
1190,KIR2DL4,0.96,0.856,1.076,0.96[0.856:1.076],0.484
1191,LINC01133,1.106,0.945,1.296,1.106[0.945:1.296],0.209
1192,FXYD3,0.937,0.792,1.109,0.937[0.792:1.109],0.452
1193,FILIP1,1.105,0.965,1.265,1.105[0.965:1.265],0.15
1194,KLF9,1.014,0.872,1.179,1.014[0.872:1.179],0.858
1195,UCHL1,1.144,1.018,1.285,1.144[1.018:1.285],0.023
1196,ZFYVE28,1.045,0.861,1.267,1.045[0.861:1.267],0.658
1197,PRADC1,1.149,0.883,1.494,1.149[0.883:1.494],0.301
1198,PPARGC1B,0.971,0.803,1.174,0.971[0.803:1.174],0.764
1199,FLT3,0.923,0.813,1.048,0.923[0.813:1.048],0.216
1200,TMEM132D,1.024,0.898,1.169,1.024[0.898:1.169],0.721
1201,CYBRD1,1.071,0.934,1.229,1.071[0.934:1.229],0.324
1202,BTBD3,1.102,0.888,1.367,1.102[0.888:1.367],0.38
1203,CNR2,0.994,0.873,1.133,0.994[0.873:1.133],0.932
1204,MYORG,1.034,0.848,1.261,1.034[0.848:1.261],0.742
1205,EVA1A.AS,0.954,0.863,1.055,0.954[0.863:1.055],0.356
1206,ARL4D,1.096,0.937,1.282,1.096[0.937:1.282],0.251
1207,IGKV1D.42,0.958,0.857,1.071,0.958[0.857:1.071],0.454
1208,SEC1P,1.133,0.959,1.339,1.133[0.959:1.339],0.141
1209,LINC02984,1.019,0.897,1.157,1.019[0.897:1.157],0.777
1210,IGHV3.74,0.962,0.897,1.032,0.962[0.897:1.032],0.284
1211,GIMAP6,1.007,0.858,1.184,1.007[0.858:1.184],0.928
1212,KRT17,1.043,0.953,1.141,1.043[0.953:1.141],0.362
1213,PDE3A,0.992,0.884,1.113,0.992[0.884:1.113],0.886
1214,ZNF492,0.991,0.879,1.117,0.991[0.879:1.117],0.884
1215,IL1R2,1.017,0.906,1.142,1.017[0.906:1.142],0.775
1216,PLA2G10,0.939,0.812,1.085,0.939[0.812:1.085],0.394
1217,EMP1,1.033,0.883,1.21,1.033[0.883:1.21],0.682
1218,PACSIN1,1.172,1.012,1.359,1.172[1.012:1.359],0.035
1219,TGFBI,0.973,0.84,1.127,0.973[0.84:1.127],0.714
1220,DNAJB5,1.087,0.927,1.274,1.087[0.927:1.274],0.306
1221,IGHV1OR15.2,0.961,0.871,1.06,0.961[0.871:1.06],0.427
1222,AQP7,1.151,1.004,1.32,1.151[1.004:1.32],0.044
1223,ACKR1,1.02,0.933,1.116,1.02[0.933:1.116],0.658
1224,CSMD1,1.055,0.923,1.205,1.055[0.923:1.205],0.431
1225,CYB561A3,1.169,0.896,1.525,1.169[0.896:1.525],0.25
1226,MEIS3P1,1.022,0.911,1.148,1.022[0.911:1.148],0.708
1227,CCL15.CCL14,1.042,0.915,1.188,1.042[0.915:1.188],0.534
1228,ADRA1B,1.136,0.977,1.32,1.136[0.977:1.32],0.097
1229,GAS1RR,1.156,1.012,1.32,1.156[1.012:1.32],0.033
1230,TCF7L1,1.293,1.062,1.576,1.293[1.062:1.576],0.011
1231,ITPRID1,1.031,0.921,1.153,1.031[0.921:1.153],0.601
1232,CHRNA3,1.073,0.96,1.198,1.073[0.96:1.198],0.214
1233,LTBP4,1.199,0.984,1.46,1.199[0.984:1.46],0.071
1234,PAFAH2,0.922,0.752,1.129,0.922[0.752:1.129],0.431
1235,ZDHHC15,1.065,0.928,1.222,1.065[0.928:1.222],0.373
1236,SIGLEC17P,1.011,0.889,1.151,1.011[0.889:1.151],0.866
1237,CRYBA2,1.051,0.934,1.183,1.051[0.934:1.183],0.406
1238,TXNIP,1.115,0.946,1.314,1.115[0.946:1.314],0.195
1239,LRRC4B,1.169,0.963,1.419,1.169[0.963:1.419],0.115
1240,ZNF582.DT,1.107,0.944,1.299,1.107[0.944:1.299],0.21
1241,MIXL1,0.975,0.85,1.118,0.975[0.85:1.118],0.715
1242,PAK3,1.107,0.972,1.26,1.107[0.972:1.26],0.125
1243,TOM1L2,1.14,0.918,1.416,1.14[0.918:1.416],0.235
1244,LPCAT3,1.023,0.833,1.256,1.023[0.833:1.256],0.83
1245,MYL6,0.987,0.753,1.294,0.987[0.753:1.294],0.925
1246,SLC6A9,1.017,0.855,1.209,1.017[0.855:1.209],0.849
1247,GPIHBP1,1.145,1.018,1.287,1.145[1.018:1.287],0.024
1248,PDE5A,1.013,0.872,1.176,1.013[0.872:1.176],0.867
1249,TLR10,0.966,0.86,1.086,0.966[0.86:1.086],0.567
1250,POPDC2,1.138,0.99,1.31,1.138[0.99:1.31],0.07
1251,TMEM132A,1.039,0.861,1.254,1.039[0.861:1.254],0.691
1252,GSTM2,1.191,1.008,1.408,1.191[1.008:1.408],0.04
1253,IGHV1.14,1.009,0.887,1.149,1.009[0.887:1.149],0.888
1254,DNAJC28,0.932,0.795,1.093,0.932[0.795:1.093],0.388
1255,UGT2B15,0.955,0.871,1.048,0.955[0.871:1.048],0.33
1256,PLIN4,1.091,1.012,1.177,1.091[1.012:1.177],0.024
1257,IGF1,1.053,0.942,1.178,1.053[0.942:1.178],0.36
1258,RAB6B,1.23,1.044,1.449,1.23[1.044:1.449],0.014
1259,LILRA4,1.036,0.904,1.186,1.036[0.904:1.186],0.614
1260,MS4A4E,1.113,0.953,1.3,1.113[0.953:1.3],0.178
1261,TCEAL7,1.038,0.899,1.197,1.038[0.899:1.197],0.614
1262,IGHV1.12,0.965,0.862,1.08,0.965[0.862:1.08],0.533
1263,SPEG,1.123,1.01,1.249,1.123[1.01:1.249],0.032
1264,MAF,1.055,0.899,1.237,1.055[0.899:1.237],0.512
1265,CHRM4,1.017,0.889,1.164,1.017[0.889:1.164],0.805
1266,HDAC9,1.032,0.907,1.174,1.032[0.907:1.174],0.633
1267,FER1L6,0.938,0.867,1.016,0.938[0.867:1.016],0.118
1268,HS6ST3,1.147,1.013,1.298,1.147[1.013:1.298],0.03
1269,MPPE1,1.174,0.927,1.488,1.174[0.927:1.488],0.183
1270,FOSL1,1.096,0.963,1.249,1.096[0.963:1.249],0.165
1271,HSD17B11,0.99,0.814,1.203,0.99[0.814:1.203],0.918
1272,BDKRB2,0.996,0.825,1.203,0.996[0.825:1.203],0.971
1273,PHGR1,0.939,0.823,1.07,0.939[0.823:1.07],0.345
1274,P2RY8,1.068,0.913,1.248,1.068[0.913:1.248],0.412
1275,HIF3A,1.086,0.964,1.224,1.086[0.964:1.224],0.177
1276,THRB,0.97,0.875,1.076,0.97[0.875:1.076],0.565
1277,BCL2,1.064,0.918,1.233,1.064[0.918:1.233],0.41
1278,PCSK7,1.065,0.85,1.335,1.065[0.85:1.335],0.584
1279,HEPACAM2,0.918,0.853,0.987,0.918[0.853:0.987],0.021
1280,STXBP5L,1.063,0.933,1.211,1.063[0.933:1.211],0.358
1281,KIT,1.029,0.91,1.164,1.029[0.91:1.164],0.645
1282,ATL1,1.04,0.855,1.265,1.04[0.855:1.265],0.695
1283,CRADD,1.002,0.778,1.29,1.002[0.778:1.29],0.99
1284,SCRG1,1.085,0.982,1.199,1.085[0.982:1.199],0.109
1285,PTPRT,0.972,0.855,1.106,0.972[0.855:1.106],0.668
1286,LRRC1,0.994,0.798,1.237,0.994[0.798:1.237],0.956
1287,PAPPA2,0.974,0.869,1.091,0.974[0.869:1.091],0.645
1288,SMIM43,1.148,0.976,1.351,1.148[0.976:1.351],0.095
1289,SYNE3,1.066,0.909,1.25,1.066[0.909:1.25],0.43
1290,TNS1,1.121,0.994,1.265,1.121[0.994:1.265],0.063
1291,FAM222A.AS1,1.005,0.874,1.156,1.005[0.874:1.156],0.941
1292,NCF1B,1.024,0.894,1.172,1.024[0.894:1.172],0.734
1293,FENDRR,0.921,0.817,1.037,0.921[0.817:1.037],0.173
1294,PDGFD,1.033,0.89,1.199,1.033[0.89:1.199],0.668
1295,FAM166C,1.122,0.973,1.294,1.122[0.973:1.294],0.112
1296,CHST5,0.965,0.888,1.048,0.965[0.888:1.048],0.398
1297,CARMN,1.073,0.953,1.209,1.073[0.953:1.209],0.245
1298,EPAS1,1.028,0.849,1.244,1.028[0.849:1.244],0.78
1299,ARMCX1,1.092,0.94,1.269,1.092[0.94:1.269],0.248
1300,CDK15,0.96,0.835,1.103,0.96[0.835:1.103],0.565
1301,WNT2B,1.003,0.842,1.195,1.003[0.842:1.195],0.974
1302,TSPAN11,0.884,0.757,1.031,0.884[0.757:1.031],0.116
1303,IGLV5.45,0.956,0.886,1.031,0.956[0.886:1.031],0.242
1304,LINC00294,1.171,0.927,1.479,1.171[0.927:1.479],0.186
1305,POU2F2.AS2,0.976,0.827,1.151,0.976[0.827:1.151],0.771
1306,CD101,0.956,0.798,1.144,0.956[0.798:1.144],0.621
1307,ITIH5,0.997,0.871,1.14,0.997[0.871:1.14],0.962
1308,IL6ST.DT,0.987,0.817,1.193,0.987[0.817:1.193],0.895
1309,TACR1,1.058,0.947,1.183,1.058[0.947:1.183],0.321
1310,PJA2,0.987,0.82,1.188,0.987[0.82:1.188],0.891
1311,PCDH9,1.139,1.02,1.272,1.139[1.02:1.272],0.021
1312,HPCA,1.188,0.959,1.47,1.188[0.959:1.47],0.115
1313,CLEC17A,0.946,0.83,1.078,0.946[0.83:1.078],0.404
1314,OR2W3,1.084,0.966,1.217,1.084[0.966:1.217],0.17
1315,MEF2C,1.051,0.905,1.221,1.051[0.905:1.221],0.511
1316,HIPK4,1.147,0.944,1.394,1.147[0.944:1.394],0.168
1317,SLC1A1,0.97,0.842,1.118,0.97[0.842:1.118],0.671
1318,FEZ1,1.075,0.901,1.282,1.075[0.901:1.282],0.424
1319,CLIP4,1.05,0.923,1.194,1.05[0.923:1.194],0.457
1320,MYH15,1.041,0.904,1.198,1.041[0.904:1.198],0.579
1321,IGHV5.78,1.047,0.917,1.196,1.047[0.917:1.196],0.496
1322,PDE8A,1.006,0.818,1.238,1.006[0.818:1.238],0.951
1323,TMEM140,1.173,0.96,1.434,1.173[0.96:1.434],0.118
1324,SULT2B1,1.05,0.905,1.217,1.05[0.905:1.217],0.52
1325,F2RL1,0.919,0.752,1.123,0.919[0.752:1.123],0.409
1326,NCF1C,1.054,0.913,1.216,1.054[0.913:1.216],0.473
1327,DPYD,1.061,0.934,1.205,1.061[0.934:1.205],0.364
1328,SGCE,1.091,0.929,1.281,1.091[0.929:1.281],0.288
1329,FAM78B.AS1,1.071,0.884,1.297,1.071[0.884:1.297],0.487
1330,SLC25A42,1.212,0.971,1.514,1.212[0.971:1.514],0.09
1331,STK32B,1.063,0.917,1.231,1.063[0.917:1.231],0.42
1332,IGHV3.19,0.963,0.861,1.077,0.963[0.861:1.077],0.513
1333,IGLV7.46,0.958,0.888,1.033,0.958[0.888:1.033],0.262
1334,FABP6,1.03,0.933,1.136,1.03[0.933:1.136],0.56
1335,RAB44,0.914,0.784,1.065,0.914[0.784:1.065],0.25
1336,PIK3CG,0.998,0.885,1.127,0.998[0.885:1.127],0.977
1337,NGFR,1.13,1.02,1.251,1.13[1.02:1.251],0.019
1338,NPY1R,1.016,0.927,1.113,1.016[0.927:1.113],0.74
1339,LRRC55,1.049,0.919,1.199,1.049[0.919:1.199],0.478
1340,ZC3HAV1L,1.107,0.846,1.448,1.107[0.846:1.448],0.458
1341,CALB2,1.129,1.032,1.235,1.129[1.032:1.235],0.008
1342,LRFN5,0.985,0.868,1.119,0.985[0.868:1.119],0.819
1343,BTBD16,1.071,0.936,1.225,1.071[0.936:1.225],0.319
1344,EPB41L4B,0.977,0.813,1.174,0.977[0.813:1.174],0.8
1345,LINC02447,1.195,1.01,1.415,1.195[1.01:1.415],0.038
1346,LRRC7,1.046,0.892,1.226,1.046[0.892:1.226],0.581
1347,PRELP,1.124,1.024,1.233,1.124[1.024:1.233],0.014
1348,RGS22,1.137,0.993,1.302,1.137[0.993:1.302],0.064
1349,SLCO1C1,1.006,0.857,1.18,1.006[0.857:1.18],0.944
1350,COLEC12,1.051,0.938,1.178,1.051[0.938:1.178],0.389
1351,GNG12.AS1,1.034,0.867,1.233,1.034[0.867:1.233],0.708
1352,PLS1,0.963,0.806,1.152,0.963[0.806:1.152],0.682
1353,CAMK4,1.032,0.886,1.201,1.032[0.886:1.201],0.687
1354,PTK2B,0.984,0.81,1.197,0.984[0.81:1.197],0.875
1355,NXPE4,0.944,0.885,1.006,0.944[0.885:1.006],0.077
1356,CRABP1,0.987,0.891,1.094,0.987[0.891:1.094],0.807
1357,RASGRP4,0.998,0.862,1.155,0.998[0.862:1.155],0.975
1358,IGHV3.13,0.955,0.883,1.033,0.955[0.883:1.033],0.253
1359,IGKV2.24,0.932,0.864,1.006,0.932[0.864:1.006],0.07
1360,DNAAF9,1.114,0.967,1.282,1.114[0.967:1.282],0.134
1361,SLC66A2,1.097,0.869,1.385,1.097[0.869:1.385],0.435
1362,TLR7,1.005,0.887,1.139,1.005[0.887:1.139],0.933
1363,AKR1C2,1.006,0.883,1.147,1.006[0.883:1.147],0.924
1364,KCNK10,0.956,0.852,1.073,0.956[0.852:1.073],0.448
1365,PARM1,0.888,0.771,1.024,0.888[0.771:1.024],0.102
1366,RAB39B,0.963,0.84,1.104,0.963[0.84:1.104],0.588
1367,FCGBP,0.951,0.883,1.024,0.951[0.883:1.024],0.183
1368,GPRIN2,1.125,0.954,1.328,1.125[0.954:1.328],0.162
1369,LMO2,1.093,0.912,1.311,1.093[0.912:1.311],0.335
1370,CLMN,1.018,0.841,1.233,1.018[0.841:1.233],0.852
1371,BTLA,0.979,0.855,1.12,0.979[0.855:1.12],0.756
1372,GALNT15,1.114,0.995,1.248,1.114[0.995:1.248],0.06
1373,IGLC6,0.981,0.87,1.107,0.981[0.87:1.107],0.756
1374,UCN3,0.918,0.835,1.009,0.918[0.835:1.009],0.076
1375,POLD4,1.181,0.941,1.483,1.181[0.941:1.483],0.152
1376,NBEAL1,1.023,0.869,1.203,1.023[0.869:1.203],0.785
1377,MARCHF2,1.205,0.92,1.577,1.205[0.92:1.577],0.175
1378,RTL5,1.173,1.012,1.359,1.173[1.012:1.359],0.034
1379,C16orf54,0.998,0.874,1.14,0.998[0.874:1.14],0.979
1380,STPG1,1.008,0.823,1.235,1.008[0.823:1.235],0.936
1381,ARHGEF25,1.146,0.993,1.324,1.146[0.993:1.324],0.062
1382,IGKV2OR22.4,0.967,0.873,1.073,0.967[0.873:1.073],0.529
1383,CLIP3,1.151,0.978,1.355,1.151[0.978:1.355],0.09
1384,OAF,1.051,0.815,1.356,1.051[0.815:1.356],0.699
1385,MSX1,1.112,0.967,1.28,1.112[0.967:1.28],0.137
1386,IL10RB,1.161,0.916,1.471,1.161[0.916:1.471],0.218
1387,FABP1,1.01,0.94,1.086,1.01[0.94:1.086],0.787
1388,LSP1,1.085,0.931,1.266,1.085[0.931:1.266],0.295
1389,BHMT2,1.059,0.936,1.199,1.059[0.936:1.199],0.365
1390,RPH3AL.AS1,1.092,0.932,1.281,1.092[0.932:1.281],0.277
1391,LINC02381,1.171,1.008,1.36,1.171[1.008:1.36],0.039
1392,CDHR2,0.935,0.845,1.036,0.935[0.845:1.036],0.2
1393,CD22,1.006,0.903,1.122,1.006[0.903:1.122],0.909
1394,GABRD,1.486,1.208,1.828,1.486[1.208:1.828],1.736864e-04
1395,TRGC2,0.927,0.816,1.054,0.927[0.816:1.054],0.246
1396,FAM30A,0.987,0.898,1.084,0.987[0.898:1.084],0.781
1397,MEI1,0.953,0.815,1.115,0.953[0.815:1.115],0.548
1398,PLIN1,1.102,1.001,1.212,1.102[1.001:1.212],0.047
1399,VWA5A,0.901,0.777,1.046,0.901[0.777:1.046],0.17
1400,TMTC1,1.047,0.909,1.207,1.047[0.909:1.207],0.523
1401,VWA3B,0.981,0.843,1.143,0.981[0.843:1.143],0.81
1402,RHOF,1.002,0.864,1.163,1.002[0.864:1.163],0.977
1403,AOX1,0.993,0.883,1.115,0.993[0.883:1.115],0.899
1404,XCL2,0.952,0.826,1.098,0.952[0.826:1.098],0.499
1405,S100A2,1.101,0.976,1.242,1.101[0.976:1.242],0.118
1406,COX7A1,1.177,0.973,1.424,1.177[0.973:1.424],0.092
1407,LINC00996,0.947,0.823,1.09,0.947[0.823:1.09],0.448
1408,MEP1A,0.952,0.869,1.044,0.952[0.869:1.044],0.3
1409,VPS35L,0.975,0.834,1.14,0.975[0.834:1.14],0.751
1410,EBI3,1.024,0.872,1.202,1.024[0.872:1.202],0.772
1411,ULBP2,1.16,1.027,1.311,1.16[1.027:1.311],0.017
1412,NRG4,1.072,0.937,1.227,1.072[0.937:1.227],0.308
1413,RIMKLA,0.97,0.815,1.154,0.97[0.815:1.154],0.732
1414,SOCS2,1.027,0.847,1.244,1.027[0.847:1.244],0.787
1415,KIRREL3,0.95,0.831,1.086,0.95[0.831:1.086],0.45
1416,TRDC,1.002,0.895,1.122,1.002[0.895:1.122],0.969
1417,GRHL3,1.026,0.906,1.162,1.026[0.906:1.162],0.686
1418,ATP5F1A,0.932,0.74,1.174,0.932[0.74:1.174],0.55
1419,NEFH,1.039,0.899,1.2,1.039[0.899:1.2],0.609
1420,CLCA2,0.92,0.826,1.024,0.92[0.826:1.024],0.127
1421,CIDEC,0.995,0.891,1.111,0.995[0.891:1.111],0.93
1422,CCNJL,0.915,0.793,1.056,0.915[0.793:1.056],0.225
1423,IGKV1D.12,0.892,0.797,0.999,0.892[0.797:0.999],0.049
1424,FAM162A,1.008,0.81,1.255,1.008[0.81:1.255],0.942
1425,BTD,1.115,0.869,1.431,1.115[0.869:1.431],0.39
1426,ANKRD53,1.175,0.981,1.407,1.175[0.981:1.407],0.08
1427,TENT5B,1.03,0.898,1.182,1.03[0.898:1.182],0.674
1428,EPB41L4A,0.973,0.855,1.108,0.973[0.855:1.108],0.679
1429,CAPN2,1.08,0.876,1.332,1.08[0.876:1.332],0.469
1430,IMPA2,0.898,0.708,1.139,0.898[0.708:1.139],0.376
1431,TENM1,1.093,0.974,1.228,1.093[0.974:1.228],0.132
1432,MAP6,1.12,0.977,1.284,1.12[0.977:1.284],0.103
1433,ANXA8L1,1.182,1.031,1.355,1.182[1.031:1.355],0.017
1434,HADHB,0.994,0.79,1.251,0.994[0.79:1.251],0.959
1435,MIDEAS,1.128,0.911,1.397,1.128[0.911:1.397],0.267
1436,IGLV10.54,0.955,0.887,1.028,0.955[0.887:1.028],0.225
1437,TMEM59,0.989,0.787,1.243,0.989[0.787:1.243],0.928
1438,RNASEL,1.041,0.862,1.258,1.041[0.862:1.258],0.676
1439,MAP2K5.DT,1.112,0.916,1.349,1.112[0.916:1.349],0.283
1440,TUB,1.134,1.001,1.285,1.134[1.001:1.285],0.049
1441,WASL.DT,1.044,0.859,1.268,1.044[0.859:1.268],0.665
1442,KCNAB1,1.042,0.892,1.218,1.042[0.892:1.218],0.602
1443,PID1,0.964,0.852,1.092,0.964[0.852:1.092],0.565
1444,TJP3,0.953,0.783,1.159,0.953[0.783:1.159],0.627
1445,C1QL1,1.175,0.994,1.388,1.175[0.994:1.388],0.059
1446,LINC01550,0.893,0.785,1.014,0.893[0.785:1.014],0.082
1447,RTN1,1.062,0.934,1.208,1.062[0.934:1.208],0.358
1448,SENCR,0.989,0.831,1.176,0.989[0.831:1.176],0.898
1449,GPR18,0.998,0.858,1.162,0.998[0.858:1.162],0.983
1450,TRIM36,0.99,0.848,1.155,0.99[0.848:1.155],0.895
1451,GOLM1,1.058,0.879,1.274,1.058[0.879:1.274],0.548
1452,GPR34,0.971,0.846,1.114,0.971[0.846:1.114],0.673
1453,ITPKA,0.984,0.842,1.149,0.984[0.842:1.149],0.84
1454,LINC02441,0.997,0.906,1.097,0.997[0.906:1.097],0.944
1455,CPNE8.AS1,1.082,0.914,1.281,1.082[0.914:1.281],0.36
1456,IGKV3D.20,0.975,0.902,1.055,0.975[0.902:1.055],0.535
1457,CCL19,0.982,0.889,1.083,0.982[0.889:1.083],0.712
1458,DSEL,1.029,0.893,1.185,1.029[0.893:1.185],0.697
1459,CACFD1,1.112,0.89,1.389,1.112[0.89:1.389],0.35
1460,GPC5,1.009,0.884,1.152,1.009[0.884:1.152],0.894
1461,LINC02289,0.994,0.819,1.208,0.994[0.819:1.208],0.955
1462,IGHV7.56,0.948,0.833,1.078,0.948[0.833:1.078],0.417
1463,C18orf32,1.042,0.824,1.319,1.042[0.824:1.319],0.729
1464,TNFRSF1A,1.115,0.853,1.457,1.115[0.853:1.457],0.426
1465,FBLN1,1.068,0.941,1.211,1.068[0.941:1.211],0.309
1466,ACSS2,1.038,0.834,1.293,1.038[0.834:1.293],0.738
1467,EGLN1,1.101,0.859,1.411,1.101[0.859:1.411],0.448
1468,BFSP2,0.95,0.803,1.125,0.95[0.803:1.125],0.552
1469,LARGE1,1.061,0.878,1.283,1.061[0.878:1.283],0.538
1470,SLC20A1,1.127,0.911,1.396,1.127[0.911:1.396],0.271
1471,FCRL1,1.01,0.909,1.121,1.01[0.909:1.121],0.859
1472,RYR3,1.079,0.928,1.254,1.079[0.928:1.254],0.324
1473,SI,0.993,0.926,1.064,0.993[0.926:1.064],0.839
1474,IGSF3,1.018,0.839,1.235,1.018[0.839:1.235],0.854
1475,FIGN,1.057,0.924,1.21,1.057[0.924:1.21],0.417
1476,LANCL3,1.089,0.949,1.251,1.089[0.949:1.251],0.226
1477,EEF1A2,1.146,1.022,1.285,1.146[1.022:1.285],0.019
1478,ULBP1,1.153,1.013,1.314,1.153[1.013:1.314],0.032
1479,NAP1L3,1.035,0.914,1.172,1.035[0.914:1.172],0.588
1480,CLCA1,0.945,0.901,0.991,0.945[0.901:0.991],0.019
1481,LIMA1,1.008,0.853,1.192,1.008[0.853:1.192],0.926
1482,APLP1,1.131,0.967,1.323,1.131[0.967:1.323],0.125
1483,GZMM,1.049,0.907,1.213,1.049[0.907:1.213],0.52
1484,MZB1,1.001,0.904,1.107,1.001[0.904:1.107],0.991
1485,FLNC,1.074,0.958,1.205,1.074[0.958:1.205],0.222
1486,RCAN1,0.996,0.818,1.213,0.996[0.818:1.213],0.969
1487,MST1L,1.117,0.988,1.264,1.117[0.988:1.264],0.077
1488,CHMP1B,1.039,0.815,1.325,1.039[0.815:1.325],0.758
1489,PRR5L,1.032,0.845,1.261,1.032[0.845:1.261],0.757
1490,KBTBD11.OT1,0.959,0.814,1.129,0.959[0.814:1.129],0.613
1491,CTHRC1,1.092,0.964,1.237,1.092[0.964:1.237],0.165
1492,DCN,1.007,0.888,1.142,1.007[0.888:1.142],0.91
1493,SCAMP2,1.114,0.882,1.408,1.114[0.882:1.408],0.363
1494,HMGCL,0.917,0.726,1.158,0.917[0.726:1.158],0.467
1495,SLC46A3,1.062,0.895,1.259,1.062[0.895:1.259],0.493
1496,IGKV1.27,0.978,0.908,1.053,0.978[0.908:1.053],0.555
1497,MEIS1,1.093,0.951,1.257,1.093[0.951:1.257],0.21
1498,MGAM,1.022,0.904,1.156,1.022[0.904:1.156],0.728
1499,ATG9B,1.111,0.97,1.272,1.111[0.97:1.272],0.13
1500,PLD1,1.006,0.829,1.221,1.006[0.829:1.221],0.949
1501,HECTD3,1.085,0.85,1.385,1.085[0.85:1.385],0.511
1502,SPECC1L,1.129,0.899,1.417,1.129[0.899:1.417],0.296
1503,IL11,0.977,0.877,1.087,0.977[0.877:1.087],0.667
1504,SLC35D1,0.925,0.769,1.112,0.925[0.769:1.112],0.405
1505,SPRY4.AS1,1.034,0.866,1.235,1.034[0.866:1.235],0.71
1506,TMEM273,0.931,0.793,1.093,0.931[0.793:1.093],0.382
1507,LINC02362,0.984,0.859,1.126,0.984[0.859:1.126],0.81
1508,AKAP6,1.067,0.926,1.23,1.067[0.926:1.23],0.369
1509,SUCLG2,0.934,0.788,1.106,0.934[0.788:1.106],0.428
1510,FAM110D,1.235,1.039,1.47,1.235[1.039:1.47],0.017
1511,GPR162,1.227,1.01,1.489,1.227[1.01:1.489],0.039
1512,MATN2,0.99,0.875,1.12,0.99[0.875:1.12],0.871
1513,RXRA,1.176,0.93,1.488,1.176[0.93:1.488],0.175
1514,MRPS35.DT,0.997,0.901,1.104,0.997[0.901:1.104],0.957
1515,SMKR1,0.969,0.86,1.092,0.969[0.86:1.092],0.604
1516,DPEP2,1.114,0.961,1.292,1.114[0.961:1.292],0.153
1517,ABHD6,0.906,0.726,1.131,0.906[0.726:1.131],0.385
1518,TRGC1,0.929,0.804,1.073,0.929[0.804:1.073],0.317
1519,CDKL2,0.99,0.859,1.141,0.99[0.859:1.141],0.89
1520,WNT7B,1.075,0.978,1.183,1.075[0.978:1.183],0.134
1521,PRDM12,1.067,0.877,1.299,1.067[0.877:1.299],0.515
1522,MAOB,1.013,0.914,1.124,1.013[0.914:1.124],0.799
1523,CMBL,0.981,0.854,1.127,0.981[0.854:1.127],0.786
1524,SFTPD,1.11,0.95,1.295,1.11[0.95:1.295],0.189
1525,CRIM1.DT,1.086,0.89,1.326,1.086[0.89:1.326],0.414
1526,GJB4,1.034,0.929,1.151,1.034[0.929:1.151],0.542
1527,LRCH2,1.043,0.916,1.187,1.043[0.916:1.187],0.529
1528,IQGAP2,0.981,0.857,1.124,0.981[0.857:1.124],0.787
1529,SPECC1,1.029,0.851,1.244,1.029[0.851:1.244],0.769
1530,HADHA,1.105,0.861,1.418,1.105[0.861:1.418],0.434
1531,RAB9B,1.035,0.908,1.181,1.035[0.908:1.181],0.605
1532,IGLV4.60,0.967,0.898,1.042,0.967[0.898:1.042],0.375
1533,GDNF.AS1,1.014,0.86,1.197,1.014[0.86:1.197],0.866
1534,CDH23,1.092,0.939,1.27,1.092[0.939:1.27],0.254
1535,SYN2,1.098,0.977,1.234,1.098[0.977:1.234],0.116
1536,PDLIM3,1.062,0.929,1.214,1.062[0.929:1.214],0.375
1537,ACAA1,1.021,0.799,1.304,1.021[0.799:1.304],0.869
1538,MEGF10,1.036,0.913,1.176,1.036[0.913:1.176],0.579
1539,IDH3A,1.02,0.806,1.29,1.02[0.806:1.29],0.871
1540,GAB1,0.977,0.811,1.177,0.977[0.811:1.177],0.808
1541,FAM136DP,0.991,0.817,1.202,0.991[0.817:1.202],0.925
1542,KCNT2,1.057,0.927,1.205,1.057[0.927:1.205],0.411
1543,RERG,1.032,0.914,1.167,1.032[0.914:1.167],0.61
1544,SNX24,1.002,0.846,1.187,1.002[0.846:1.187],0.984
1545,KCNG1,1.028,0.93,1.137,1.028[0.93:1.137],0.586
1546,CPNE4,1.034,0.93,1.149,1.034[0.93:1.149],0.537
1547,CPTP,1.085,0.863,1.365,1.085[0.863:1.365],0.483
1548,ENPP2,1.09,0.949,1.253,1.09[0.949:1.253],0.224
1549,RFPL1S,1.015,0.861,1.197,1.015[0.861:1.197],0.86
1550,MINDY1,1.134,0.906,1.421,1.134[0.906:1.421],0.273
1551,CHI3L1,0.996,0.889,1.117,0.996[0.889:1.117],0.95
1552,TPSAB1,0.97,0.869,1.083,0.97[0.869:1.083],0.589
1553,NHSL1,0.987,0.796,1.223,0.987[0.796:1.223],0.903
1554,CXCL3,0.877,0.764,1.007,0.877[0.764:1.007],0.063
1555,SIGLEC1,1.083,0.964,1.217,1.083[0.964:1.217],0.182
1556,FAM107B,1.018,0.872,1.188,1.018[0.872:1.188],0.819
1557,SLC4A11,1.145,1.014,1.293,1.145[1.014:1.293],0.029
1558,CLCN2,1.121,0.932,1.348,1.121[0.932:1.348],0.226
1559,TMIGD2,0.961,0.826,1.119,0.961[0.826:1.119],0.611
1560,GNAI1,1.033,0.882,1.209,1.033[0.882:1.209],0.688
1561,P3H2,1.034,0.91,1.176,1.034[0.91:1.176],0.606
1562,TCEA3,0.99,0.856,1.144,0.99[0.856:1.144],0.89
1563,SMIM2,1.145,0.964,1.36,1.145[0.964:1.36],0.123
1564,FAXDC2,1.056,0.914,1.22,1.056[0.914:1.22],0.46
1565,NCOA4,1.008,0.807,1.259,1.008[0.807:1.259],0.945
1566,RBMS3,1.07,0.924,1.238,1.07[0.924:1.238],0.367
1567,ARHGAP15,1.047,0.886,1.238,1.047[0.886:1.238],0.589
1568,IGLV2.18,0.953,0.88,1.031,0.953[0.88:1.031],0.231
1569,C2orf74,1.044,0.898,1.213,1.044[0.898:1.213],0.578
1570,NIM1K,1.141,0.946,1.377,1.141[0.946:1.377],0.168
1571,NRAP,0.954,0.853,1.067,0.954[0.853:1.067],0.411
1572,IGHV3.66,0.957,0.881,1.04,0.957[0.881:1.04],0.3
1573,HVCN1,1.128,0.946,1.344,1.128[0.946:1.344],0.181
1574,SLC16A9,1.018,0.915,1.133,1.018[0.915:1.133],0.742
1575,LXN,0.959,0.807,1.14,0.959[0.807:1.14],0.634
1576,CACNB2,0.997,0.864,1.151,0.997[0.864:1.151],0.966
1577,LINC01977,1.173,1.02,1.349,1.173[1.02:1.349],0.025
1578,SIDT2,1.152,0.906,1.465,1.152[0.906:1.465],0.248
1579,EDNRB,0.957,0.826,1.109,0.957[0.826:1.109],0.562
1580,GAS7,1.058,0.92,1.218,1.058[0.92:1.218],0.426
1581,ECI2,0.985,0.846,1.148,0.985[0.846:1.148],0.85
1582,NBEA,1.051,0.943,1.171,1.051[0.943:1.171],0.373
1583,C6,1.081,0.978,1.195,1.081[0.978:1.195],0.126
1584,LINC01811,0.956,0.854,1.069,0.956[0.854:1.069],0.427
1585,CX3CR1,1.019,0.884,1.175,1.019[0.884:1.175],0.796
1586,BARX2,1.026,0.927,1.135,1.026[0.927:1.135],0.624
1587,CDKN1A,0.987,0.819,1.19,0.987[0.819:1.19],0.895
1588,SCARA3,1.095,0.948,1.265,1.095[0.948:1.265],0.216
1589,LINC02798,1.122,0.955,1.318,1.122[0.955:1.318],0.162
1590,TBC1D9,0.999,0.854,1.168,0.999[0.854:1.168],0.99
1591,PPARGC1A,0.868,0.783,0.962,0.868[0.783:0.962],0.007
1592,IGHV3.47,0.94,0.836,1.057,0.94[0.836:1.057],0.303
1593,CYP3A4,1.048,0.934,1.175,1.048[0.934:1.175],0.426
1594,CCR9,1.078,0.931,1.248,1.078[0.931:1.248],0.316
1595,ATG4D,1.108,0.851,1.442,1.108[0.851:1.442],0.448
1596,CROT,0.963,0.81,1.145,0.963[0.81:1.145],0.67
1597,IKZF1,0.985,0.863,1.124,0.985[0.863:1.124],0.82
1598,OSBPL1A,1.197,1.024,1.4,1.197[1.024:1.4],0.024
1599,ICAM3,0.998,0.879,1.133,0.998[0.879:1.133],0.969
1600,AQP11,0.934,0.748,1.167,0.934[0.748:1.167],0.548
1601,CFAP54,1.027,0.878,1.2,1.027[0.878:1.2],0.739
1602,NOS1,1.076,0.976,1.185,1.076[0.976:1.185],0.14
1603,EPM2A,1.027,0.834,1.265,1.027[0.834:1.265],0.799
1604,IGKV5.2,1.005,0.922,1.096,1.005[0.922:1.096],0.908
1605,MESP2,1.198,1.035,1.386,1.198[1.035:1.386],0.016
1606,GAPT,0.988,0.876,1.113,0.988[0.876:1.113],0.839
1607,ZNF726,0.967,0.837,1.116,0.967[0.837:1.116],0.643
1608,APBB1,1.155,0.986,1.354,1.155[0.986:1.354],0.075
1609,JOSD1,1.063,0.837,1.351,1.063[0.837:1.351],0.617
1610,SMPD3,1.115,0.939,1.324,1.115[0.939:1.324],0.213
1611,SIPA1L2,0.958,0.809,1.136,0.958[0.809:1.136],0.622
1612,CLMP,0.995,0.873,1.136,0.995[0.873:1.136],0.946
1613,KL,1.031,0.911,1.166,1.031[0.911:1.166],0.633
1614,ABCD3,0.898,0.739,1.09,0.898[0.739:1.09],0.276
1615,TNS4,1.013,0.896,1.145,1.013[0.896:1.145],0.836
1616,AK5,0.992,0.857,1.15,0.992[0.857:1.15],0.92
1617,ADAMTS12,1.049,0.922,1.193,1.049[0.922:1.193],0.466
1618,LGALS3,0.96,0.797,1.156,0.96[0.797:1.156],0.665
1619,STAP2,1.067,0.859,1.326,1.067[0.859:1.326],0.557
1620,CHRNA1,0.926,0.806,1.064,0.926[0.806:1.064],0.276
1621,RGL1,1.059,0.899,1.247,1.059[0.899:1.247],0.492
1622,SMIM10L2B,1.168,0.986,1.384,1.168[0.986:1.384],0.072
1623,FKBP1B,0.984,0.858,1.128,0.984[0.858:1.128],0.814
1624,KRT23,0.982,0.919,1.049,0.982[0.919:1.049],0.586
1625,TSHZ1,1.091,0.9,1.322,1.091[0.9:1.322],0.377
1626,AKAP5,0.919,0.802,1.053,0.919[0.802:1.053],0.224
1627,MCPH1.AS1,1.027,0.877,1.202,1.027[0.877:1.202],0.744
1628,CMKLR1,1.02,0.888,1.172,1.02[0.888:1.172],0.78
1629,NAPSB,1.035,0.899,1.193,1.035[0.899:1.193],0.631
1630,LINC00858,1.089,0.994,1.194,1.089[0.994:1.194],0.067
1631,EPHA10,0.999,0.839,1.19,0.999[0.839:1.19],0.992
1632,MT2P1,0.988,0.85,1.149,0.988[0.85:1.149],0.875
1633,SNCA,1.083,0.949,1.236,1.083[0.949:1.236],0.236
1634,TMEM127,1.244,0.96,1.613,1.244[0.96:1.613],0.098
1635,SV2B,1.076,0.967,1.196,1.076[0.967:1.196],0.177
1636,TESPA1,0.984,0.861,1.125,0.984[0.861:1.125],0.816
1637,STAC2,1.058,0.914,1.224,1.058[0.914:1.224],0.453
1638,IGHV1OR21.1,0.96,0.843,1.092,0.96[0.843:1.092],0.534
1639,IGHV1OR15.9,0.955,0.861,1.059,0.955[0.861:1.059],0.381
1640,TNFAIP8L3,1.173,1.017,1.353,1.173[1.017:1.353],0.028
1641,GPR3,1.069,0.906,1.26,1.069[0.906:1.26],0.43
1642,ADCY2,1.071,0.939,1.222,1.071[0.939:1.222],0.309
1643,CALM1,0.976,0.761,1.251,0.976[0.761:1.251],0.846
1644,RADIL,1.132,0.999,1.284,1.132[0.999:1.284],0.053
1645,SLC24A4,1.01,0.861,1.185,1.01[0.861:1.185],0.899
1646,GPR82,0.953,0.819,1.108,0.953[0.819:1.108],0.529
1647,TMEM74,1.08,0.914,1.277,1.08[0.914:1.277],0.365
1648,LINC00877,0.929,0.793,1.088,0.929[0.793:1.088],0.359
1649,IGLV2.34,0.913,0.804,1.036,0.913[0.804:1.036],0.159
1650,LINC02979,0.922,0.775,1.097,0.922[0.775:1.097],0.362
1651,HADH,0.919,0.737,1.147,0.919[0.737:1.147],0.457
1652,KLC4,0.93,0.76,1.138,0.93[0.76:1.138],0.483
1653,SCN1B,1.143,0.969,1.349,1.143[0.969:1.349],0.113
1654,ADAMTS1,1.091,0.945,1.259,1.091[0.945:1.259],0.234
1655,PERM1,1.104,0.947,1.286,1.104[0.947:1.286],0.207
1656,FLI1,1.04,0.887,1.22,1.04[0.887:1.22],0.626
1657,PRKAA2,0.981,0.903,1.067,0.981[0.903:1.067],0.656
1658,TPRG1L,1.144,0.879,1.489,1.144[0.879:1.489],0.318
1659,C1QA,1.123,0.97,1.299,1.123[0.97:1.299],0.121
1660,PTPRR,0.989,0.875,1.117,0.989[0.875:1.117],0.855
1661,KRT6B,1.018,0.945,1.098,1.018[0.945:1.098],0.632
1662,MSRB3,1.056,0.932,1.198,1.056[0.932:1.198],0.392
1663,MGAT4A,1.073,0.897,1.284,1.073[0.897:1.284],0.442
1664,TIFAB,0.968,0.855,1.096,0.968[0.855:1.096],0.608
1665,FOXP2,1.031,0.94,1.131,1.031[0.94:1.131],0.517
1666,CGN,1.063,0.889,1.272,1.063[0.889:1.272],0.501
1667,ZFR2,1.298,1.11,1.519,1.298[1.11:1.519],0.001
1668,TMEM30B,1.119,0.909,1.378,1.119[0.909:1.378],0.288
1669,AGFG2,1.163,0.946,1.429,1.163[0.946:1.429],0.151
1670,SVIL,1.117,0.939,1.329,1.117[0.939:1.329],0.211
1671,LINC01605,0.969,0.84,1.118,0.969[0.84:1.118],0.665
1672,IGKV1.17,0.965,0.896,1.04,0.965[0.896:1.04],0.35
1673,GLDN,1.24,1.074,1.431,1.24[1.074:1.431],0.003
1674,LINC02975,1.098,0.948,1.271,1.098[0.948:1.271],0.211
1675,ZNF790.AS1,1.018,0.868,1.194,1.018[0.868:1.194],0.825
1676,CCNDBP1,1.199,0.925,1.555,1.199[0.925:1.555],0.17
1677,ITGB7,1.028,0.884,1.195,1.028[0.884:1.195],0.724
1678,CATSPERG,1.319,1.073,1.622,1.319[1.073:1.622],0.009
1679,GIMAP5,1.041,0.911,1.189,1.041[0.911:1.189],0.555
1680,ZNF135,1.075,0.932,1.24,1.075[0.932:1.24],0.321
1681,PITPNM3,1.013,0.87,1.179,1.013[0.87:1.179],0.868
1682,BTK,1.048,0.915,1.2,1.048[0.915:1.2],0.499
1683,ISX,0.966,0.894,1.045,0.966[0.894:1.045],0.391
1684,SLC31A2,1.051,0.893,1.237,1.051[0.893:1.237],0.55
1685,AP3B2,1.049,0.948,1.16,1.049[0.948:1.16],0.354
1686,CD200R1,0.958,0.837,1.096,0.958[0.837:1.096],0.535
1687,IGHV3.11,0.979,0.912,1.05,0.979[0.912:1.05],0.549
1688,IGKV1.16,0.967,0.897,1.042,0.967[0.897:1.042],0.377
1689,NHERF1,0.963,0.78,1.19,0.963[0.78:1.19],0.729
1690,CTSS,1.009,0.832,1.222,1.009[0.832:1.222],0.929
1691,TMEM120A,1.255,0.98,1.608,1.255[0.98:1.608],0.072
1692,MYH9.DT,1.064,0.881,1.286,1.064[0.881:1.286],0.517
1693,APBA1,1.069,0.913,1.253,1.069[0.913:1.253],0.407
1694,TMEM45B,1.001,0.824,1.215,1.001[0.824:1.215],0.995
1695,NMRAL2P,1.149,1.014,1.302,1.149[1.014:1.302],0.029
1696,CR2,1.013,0.932,1.102,1.013[0.932:1.102],0.761
1697,ZNF542P,0.941,0.811,1.091,0.941[0.811:1.091],0.42
1698,PPM1A,0.998,0.799,1.247,0.998[0.799:1.247],0.988
1699,SMYD1,1.008,0.909,1.118,1.008[0.909:1.118],0.882
1700,GLOD5,0.977,0.842,1.134,0.977[0.842:1.134],0.762
1701,CACNB1,1.192,0.985,1.441,1.192[0.985:1.441],0.071
1702,SERPINA4,1.073,0.984,1.17,1.073[0.984:1.17],0.109
1703,CCDC13.AS2,1.055,0.864,1.289,1.055[0.864:1.289],0.597
1704,GNAL,1.061,0.892,1.262,1.061[0.892:1.262],0.506
1705,RHOC,0.962,0.767,1.208,0.962[0.767:1.208],0.742
1706,MPI,1.178,0.94,1.475,1.178[0.94:1.475],0.155
1707,GNG12,0.929,0.769,1.123,0.929[0.769:1.123],0.447
1708,IGLV1.44,0.991,0.919,1.069,0.991[0.919:1.069],0.818
1709,NPAS3,1.039,0.909,1.188,1.039[0.909:1.188],0.572
1710,FAM13C,1.046,0.913,1.198,1.046[0.913:1.198],0.517
1711,MAN1A1,0.985,0.847,1.146,0.985[0.847:1.146],0.843
1712,NIT1,1.108,0.839,1.462,1.108[0.839:1.462],0.47
1713,ZNF677,1.084,0.936,1.254,1.084[0.936:1.254],0.283
1714,RIMS3,0.905,0.787,1.042,0.905[0.787:1.042],0.165
1715,IGKV3.20,0.992,0.917,1.072,0.992[0.917:1.072],0.835
1716,RAP1A,0.995,0.815,1.215,0.995[0.815:1.215],0.963
1717,LINC01705,1.044,0.944,1.155,1.044[0.944:1.155],0.4
1718,IGKV3D.11,0.983,0.9,1.075,0.983[0.9:1.075],0.714
1719,WDR7,1.018,0.839,1.236,1.018[0.839:1.236],0.854
1720,TOX,0.96,0.851,1.084,0.96[0.851:1.084],0.513
1721,IGHV3.41,0.961,0.858,1.075,0.961[0.858:1.075],0.483
1722,SOWAHB,1.049,0.867,1.27,1.049[0.867:1.27],0.624
1723,IGHV3.25,0.955,0.833,1.095,0.955[0.833:1.095],0.511
1724,EXTL1,1.185,1.026,1.37,1.185[1.026:1.37],0.021
1725,SLAMF7,0.983,0.879,1.099,0.983[0.879:1.099],0.765
1726,POU2AF1,0.951,0.859,1.053,0.951[0.859:1.053],0.332
1727,CYRIA,1.058,0.917,1.221,1.058[0.917:1.221],0.436
1728,IGLV4.69,0.982,0.916,1.052,0.982[0.916:1.052],0.599
1729,C1QTNF12,1.058,0.923,1.213,1.058[0.923:1.213],0.415
1730,PPP1R3C,1.034,0.914,1.171,1.034[0.914:1.171],0.591
1731,IGHV3.64,0.958,0.878,1.046,0.958[0.878:1.046],0.339
1732,MAP1LC3C,1.187,1.007,1.399,1.187[1.007:1.399],0.041
1733,MGP,1.125,1.001,1.264,1.125[1.001:1.264],0.048
1734,IGHV3.49,0.995,0.926,1.069,0.995[0.926:1.069],0.891
1735,B3GNT6,0.925,0.868,0.987,0.925[0.868:0.987],0.018
1736,FBLN5,1.098,0.942,1.28,1.098[0.942:1.28],0.231
1737,CACNA1A,1.088,0.926,1.278,1.088[0.926:1.278],0.305
1738,IGLV1.36,1,0.92,1.086,1[0.92:1.086],0.996
1739,DEFB1,0.969,0.879,1.068,0.969[0.879:1.068],0.528
1740,IL10RA,1.039,0.902,1.196,1.039[0.902:1.196],0.597
1741,SLC6A6,1.041,0.897,1.207,1.041[0.897:1.207],0.601
1742,SH3BGR,1.118,0.939,1.332,1.118[0.939:1.332],0.21
1743,MT1L,1.174,1.02,1.351,1.174[1.02:1.351],0.026
1744,RAVER2,1.064,0.874,1.294,1.064[0.874:1.294],0.538
1745,COMP,1.088,1.008,1.174,1.088[1.008:1.174],0.031
1746,ZNF471,0.983,0.876,1.104,0.983[0.876:1.104],0.778
1747,S100P,0.92,0.806,1.052,0.92[0.806:1.052],0.223
1748,PIP5K1B,1.009,0.817,1.247,1.009[0.817:1.247],0.931
1749,ST8SIA1,1.009,0.875,1.163,1.009[0.875:1.163],0.902
1750,TLX1,1.047,0.936,1.171,1.047[0.936:1.171],0.419
1751,MS4A1,0.945,0.87,1.027,0.945[0.87:1.027],0.181
1752,APP.DT,1.079,0.914,1.274,1.079[0.914:1.274],0.368
1753,SLC22A4,1.041,0.871,1.245,1.041[0.871:1.245],0.657
1754,ACADM,0.96,0.816,1.13,0.96[0.816:1.13],0.626
1755,SLC9A3R1.AS1,1.056,0.926,1.204,1.056[0.926:1.204],0.414
1756,KIF13B,0.934,0.786,1.111,0.934[0.786:1.111],0.442
1757,SSPN,1.048,0.908,1.21,1.048[0.908:1.21],0.518
1758,ANKRD13B,1.19,0.985,1.438,1.19[0.985:1.438],0.071
1759,BORCS6,1.235,0.972,1.568,1.235[0.972:1.568],0.084
1760,ANKRD65,1.139,0.982,1.32,1.139[0.982:1.32],0.085
1761,YPEL4,1.147,0.989,1.33,1.147[0.989:1.33],0.069
1762,CD180,1.028,0.908,1.165,1.028[0.908:1.165],0.661
1763,LETM1,1.016,0.801,1.288,1.016[0.801:1.288],0.896
1764,GPR146,1.297,1.071,1.569,1.297[1.071:1.569],0.008
1765,MMP1,0.907,0.826,0.996,0.907[0.826:0.996],0.041
1766,RIPK3,0.945,0.749,1.193,0.945[0.749:1.193],0.634
1767,SEPTIN9.DT,1.023,0.856,1.224,1.023[0.856:1.224],0.799
1768,CA14,1.143,0.967,1.351,1.143[0.967:1.351],0.117
1769,RYR1,1.133,0.971,1.323,1.133[0.971:1.323],0.113
1770,USP34.DT,1.21,0.974,1.505,1.21[0.974:1.505],0.085
1771,IGHV1.2,1.027,0.958,1.101,1.027[0.958:1.101],0.455
1772,IGLV3.1,0.974,0.906,1.048,0.974[0.906:1.048],0.486
1773,SPAAR,0.987,0.821,1.186,0.987[0.821:1.186],0.889
1774,CNGA1,1.029,0.896,1.183,1.029[0.896:1.183],0.685
1775,ZEB2,1.04,0.908,1.192,1.04[0.908:1.192],0.573
1776,RPS15AP11,0.924,0.762,1.121,0.924[0.762:1.121],0.423
1777,IGHV1.58,0.997,0.92,1.082,0.997[0.92:1.082],0.952
1778,KLK15,0.97,0.868,1.086,0.97[0.868:1.086],0.6
1779,LGR4,0.994,0.83,1.191,0.994[0.83:1.191],0.948
1780,CASC16,1.061,0.911,1.236,1.061[0.911:1.236],0.445
1781,SVEP1,1.084,0.954,1.232,1.084[0.954:1.232],0.216
1782,FGF10,1.001,0.896,1.119,1.001[0.896:1.119],0.981
1783,LINC00702,1.107,0.983,1.246,1.107[0.983:1.246],0.093
1784,NAT2,0.921,0.832,1.019,0.921[0.832:1.019],0.11
1785,GABRB3,0.979,0.899,1.065,0.979[0.899:1.065],0.618
1786,ENTREP2,1.021,0.944,1.105,1.021[0.944:1.105],0.6
1787,PRR36,1.065,0.952,1.191,1.065[0.952:1.191],0.271
1788,CRTAC1,1.121,1.015,1.237,1.121[1.015:1.237],0.024
1789,A2M,1.066,0.914,1.243,1.066[0.914:1.243],0.415
1790,KCNJ16,0.889,0.778,1.016,0.889[0.778:1.016],0.083
1791,BICDL3P,0.96,0.832,1.109,0.96[0.832:1.109],0.581
1792,IGHV3.62,0.933,0.822,1.059,0.933[0.822:1.059],0.282
1793,RGS2,1.105,0.961,1.272,1.105[0.961:1.272],0.161
1794,ZNF540,1.146,0.973,1.35,1.146[0.973:1.35],0.103
1795,FCMR,1.074,0.927,1.244,1.074[0.927:1.244],0.342
1796,TPSB2,0.972,0.875,1.081,0.972[0.875:1.081],0.602
1797,LRP10,0.992,0.784,1.256,0.992[0.784:1.256],0.947
1798,LOXL4,1.082,0.938,1.249,1.082[0.938:1.249],0.28
1799,FZD5,1.105,0.88,1.388,1.105[0.88:1.388],0.391
1800,TTC38,0.929,0.75,1.151,0.929[0.75:1.151],0.501
1801,KLK7,0.971,0.907,1.039,0.971[0.907:1.039],0.396
1802,CD1C,0.891,0.776,1.022,0.891[0.776:1.022],0.099
1803,TEK,1.021,0.878,1.186,1.021[0.878:1.186],0.789
1804,BLOC1S5.TXNDC5,1.045,0.896,1.22,1.045[0.896:1.22],0.574
1805,CCM2L,1.176,0.979,1.413,1.176[0.979:1.413],0.084
1806,NIPAL1,0.965,0.814,1.143,0.965[0.814:1.143],0.678
1807,MIER1,0.974,0.823,1.154,0.974[0.823:1.154],0.764
1808,BSG,1.204,0.949,1.528,1.204[0.949:1.528],0.126
1809,LRRN3,0.992,0.876,1.123,0.992[0.876:1.123],0.896
1810,HSPB7,1.085,0.979,1.203,1.085[0.979:1.203],0.121
1811,ATP5PBP5,0.979,0.821,1.168,0.979[0.821:1.168],0.815
1812,MAPT,1.126,1.011,1.253,1.126[1.011:1.253],0.031
1813,ATOSA,1.098,0.911,1.324,1.098[0.911:1.324],0.324
1814,TAGLN,1.114,0.983,1.263,1.114[0.983:1.263],0.09
1815,ITGA7,1.156,0.982,1.362,1.156[0.982:1.362],0.082
1816,GTF2IRD1,1.03,0.838,1.266,1.03[0.838:1.266],0.778
1817,NCF1,1.068,0.935,1.222,1.068[0.935:1.222],0.332
1818,PRRT1,1.287,1.049,1.58,1.287[1.049:1.58],0.016
1819,IGLV3.9,0.983,0.909,1.063,0.983[0.909:1.063],0.663
1820,MAGI3,1.012,0.842,1.217,1.012[0.842:1.217],0.897
1821,TPO,1.069,0.957,1.194,1.069[0.957:1.194],0.236
1822,CPQ,1.049,0.885,1.244,1.049[0.885:1.244],0.58
1823,CMAHP,1.033,0.912,1.17,1.033[0.912:1.17],0.612
1824,MSRA,0.869,0.707,1.069,0.869[0.707:1.069],0.185
1825,GALNT17,1.06,0.928,1.21,1.06[0.928:1.21],0.39
1826,IGKC,1.001,0.923,1.086,1.001[0.923:1.086],0.976
1827,TRGV3,1.04,0.865,1.251,1.04[0.865:1.251],0.676
1828,PDK2,1.102,0.896,1.355,1.102[0.896:1.355],0.357
1829,KIF1C,1.124,0.904,1.397,1.124[0.904:1.397],0.293
1830,NUDT10,1.137,1.006,1.286,1.137[1.006:1.286],0.04
1831,RASL12,1.053,0.882,1.257,1.053[0.882:1.257],0.564
1832,ADRA2A,1.025,0.916,1.146,1.025[0.916:1.146],0.667
1833,TMEM156,0.996,0.869,1.141,0.996[0.869:1.141],0.955
1834,LINC03078,1.041,0.945,1.147,1.041[0.945:1.147],0.419
1835,LINC00689,0.98,0.825,1.165,0.98[0.825:1.165],0.819
1836,MS4A4A,1.054,0.926,1.199,1.054[0.926:1.199],0.428
1837,ELOVL4,1.089,0.936,1.268,1.089[0.936:1.268],0.27
1838,CASQ1,1.078,0.928,1.252,1.078[0.928:1.252],0.327
1839,CCDC85A,1.088,0.953,1.242,1.088[0.953:1.242],0.212
1840,HACD4,1.032,0.887,1.201,1.032[0.887:1.201],0.683
1841,PYY2,1.171,0.973,1.41,1.171[0.973:1.41],0.096
1842,ZNF626,0.993,0.862,1.143,0.993[0.862:1.143],0.917
1843,TRAK2,1.028,0.841,1.258,1.028[0.841:1.258],0.786
1844,MS4A7,1.042,0.909,1.194,1.042[0.909:1.194],0.553
1845,ABCA10,1.011,0.884,1.156,1.011[0.884:1.156],0.872
1846,ZNF415,0.975,0.867,1.095,0.975[0.867:1.095],0.664
1847,LIPH,1.018,0.854,1.214,1.018[0.854:1.214],0.839
1848,ZSWIM6,1.029,0.846,1.251,1.029[0.846:1.251],0.777
1849,AKR1C4,1.035,0.934,1.146,1.035[0.934:1.146],0.516
1850,NEURL1,0.934,0.831,1.05,0.934[0.831:1.05],0.253
1851,MPPED2,1.085,0.947,1.242,1.085[0.947:1.242],0.241
1852,SCN4A,1.167,1.026,1.328,1.167[1.026:1.328],0.019
1853,IGHV3.21,0.979,0.911,1.052,0.979[0.911:1.052],0.562
1854,TCL1A,0.981,0.894,1.077,0.981[0.894:1.077],0.692
1855,LINC00472,1.004,0.85,1.186,1.004[0.85:1.186],0.965
1856,ZC3H12C,0.906,0.801,1.026,0.906[0.801:1.026],0.121
1857,TOX.DT,0.942,0.83,1.068,0.942[0.83:1.068],0.348
1858,MYO3A,1.063,0.937,1.205,1.063[0.937:1.205],0.343
1859,JAM3,1.149,0.964,1.37,1.149[0.964:1.37],0.12
1860,GGT6,0.95,0.857,1.053,0.95[0.857:1.053],0.327
1861,NMNAT1,0.936,0.755,1.16,0.936[0.755:1.16],0.545
1862,CPA3,0.935,0.851,1.027,0.935[0.851:1.027],0.159
1863,LETR1,1.03,0.89,1.193,1.03[0.89:1.193],0.689
1864,PTGR3,1.048,0.833,1.317,1.048[0.833:1.317],0.69
1865,TRPM4,1.069,0.883,1.295,1.069[0.883:1.295],0.494
1866,A2M.AS1,1.049,0.889,1.238,1.049[0.889:1.238],0.567
1867,RBM24,1.015,0.906,1.138,1.015[0.906:1.138],0.792
1868,CCDC80,1.092,0.978,1.22,1.092[0.978:1.22],0.117
1869,TBC1D10A,1.063,0.836,1.353,1.063[0.836:1.353],0.617
1870,NDRG1,1.182,0.987,1.415,1.182[0.987:1.415],0.069
1871,PHYHD1,1.108,0.964,1.274,1.108[0.964:1.274],0.15
1872,FCGRT,1.012,0.838,1.222,1.012[0.838:1.222],0.901
1873,LINC00892,1.098,0.937,1.288,1.098[0.937:1.288],0.248
1874,MLXIPL,1.076,0.942,1.229,1.076[0.942:1.229],0.28
1875,SLC49A3,1.087,0.925,1.278,1.087[0.925:1.278],0.309
1876,SKIDA1,1.145,0.961,1.365,1.145[0.961:1.365],0.129
1877,ARHGEF18,1.106,0.918,1.332,1.106[0.918:1.332],0.289
1878,ANKRD36BP2,0.981,0.888,1.083,0.981[0.888:1.083],0.699
1879,HBA2,1.109,0.995,1.237,1.109[0.995:1.237],0.062
1880,AHNAK,1.089,0.933,1.27,1.089[0.933:1.27],0.279
1881,DDN.AS1,0.993,0.855,1.154,0.993[0.855:1.154],0.93
1882,CAT,1.047,0.841,1.304,1.047[0.841:1.304],0.682
1883,PHYKPL,1.076,0.851,1.36,1.076[0.851:1.36],0.54
1884,DOLPP1,1.08,0.869,1.343,1.08[0.869:1.343],0.486
1885,PLXNA2,1.117,0.921,1.355,1.117[0.921:1.355],0.26
1886,SRL,1.052,0.926,1.196,1.052[0.926:1.196],0.435
1887,FOXN3,1.082,0.911,1.284,1.082[0.911:1.284],0.37
1888,CXCL1,0.866,0.76,0.988,0.866[0.76:0.988],0.032
1889,NKAPL,1.104,0.941,1.295,1.104[0.941:1.295],0.226
1890,GYPE,1.048,0.881,1.247,1.048[0.881:1.247],0.595
1891,MYO1C,1.124,0.896,1.409,1.124[0.896:1.409],0.313
1892,DDR2,1.049,0.932,1.182,1.049[0.932:1.182],0.429
1893,IRX5,1.113,0.992,1.247,1.113[0.992:1.247],0.068
1894,ASCL5,1.065,0.946,1.199,1.065[0.946:1.199],0.299
1895,INPP5K,1.286,0.985,1.68,1.286[0.985:1.68],0.065
1896,PKIG,1.026,0.829,1.27,1.026[0.829:1.27],0.815
1897,GPRASP1,1.188,1.027,1.374,1.188[1.027:1.374],0.02
1898,CNTNAP3B,1.122,0.989,1.274,1.122[0.989:1.274],0.074
1899,NRG1,0.859,0.767,0.962,0.859[0.767:0.962],0.009
1900,WFDC1,0.971,0.822,1.148,0.971[0.822:1.148],0.731
1901,ZNF568,0.971,0.84,1.123,0.971[0.84:1.123],0.695
1902,LINC02256,1.124,0.946,1.337,1.124[0.946:1.337],0.183
1903,TMEM61,0.929,0.823,1.048,0.929[0.823:1.048],0.228
1904,MS4A6A,1.015,0.88,1.171,1.015[0.88:1.171],0.834
1905,SOX15,1.177,0.987,1.404,1.177[0.987:1.404],0.069
1906,STC2,1.158,1.031,1.299,1.158[1.031:1.299],0.013
1907,HILPDA,0.992,0.819,1.202,0.992[0.819:1.202],0.936
1908,TLX2,1.212,1.056,1.392,1.212[1.056:1.392],0.006
1909,SMOX,1.235,1.015,1.502,1.235[1.015:1.502],0.035
1910,IGKV1.9,0.982,0.915,1.053,0.982[0.915:1.053],0.61
1911,PROB1,1.171,0.956,1.435,1.171[0.956:1.435],0.128
1912,TPM1,0.954,0.791,1.15,0.954[0.791:1.15],0.62
1913,LINC02139,1.125,0.903,1.4,1.125[0.903:1.4],0.293
1914,TTC28,1.114,0.958,1.295,1.114[0.958:1.295],0.162
1915,MOB3A,1.106,0.872,1.402,1.106[0.872:1.402],0.408
1916,PLA2G5,1.089,0.959,1.237,1.089[0.959:1.237],0.188
1917,OTOA,1.143,0.962,1.357,1.143[0.962:1.357],0.128
1918,CCL15,0.944,0.816,1.093,0.944[0.816:1.093],0.441
1919,WNT9A,1.084,0.947,1.241,1.084[0.947:1.241],0.245
1920,FAS,0.899,0.767,1.052,0.899[0.767:1.052],0.185
1921,AHRR,1.119,0.962,1.302,1.119[0.962:1.302],0.146
1922,LYL1,1.144,0.933,1.404,1.144[0.933:1.404],0.196
1923,HCFC2,1.064,0.878,1.289,1.064[0.878:1.289],0.529
1924,DDX3ILA1,0.991,0.876,1.121,0.991[0.876:1.121],0.883
1925,IGKV1.8,1.006,0.927,1.091,1.006[0.927:1.091],0.891
1926,SH3BP1,1.074,0.881,1.309,1.074[0.881:1.309],0.481
1927,NXPE1,0.944,0.88,1.013,0.944[0.88:1.013],0.112
1928,ZNF257,1.026,0.916,1.15,1.026[0.916:1.15],0.66
1929,ANKRD40CL,0.977,0.862,1.109,0.977[0.862:1.109],0.722
1930,INSYN1,1.112,0.969,1.276,1.112[0.969:1.276],0.132
1931,ZNF582,0.977,0.849,1.124,0.977[0.849:1.124],0.745
1932,KCTD9,0.925,0.793,1.078,0.925[0.793:1.078],0.317
1933,CD19,1.06,0.939,1.196,1.06[0.939:1.196],0.345
1934,TMEM231P1,0.958,0.843,1.089,0.958[0.843:1.089],0.515
1935,IGHV3.53,0.961,0.887,1.041,0.961[0.887:1.041],0.33
1936,FOXF1,0.996,0.852,1.165,0.996[0.852:1.165],0.96
1937,TRAF3IP2,1.076,0.86,1.345,1.076[0.86:1.345],0.523
1938,IGLV1.51,0.976,0.905,1.053,0.976[0.905:1.053],0.535
1939,CXCL8,0.926,0.835,1.028,0.926[0.835:1.028],0.151
1940,INPP5A,1.045,0.824,1.326,1.045[0.824:1.326],0.718
1941,RNF183,0.995,0.877,1.129,0.995[0.877:1.129],0.939
1942,GIMAP4,1.054,0.9,1.234,1.054[0.9:1.234],0.516
1943,IGLV2.5,0.937,0.828,1.061,0.937[0.828:1.061],0.307
1944,GNA13,1,0.821,1.218,1[0.821:1.218],1
1945,DLG1.AS1,0.991,0.834,1.178,0.991[0.834:1.178],0.921
1946,LGALS9B,0.961,0.876,1.054,0.961[0.876:1.054],0.401
1947,MT.ND6,1.061,0.913,1.234,1.061[0.913:1.234],0.44
1948,PLEKHO1,1.091,0.914,1.302,1.091[0.914:1.302],0.337
1949,FIRRE,1.085,0.992,1.186,1.085[0.992:1.186],0.074
1950,CDO1,1.095,0.977,1.227,1.095[0.977:1.227],0.119
1951,RFX6,0.993,0.897,1.099,0.993[0.897:1.099],0.891
1952,RHBDL2,1.038,0.921,1.17,1.038[0.921:1.17],0.541
1953,DMBX1,1.016,0.923,1.119,1.016[0.923:1.119],0.74
1954,MIEF2,1.207,0.925,1.574,1.207[0.925:1.574],0.165
1955,CD33,1.062,0.914,1.234,1.062[0.914:1.234],0.431
1956,RECK,1.051,0.897,1.232,1.051[0.897:1.232],0.539
1957,NIBAN3,1.064,0.947,1.194,1.064[0.947:1.194],0.296
1958,ITLN1,0.926,0.876,0.979,0.926[0.876:0.979],0.007
1959,RPS6KA1,0.913,0.732,1.14,0.913[0.732:1.14],0.423
1960,CPXM2,1.073,0.959,1.201,1.073[0.959:1.201],0.22
1961,CAMK2B,1.151,1.026,1.291,1.151[1.026:1.291],0.016
1962,CCL21,1.018,0.937,1.106,1.018[0.937:1.106],0.674
1963,KBTBD11,0.927,0.782,1.097,0.927[0.782:1.097],0.377
1964,ANKRD13A,1.048,0.848,1.296,1.048[0.848:1.296],0.662
1965,MT.ND5,1.095,0.913,1.313,1.095[0.913:1.313],0.327
1966,TMEM132B,1.082,0.957,1.222,1.082[0.957:1.222],0.208
1967,DUSP14,1.277,0.988,1.651,1.277[0.988:1.651],0.062
1968,TAFA2,1.079,0.902,1.292,1.079[0.902:1.292],0.405
1969,L1CAM,1.022,0.936,1.117,1.022[0.936:1.117],0.626
1970,ECE1,1.07,0.877,1.305,1.07[0.877:1.305],0.507
1971,RORB,1.006,0.886,1.142,1.006[0.886:1.142],0.929
1972,PER3,1.065,0.921,1.231,1.065[0.921:1.231],0.395
1973,CDC25B,1.115,0.913,1.361,1.115[0.913:1.361],0.287
1974,ARSA,1.133,0.904,1.421,1.133[0.904:1.421],0.278
1975,STPG4,1.107,0.998,1.229,1.107[0.998:1.229],0.055
1976,BDH1,0.988,0.772,1.266,0.988[0.772:1.266],0.926
1977,FAM43B,1.154,1.018,1.309,1.154[1.018:1.309],0.025
1978,IGLV2.23,0.989,0.92,1.064,0.989[0.92:1.064],0.771
1979,RNASE1,1.146,0.96,1.369,1.146[0.96:1.369],0.131
1980,EHHADH,1.023,0.86,1.216,1.023[0.86:1.216],0.798
1981,PDE1B,1.208,1.049,1.39,1.208[1.049:1.39],0.009
1982,IGKV1D.17,0.958,0.87,1.053,0.958[0.87:1.053],0.373
1983,SCD,1.135,0.961,1.34,1.135[0.961:1.34],0.135
1984,ADAMTSL4,1.147,0.994,1.323,1.147[0.994:1.323],0.061
1985,IGHV3.15,0.986,0.918,1.059,0.986[0.918:1.059],0.692
1986,MAP2,1.096,0.969,1.24,1.096[0.969:1.24],0.144
1987,EBF1,1.116,0.965,1.292,1.116[0.965:1.292],0.14
1988,COX5A,0.929,0.725,1.19,0.929[0.725:1.19],0.559
1989,RBP5,1.134,0.954,1.347,1.134[0.954:1.347],0.153
1990,SMIM32,1.016,0.928,1.113,1.016[0.928:1.113],0.729
1991,MAST3,1.121,0.896,1.403,1.121[0.896:1.403],0.316
1992,IGHV4.59,0.998,0.928,1.073,0.998[0.928:1.073],0.956
1993,IGKV1D.43,0.972,0.877,1.077,0.972[0.877:1.077],0.586
1994,VSIG4,1.112,0.988,1.252,1.112[0.988:1.252],0.079
1995,DOCK10,1.015,0.878,1.173,1.015[0.878:1.173],0.841
1996,C1QC,1.102,0.951,1.276,1.102[0.951:1.276],0.195
1997,KLK8,1.014,0.942,1.091,1.014[0.942:1.091],0.719
1998,KCNMB2,1.062,0.915,1.233,1.062[0.915:1.233],0.427
1999,ZSCAN2.AS1,1.27,1.021,1.578,1.27[1.021:1.578],0.032
2000,MTARC2,1.141,0.944,1.38,1.141[0.944:1.38],0.174
2001,LPP,1.053,0.889,1.248,1.053[0.889:1.248],0.549
2002,ZNF304,1.002,0.884,1.137,1.002[0.884:1.137],0.969
2003,PSMD10P2,1.143,0.97,1.347,1.143[0.97:1.347],0.111
2004,TGFBR3L,1.133,0.974,1.317,1.133[0.974:1.317],0.106
2005,MAP4K1,1.054,0.908,1.224,1.054[0.908:1.224],0.489
2006,KLHDC1,1.077,0.907,1.279,1.077[0.907:1.279],0.4
2007,IGKV3.11,1.004,0.933,1.081,1.004[0.933:1.081],0.906
2008,IGLL5,0.994,0.921,1.073,0.994[0.921:1.073],0.875
2009,SLC18A2,0.943,0.811,1.096,0.943[0.811:1.096],0.441
2010,TNFSF12,1.161,0.964,1.397,1.161[0.964:1.397],0.116
2011,STX12,0.992,0.812,1.213,0.992[0.812:1.213],0.939
2012,TSPAN3,1.148,0.908,1.453,1.148[0.908:1.453],0.248
2013,PRKN,0.986,0.86,1.13,0.986[0.86:1.13],0.837
2014,MIR9.3HG,1.04,0.896,1.208,1.04[0.896:1.208],0.604
2015,BIN2,1.096,0.922,1.302,1.096[0.922:1.302],0.3
2016,BCL2L11,1.126,0.917,1.384,1.126[0.917:1.384],0.256
2017,SDHA,1.077,0.85,1.364,1.077[0.85:1.364],0.54
2018,DDX60,0.971,0.84,1.122,0.971[0.84:1.122],0.688
2019,MUL1,1.02,0.797,1.305,1.02[0.797:1.305],0.876
2020,BBOX1.AS1,1.13,1.018,1.255,1.13[1.018:1.255],0.022
2021,PPM1H,0.992,0.826,1.191,0.992[0.826:1.191],0.928
2022,SLC10A1,1.07,0.906,1.263,1.07[0.906:1.263],0.425
2023,KY,1.05,0.895,1.232,1.05[0.895:1.232],0.549
2024,ACOT11,0.905,0.749,1.094,0.905[0.749:1.094],0.302
2025,FTH1,1.033,0.834,1.28,1.033[0.834:1.28],0.768
2026,BAD,1.168,0.907,1.504,1.168[0.907:1.504],0.229
2027,NCKAP1L,1.018,0.882,1.177,1.018[0.882:1.177],0.804
2028,C8G,1.15,1.009,1.31,1.15[1.009:1.31],0.036
2029,STRIP2,0.994,0.848,1.165,0.994[0.848:1.165],0.939
2030,OLFML1,1.02,0.879,1.184,1.02[0.879:1.184],0.789
2031,ATP2B4,1.124,0.962,1.313,1.124[0.962:1.313],0.141
2032,POU2F2,1.117,0.962,1.296,1.117[0.962:1.296],0.146
2033,ESR1,1.115,0.976,1.275,1.115[0.976:1.275],0.11
2034,ROS1,0.994,0.895,1.104,0.994[0.895:1.104],0.917
2035,RBFOX1,1.045,0.951,1.147,1.045[0.951:1.147],0.36
2036,SEMA4G,1.098,0.898,1.342,1.098[0.898:1.342],0.363
2037,WASL,1.029,0.843,1.255,1.029[0.843:1.255],0.78
2038,PNCK,1.1,0.987,1.227,1.1[0.987:1.227],0.085
2039,CLIC2,1.017,0.881,1.172,1.017[0.881:1.172],0.822
2040,DKK4,1.052,0.977,1.133,1.052[0.977:1.133],0.178
2041,CNST,1.04,0.843,1.284,1.04[0.843:1.284],0.714
2042,HERPUD1,1.057,0.83,1.345,1.057[0.83:1.345],0.654
2043,CGRRF1,1.029,0.835,1.268,1.029[0.835:1.268],0.788
2044,CASD1,1.088,0.912,1.298,1.088[0.912:1.298],0.35
2045,VAC14.AS1,1.04,0.898,1.204,1.04[0.898:1.204],0.601
2046,IGLV2.11,1.008,0.938,1.083,1.008[0.938:1.083],0.835
2047,IGHV3.73,0.963,0.895,1.036,0.963[0.895:1.036],0.31
2048,ST6GALNAC3,1.074,0.917,1.257,1.074[0.917:1.257],0.375
2049,CAMK2N1,0.981,0.83,1.16,0.981[0.83:1.16],0.822
2050,CAMTA2,1.205,0.976,1.488,1.205[0.976:1.488],0.083
2051,TBC1D27P,1,0.883,1.131,1[0.883:1.131],0.996
2052,IGHV4.28,0.972,0.892,1.06,0.972[0.892:1.06],0.518
2053,CYP2C18,0.989,0.896,1.092,0.989[0.896:1.092],0.827
2054,SH3BGRL2,0.969,0.798,1.176,0.969[0.798:1.176],0.748
2055,CSF1R,1.054,0.916,1.213,1.054[0.916:1.213],0.464
2056,ARHGEF6,1.058,0.907,1.234,1.058[0.907:1.234],0.474
2057,APBB1IP,1.042,0.903,1.202,1.042[0.903:1.202],0.576
2058,NECAB2,1.262,1.082,1.472,1.262[1.082:1.472],0.003
2059,NPY4R2,1.127,0.972,1.306,1.127[0.972:1.306],0.112
2060,MYO1D,1.019,0.842,1.234,1.019[0.842:1.234],0.845
2061,B2M,1.028,0.845,1.252,1.028[0.845:1.252],0.781
2062,CCDC85C,1.043,0.845,1.289,1.043[0.845:1.289],0.694
2063,FZD1,1.122,0.916,1.375,1.122[0.916:1.375],0.266
2064,VIPR2,1.03,0.9,1.179,1.03[0.9:1.179],0.666
2065,IGHV3.23,0.987,0.918,1.062,0.987[0.918:1.062],0.724
2066,PC,1.019,0.845,1.229,1.019[0.845:1.229],0.841
2067,ADD1,1.053,0.829,1.338,1.053[0.829:1.338],0.673
2068,GAREM2,1.197,1.006,1.424,1.197[1.006:1.424],0.043
2069,AQP5.AS1,0.995,0.897,1.104,0.995[0.897:1.104],0.927
2070,SUSD5,1.133,1.007,1.275,1.133[1.007:1.275],0.037
2071,DAND5,1.155,0.982,1.357,1.155[0.982:1.357],0.081
2072,NEO1,0.947,0.791,1.134,0.947[0.791:1.134],0.553
2073,CYSLTR2,0.951,0.833,1.086,0.951[0.833:1.086],0.457
2074,IGHV5.51,1.004,0.934,1.079,1.004[0.934:1.079],0.907
2075,C3orf70,0.944,0.823,1.083,0.944[0.823:1.083],0.413
2076,ADA2,1.022,0.899,1.161,1.022[0.899:1.161],0.744
2077,MICU3,1.04,0.912,1.187,1.04[0.912:1.187],0.554
2078,PPARD,1.138,0.913,1.418,1.138[0.913:1.418],0.25
2079,IGKV1.6,1.005,0.931,1.084,1.005[0.931:1.084],0.906
2080,PTP4A1,0.98,0.805,1.192,0.98[0.805:1.192],0.837
2081,FEZF1,1.027,0.958,1.1,1.027[0.958:1.1],0.458
2082,TICAM2.AS1,0.942,0.774,1.147,0.942[0.774:1.147],0.553
2083,GBA1,1.07,0.852,1.344,1.07[0.852:1.344],0.559
2084,LINC02980,1.273,1.033,1.569,1.273[1.033:1.569],0.024
2085,VDR,1.064,0.875,1.294,1.064[0.875:1.294],0.534
2086,RARRES2,1.127,0.95,1.337,1.127[0.95:1.337],0.169
2087,TAGAP,0.998,0.87,1.145,0.998[0.87:1.145],0.978
2088,ZNF418,1.054,0.925,1.202,1.054[0.925:1.202],0.43
2089,RPL7AP75,1.039,0.916,1.178,1.039[0.916:1.178],0.555
2090,LINC00324,0.967,0.796,1.176,0.967[0.796:1.176],0.739
2091,PTPRN,1.167,1.047,1.301,1.167[1.047:1.301],0.005
2092,FHL5,1.046,0.908,1.206,1.046[0.908:1.206],0.531
2093,RPS6KA5,0.947,0.809,1.109,0.947[0.809:1.109],0.499
2094,VPS4B,0.988,0.812,1.202,0.988[0.812:1.202],0.903
2095,PREX2,1.074,0.934,1.235,1.074[0.934:1.235],0.316
2096,RNF125,1.044,0.906,1.203,1.044[0.906:1.203],0.549
2097,LRRC31,0.993,0.876,1.127,0.993[0.876:1.127],0.918
2098,LTK,1.045,0.941,1.16,1.045[0.941:1.16],0.407
2099,KLHDC8B,1.147,0.948,1.389,1.147[0.948:1.389],0.159
2100,PCSK6,1.166,0.959,1.419,1.166[0.959:1.419],0.124
2101,HK2,1.034,0.863,1.239,1.034[0.863:1.239],0.715
2102,HSPB2,1.095,0.934,1.284,1.095[0.934:1.284],0.261
2103,NMB,1.304,1.019,1.67,1.304[1.019:1.67],0.035
2104,DIXDC1,1.032,0.865,1.23,1.032[0.865:1.23],0.729
2105,SLC49A4,1.031,0.823,1.292,1.031[0.823:1.292],0.789
2106,IGKV7.3,0.869,0.755,1,0.869[0.755:1],0.05
2107,LINC02253,1.032,0.955,1.116,1.032[0.955:1.116],0.421
2108,HPCAL4,1.246,1.06,1.464,1.246[1.06:1.464],0.008
2109,SYPL2,1.188,1.032,1.368,1.188[1.032:1.368],0.017
2110,PEAK3,1.04,0.868,1.248,1.04[0.868:1.248],0.67
2111,TLCD4,0.941,0.836,1.058,0.941[0.836:1.058],0.31
2112,CRAT,1.123,0.95,1.328,1.123[0.95:1.328],0.173
2113,TCN1,0.979,0.915,1.048,0.979[0.915:1.048],0.548
2114,SLIT2,1.097,0.992,1.214,1.097[0.992:1.214],0.072
2115,GRIK2,1.146,1.019,1.288,1.146[1.019:1.288],0.023
2116,SLC23A3,1.199,1.025,1.403,1.199[1.025:1.403],0.023
2117,IGKV4.1,0.978,0.911,1.051,0.978[0.911:1.051],0.544
2118,BMF,1.062,0.891,1.267,1.062[0.891:1.267],0.501
2119,HDC,0.903,0.803,1.016,0.903[0.803:1.016],0.09
2120,PTPRF,1.061,0.866,1.299,1.061[0.866:1.299],0.569
2121,THRB.AS1,1.009,0.851,1.197,1.009[0.851:1.197],0.917
2122,GPC1.AS1,1.083,0.961,1.222,1.083[0.961:1.222],0.191
2123,IGLV2.14,0.981,0.912,1.055,0.981[0.912:1.055],0.602
2124,CIDEB,1.126,0.986,1.287,1.126[0.986:1.287],0.08
2125,LINC01588,1.137,0.945,1.367,1.137[0.945:1.367],0.174
2126,LRP1B,0.997,0.852,1.167,0.997[0.852:1.167],0.97
2127,CHCHD10,1.046,0.86,1.272,1.046[0.86:1.272],0.652
2128,LINC02595,1.033,0.881,1.211,1.033[0.881:1.211],0.691
2129,ZNF300P1,1.093,0.953,1.254,1.093[0.953:1.254],0.205
2130,CFH,1.045,0.909,1.2,1.045[0.909:1.2],0.538
2131,ZFYVE1,1.186,0.946,1.486,1.186[0.946:1.486],0.139
2132,TNK1,1.164,0.914,1.481,1.164[0.914:1.481],0.218
2133,SYNE1,1.088,0.952,1.244,1.088[0.952:1.244],0.215
2134,MATK,1.096,0.954,1.259,1.096[0.954:1.259],0.194
2135,EVI2B,1.014,0.894,1.15,1.014[0.894:1.15],0.826
2136,NXPE2,0.936,0.85,1.031,0.936[0.85:1.031],0.18
2137,MAPK7,1.175,0.922,1.498,1.175[0.922:1.498],0.193
2138,CAMP,1.039,0.887,1.217,1.039[0.887:1.217],0.639
2139,HMGCS2,0.968,0.901,1.041,0.968[0.901:1.041],0.379
2140,STK17B,1.025,0.842,1.248,1.025[0.842:1.248],0.806
2141,TMEM132C,0.978,0.897,1.067,0.978[0.897:1.067],0.618
2142,NFASC,1.08,0.933,1.251,1.08[0.933:1.251],0.303
2143,FAR2P2,1.026,0.92,1.145,1.026[0.92:1.145],0.643
2144,GRAMD4,1.003,0.828,1.214,1.003[0.828:1.214],0.978
2145,CD37,1.087,0.942,1.255,1.087[0.942:1.255],0.253
2146,CDIP1,1.069,0.926,1.234,1.069[0.926:1.234],0.363
2147,TRGV7,1.026,0.862,1.222,1.026[0.862:1.222],0.771
2148,TSPYL5,1.041,0.9,1.206,1.041[0.9:1.206],0.586
2149,CKMT1A,1.026,0.862,1.221,1.026[0.862:1.221],0.772
2150,LINC02747,0.971,0.852,1.107,0.971[0.852:1.107],0.66
2151,PDE6G,1.058,0.9,1.244,1.058[0.9:1.244],0.492
2152,ARPIN.AP3S2,0.98,0.849,1.13,0.98[0.849:1.13],0.781
2153,PLAAT5,1.119,1.02,1.229,1.119[1.02:1.229],0.018
2154,GPR17,1.005,0.884,1.142,1.005[0.884:1.142],0.943
2155,FGF9,1.047,0.938,1.169,1.047[0.938:1.169],0.413
2156,CACNA1B,1.067,0.965,1.18,1.067[0.965:1.18],0.203
2157,COL28A1,1.065,0.944,1.203,1.065[0.944:1.203],0.307
2158,ATP1B3,1.074,0.837,1.378,1.074[0.837:1.378],0.576
2159,TAX1BP3,1.044,0.857,1.273,1.044[0.857:1.273],0.667
2160,PCSK9,1.104,0.965,1.262,1.104[0.965:1.262],0.148
2161,TMEM131,1.085,0.883,1.332,1.085[0.883:1.332],0.438
2162,EAF2,1.038,0.85,1.267,1.038[0.85:1.267],0.714
2163,EAPP,1.002,0.805,1.246,1.002[0.805:1.246],0.988
2164,HCG4,1.089,0.937,1.266,1.089[0.937:1.266],0.266
2165,GCK,0.938,0.771,1.141,0.938[0.771:1.141],0.523
2166,ZNF781,1.018,0.871,1.189,1.018[0.871:1.189],0.822
2167,RAB4B,1.141,0.901,1.446,1.141[0.901:1.446],0.275
2168,RSAD2,1.038,0.919,1.173,1.038[0.919:1.173],0.551
2169,ATP23,1.012,0.813,1.259,1.012[0.813:1.259],0.916
2170,TMEM105,1.065,0.924,1.229,1.065[0.924:1.229],0.382
2171,SUSD6,1.114,0.907,1.368,1.114[0.907:1.368],0.304
2172,HID1.AS1,1.175,0.979,1.409,1.175[0.979:1.409],0.082
2173,ITPR1,1.019,0.876,1.187,1.019[0.876:1.187],0.804
2174,MARCKS,1.078,0.901,1.291,1.078[0.901:1.291],0.411
2175,RASSF2,1.012,0.874,1.173,1.012[0.874:1.173],0.87
2176,CORO2A,1.049,0.861,1.278,1.049[0.861:1.278],0.637
2177,KDSR.DT,1.034,0.833,1.284,1.034[0.833:1.284],0.76
2178,ZNF829,0.981,0.861,1.119,0.981[0.861:1.119],0.78
2179,DLG2,1.159,1.01,1.331,1.159[1.01:1.331],0.036
2180,FMO2,1.082,0.985,1.187,1.082[0.985:1.187],0.099
2181,EPHA2.AS1,1.039,0.859,1.258,1.039[0.859:1.258],0.693
2182,SLC2A5,1.101,0.959,1.263,1.101[0.959:1.263],0.171
2183,PBX1,1.114,0.96,1.294,1.114[0.96:1.294],0.156
2184,UQCRFS1,0.936,0.745,1.176,0.936[0.745:1.176],0.57
2185,SPTBN4,1.196,1.037,1.379,1.196[1.037:1.379],0.014
2186,PDE1A,1.058,0.914,1.224,1.058[0.914:1.224],0.453
2187,KCNH1,1.002,0.864,1.163,1.002[0.864:1.163],0.975
2188,ZNF132,0.977,0.817,1.17,0.977[0.817:1.17],0.804
2189,GRAMD1C,1.017,0.878,1.178,1.017[0.878:1.178],0.823
2190,CAB39,1.079,0.865,1.346,1.079[0.865:1.346],0.501
2191,LPP.AS2,1.049,0.854,1.289,1.049[0.854:1.289],0.647
2192,TXLNB,0.976,0.862,1.106,0.976[0.862:1.106],0.707
2193,CYP4F29P,1.136,1.02,1.264,1.136[1.02:1.264],0.02
2194,SLC47A1,1.021,0.887,1.175,1.021[0.887:1.175],0.774
2195,PSMG3.AS1,0.999,0.84,1.187,0.999[0.84:1.187],0.99
2196,LGR4.AS1,1.18,0.977,1.426,1.18[0.977:1.426],0.086
2197,SOS2,1.057,0.88,1.27,1.057[0.88:1.27],0.551
2198,RNF185,1.067,0.851,1.338,1.067[0.851:1.338],0.575
2199,SLITRK4,1.084,0.97,1.211,1.084[0.97:1.211],0.156
2200,MAST2,1.078,0.88,1.32,1.078[0.88:1.32],0.468
2201,MAGI2,1.118,0.949,1.318,1.118[0.949:1.318],0.183
2202,OMG,1.092,0.946,1.26,1.092[0.946:1.26],0.231
2203,MVP,1.065,0.855,1.327,1.065[0.855:1.327],0.572
2204,LINC01915,0.887,0.774,1.016,0.887[0.774:1.016],0.083
2205,PSAT1,1.081,0.926,1.263,1.081[0.926:1.263],0.324
2206,CYB561D1,1.044,0.838,1.3,1.044[0.838:1.3],0.704
2207,GHITM,0.996,0.777,1.277,0.996[0.777:1.277],0.976
2208,ZNF821,1.196,0.961,1.488,1.196[0.961:1.488],0.109
2209,EFEMP1,1.093,0.967,1.236,1.093[0.967:1.236],0.155
2210,JAZF1,1.12,0.956,1.312,1.12[0.956:1.312],0.161
2211,EML5,1.01,0.891,1.145,1.01[0.891:1.145],0.872
2212,PHLDA1,1.039,0.889,1.215,1.039[0.889:1.215],0.629
2213,LRRC4C,1.145,1.027,1.276,1.145[1.027:1.276],0.014
2214,GPR55,0.971,0.866,1.089,0.971[0.866:1.089],0.616
2215,APOBEC3B,1.039,0.901,1.198,1.039[0.901:1.198],0.603
2216,PHYH,1.03,0.859,1.236,1.03[0.859:1.236],0.748
2217,SGK2,0.937,0.841,1.043,0.937[0.841:1.043],0.236
2218,TASL,1.025,0.895,1.175,1.025[0.895:1.175],0.719
2219,TMEM200B,1.119,0.97,1.29,1.119[0.97:1.29],0.123
2220,KCTD12,1.016,0.896,1.152,1.016[0.896:1.152],0.804
2221,FAM120AOS,1.167,0.889,1.531,1.167[0.889:1.531],0.266
2222,LINC03013,1.007,0.839,1.21,1.007[0.839:1.21],0.936
2223,FOXD2,0.927,0.79,1.088,0.927[0.79:1.088],0.356
2224,SLAMF1,0.899,0.78,1.037,0.899[0.78:1.037],0.143
2225,LRRC18,0.947,0.798,1.124,0.947[0.798:1.124],0.532
2226,IGHM,0.965,0.893,1.041,0.965[0.893:1.041],0.357
2227,CYP26B1,1.014,0.889,1.158,1.014[0.889:1.158],0.832
2228,BMERB1,1.08,0.914,1.277,1.08[0.914:1.277],0.364
2229,THEMIS,0.969,0.857,1.095,0.969[0.857:1.095],0.61
2230,TIMP1,1.33,1.077,1.642,1.33[1.077:1.642],0.008
2231,KLHL6,1,0.877,1.14,1[0.877:1.14],0.998
2232,ATG4A,1.053,0.849,1.307,1.053[0.849:1.307],0.636
2233,PLEKHA7,1.058,0.858,1.305,1.058[0.858:1.305],0.599
2234,LEAP2,1.108,0.91,1.35,1.108[0.91:1.35],0.306
2235,LRRK2.DT,1.053,0.905,1.226,1.053[0.905:1.226],0.504
2236,IGKV1D.8,0.976,0.893,1.066,0.976[0.893:1.066],0.585
2237,MANCR,1.021,0.906,1.151,1.021[0.906:1.151],0.734
2238,CHRM5,1.1,0.934,1.295,1.1[0.934:1.295],0.253
2239,VAMP8,1.133,0.872,1.471,1.133[0.872:1.471],0.35
2240,SCP2,0.959,0.803,1.146,0.959[0.803:1.146],0.645
2241,SEPTIN1,1.043,0.859,1.267,1.043[0.859:1.267],0.672
2242,NAALAD2,1.132,0.968,1.324,1.132[0.968:1.324],0.12
2243,FDCSP,0.982,0.902,1.068,0.982[0.902:1.068],0.667
2244,GIPC1,1.086,0.85,1.387,1.086[0.85:1.387],0.51
2245,TG,0.949,0.861,1.047,0.949[0.861:1.047],0.299
2246,ATP8A1,1.008,0.878,1.158,1.008[0.878:1.158],0.908
2247,S100A11,1.059,0.855,1.311,1.059[0.855:1.311],0.6
2248,FECH,0.935,0.761,1.149,0.935[0.761:1.149],0.522
2249,SHROOM3,1.036,0.848,1.265,1.036[0.848:1.265],0.732
2250,SOWAHA,0.883,0.764,1.02,0.883[0.764:1.02],0.091
2251,CERS1,1.167,1.002,1.359,1.167[1.002:1.359],0.047
2252,GP2,0.982,0.918,1.051,0.982[0.918:1.051],0.605
2253,AVPI1,1.149,0.916,1.441,1.149[0.916:1.441],0.23
2254,GPR108,1.073,0.821,1.402,1.073[0.821:1.402],0.608
2255,MCF2L2,1.098,0.916,1.317,1.098[0.916:1.317],0.313
2256,TMEM9B,1.117,0.869,1.437,1.117[0.869:1.437],0.387
2257,CD207,0.978,0.86,1.112,0.978[0.86:1.112],0.734
2258,PELI2,1.061,0.921,1.223,1.061[0.921:1.223],0.411
2259,SORBS1,1.07,0.934,1.225,1.07[0.934:1.225],0.33
2260,PDE4D,1.01,0.868,1.176,1.01[0.868:1.176],0.894
2261,SOX17,1.144,0.959,1.364,1.144[0.959:1.364],0.135
2262,CD14,1.145,0.97,1.352,1.145[0.97:1.352],0.109
2263,BCL2L15,0.96,0.838,1.099,0.96[0.838:1.099],0.553
2264,AXL,1.105,0.936,1.305,1.105[0.936:1.305],0.238
2265,TTLL7,1,0.889,1.124,1[0.889:1.124],0.994
2266,CEACAM3,0.881,0.764,1.017,0.881[0.764:1.017],0.084
2267,SASH3,1.005,0.865,1.169,1.005[0.865:1.169],0.945
2268,WBP1L,1.175,0.913,1.514,1.175[0.913:1.514],0.211
2269,CCNA1,1.193,1.015,1.403,1.193[1.015:1.403],0.033
2270,LPCAT4,1.182,0.96,1.456,1.182[0.96:1.456],0.115
2271,IGHV3.43,0.966,0.89,1.048,0.966[0.89:1.048],0.407
2272,AMOTL1,1.06,0.927,1.212,1.06[0.927:1.212],0.392
2273,STAR,1.032,0.859,1.241,1.032[0.859:1.241],0.734
2274,GSTM4,1.02,0.841,1.236,1.02[0.841:1.236],0.844
2275,DYRK2,1.085,0.88,1.336,1.085[0.88:1.336],0.446
2276,IL6ST,1.032,0.871,1.223,1.032[0.871:1.223],0.718
2277,MGAT5B,1.082,0.926,1.263,1.082[0.926:1.263],0.323
2278,VAPA,0.999,0.808,1.236,0.999[0.808:1.236],0.995
2279,GIHCG,1.104,0.924,1.32,1.104[0.924:1.32],0.275
2280,TXNDC11,1.009,0.792,1.285,1.009[0.792:1.285],0.944
2281,TNFAIP8L2,1.063,0.899,1.256,1.063[0.899:1.256],0.474
2282,DOCK2,1.003,0.877,1.146,1.003[0.877:1.146],0.967
2283,CAP2,1.105,0.952,1.283,1.105[0.952:1.283],0.189
2284,VPS26C,1.056,0.823,1.356,1.056[0.823:1.356],0.667
2285,C1orf21,1.033,0.86,1.239,1.033[0.86:1.239],0.731
2286,CALCOCO2,1.058,0.859,1.303,1.058[0.859:1.303],0.598
2287,PENK,1.03,0.937,1.132,1.03[0.937:1.132],0.538
2288,PALS1,1.022,0.836,1.248,1.022[0.836:1.248],0.834
2289,TDRD7,0.943,0.743,1.196,0.943[0.743:1.196],0.626
2290,NAT8B,0.984,0.9,1.077,0.984[0.9:1.077],0.732
2291,MSTN,0.969,0.844,1.113,0.969[0.844:1.113],0.656
2292,TRIM58,1.065,0.971,1.168,1.065[0.971:1.168],0.181
2293,TLE4,1.121,0.936,1.344,1.121[0.936:1.344],0.214
2294,NAIPP1,1.001,0.82,1.222,1.001[0.82:1.222],0.996
2295,TMIE,1.131,0.964,1.328,1.131[0.964:1.328],0.131
2296,IGLV1.47,0.974,0.903,1.05,0.974[0.903:1.05],0.493
2297,GCGR,1.101,0.93,1.303,1.101[0.93:1.303],0.264
2298,CFAP99,1.021,0.866,1.205,1.021[0.866:1.205],0.804
2299,CD52,1.039,0.894,1.208,1.039[0.894:1.208],0.619
2300,ASCL2,0.958,0.86,1.067,0.958[0.86:1.067],0.434
2301,PTGDS,1.125,0.993,1.276,1.125[0.993:1.276],0.065
2302,CKB,0.997,0.899,1.106,0.997[0.899:1.106],0.957
2303,DHRS2,1.102,0.99,1.225,1.102[0.99:1.225],0.075
2304,CASP10,1.017,0.821,1.26,1.017[0.821:1.26],0.875
2305,LEPR,1.029,0.887,1.195,1.029[0.887:1.195],0.704
2306,FGD2,1.082,0.918,1.276,1.082[0.918:1.276],0.348
2307,HHIP.AS1,1.019,0.881,1.179,1.019[0.881:1.179],0.799
2308,FAHD2P1,1.008,0.889,1.143,1.008[0.889:1.143],0.899
2309,TRG.AS1,0.998,0.869,1.147,0.998[0.869:1.147],0.977
2310,AUNIP,0.974,0.808,1.175,0.974[0.808:1.175],0.785
2311,ADAM12,1.075,0.968,1.193,1.075[0.968:1.193],0.176
2312,PIGS,1.128,0.886,1.435,1.128[0.886:1.435],0.329
2313,SPON1,1.064,0.957,1.182,1.064[0.957:1.182],0.252
2314,LGALS12,1.02,0.902,1.154,1.02[0.902:1.154],0.749
2315,IGHV2.70D,0.986,0.908,1.07,0.986[0.908:1.07],0.731
2316,CD96,1.007,0.886,1.145,1.007[0.886:1.145],0.916
2317,SVIL2P,1.127,0.95,1.336,1.127[0.95:1.336],0.169
2318,P2RY13,0.94,0.838,1.054,0.94[0.838:1.054],0.288
2319,SGSM1,1.093,0.961,1.242,1.093[0.961:1.242],0.175
2320,GBA2,1.122,0.883,1.424,1.122[0.883:1.424],0.347
2321,SUCLG2.DT,0.989,0.849,1.153,0.989[0.849:1.153],0.889
2322,TENT5A,0.977,0.825,1.158,0.977[0.825:1.158],0.79
2323,TRIM3,1.19,0.929,1.523,1.19[0.929:1.523],0.168
2324,C1QB,1.097,0.952,1.266,1.097[0.952:1.266],0.201
2325,CCDC13.AS1,1.173,0.977,1.409,1.173[0.977:1.409],0.087
2326,FBXL7,1.09,0.935,1.271,1.09[0.935:1.271],0.273
2327,CNNM1,0.98,0.864,1.111,0.98[0.864:1.111],0.748
2328,EFHD1,1.215,1.038,1.421,1.215[1.038:1.421],0.015
2329,HCLS1,1.028,0.881,1.2,1.028[0.881:1.2],0.723
2330,ZNF667,1.125,0.972,1.303,1.125[0.972:1.303],0.115
2331,MISP,1.017,0.836,1.237,1.017[0.836:1.237],0.864
2332,SERINC2,0.973,0.806,1.175,0.973[0.806:1.175],0.776
2333,SLC37A2,1.048,0.931,1.179,1.048[0.931:1.179],0.436
2334,BMAL2,0.993,0.833,1.184,0.993[0.833:1.184],0.938
2335,ARHGAP25,1.071,0.909,1.261,1.071[0.909:1.261],0.413
2336,SP5,0.991,0.884,1.111,0.991[0.884:1.111],0.879
2337,IGKV2D.29,0.933,0.864,1.008,0.933[0.864:1.008],0.08
2338,FLNB,1.125,0.914,1.385,1.125[0.914:1.385],0.267
2339,H3C6,1.212,1.024,1.434,1.212[1.024:1.434],0.026
2340,IGHV1.46,0.968,0.898,1.042,0.968[0.898:1.042],0.385
2341,KIAA1522,1.138,0.915,1.415,1.138[0.915:1.415],0.246
2342,ZNF528,1.064,0.941,1.204,1.064[0.941:1.204],0.319
2343,CA9,1.024,0.946,1.108,1.024[0.946:1.108],0.558
2344,COLEC11,1.21,1.04,1.408,1.21[1.04:1.408],0.013
2345,KRBOX1,1.065,0.947,1.197,1.065[0.947:1.197],0.294
2346,PRKCD,1.109,0.872,1.41,1.109[0.872:1.41],0.399
2347,NSG1,0.921,0.817,1.039,0.921[0.817:1.039],0.181
2348,MIGA2,1.217,0.968,1.53,1.217[0.968:1.53],0.093
2349,GORAB.AS1,1.018,0.864,1.199,1.018[0.864:1.199],0.832
2350,NBPF25P,0.982,0.825,1.169,0.982[0.825:1.169],0.835
2351,SPART,1.044,0.912,1.196,1.044[0.912:1.196],0.532
2352,LDOC1,1.125,0.955,1.325,1.125[0.955:1.325],0.158
2353,TWIST2,1.037,0.914,1.176,1.037[0.914:1.176],0.575
2354,ARHGEF26,1.066,0.912,1.246,1.066[0.912:1.246],0.421
2355,MRC1,0.972,0.87,1.087,0.972[0.87:1.087],0.621
2356,SLC38A4,0.976,0.895,1.063,0.976[0.895:1.063],0.571
2357,USP30.AS1,0.937,0.809,1.084,0.937[0.809:1.084],0.38
2358,MAFTRR,0.865,0.739,1.012,0.865[0.739:1.012],0.07
2359,CKMT1B,1.003,0.849,1.184,1.003[0.849:1.184],0.976
2360,EPS15.AS1,0.97,0.81,1.162,0.97[0.81:1.162],0.74
2361,WFIKKN2,1.129,0.971,1.312,1.129[0.971:1.312],0.114
2362,GALNT13,1.09,0.992,1.198,1.09[0.992:1.198],0.072
2363,ELMOD1,1.132,0.975,1.316,1.132[0.975:1.316],0.104
2364,SLC13A2,0.964,0.899,1.032,0.964[0.899:1.032],0.292
2365,RNF11,1.021,0.831,1.253,1.021[0.831:1.253],0.846
2366,LINC02613,1.09,0.934,1.271,1.09[0.934:1.271],0.274
2367,NUTM2D,1.147,0.972,1.353,1.147[0.972:1.353],0.104
2368,MEOX1,0.968,0.855,1.095,0.968[0.855:1.095],0.604
2369,CST4,1.048,0.947,1.16,1.048[0.947:1.16],0.366
2370,CDC42SE2,0.901,0.735,1.104,0.901[0.735:1.104],0.315
2371,FAM227A,1.058,0.89,1.257,1.058[0.89:1.257],0.524
2372,MYZAP,1.022,0.871,1.2,1.022[0.871:1.2],0.787
2373,IGLC3,1.016,0.936,1.103,1.016[0.936:1.103],0.703
2374,TNS2,1.131,0.94,1.361,1.131[0.94:1.361],0.193
2375,GON7,0.952,0.754,1.201,0.952[0.754:1.201],0.676
2376,PINLYP,1.027,0.839,1.257,1.027[0.839:1.257],0.795
2377,CFAP251,0.972,0.826,1.145,0.972[0.826:1.145],0.737
2378,LY86,1.089,0.936,1.266,1.089[0.936:1.266],0.269
2379,TGM4,1,0.809,1.237,1[0.809:1.237],0.997
2380,CRY2,1.352,1.054,1.734,1.352[1.054:1.734],0.018
2381,BST1,1.097,0.944,1.276,1.097[0.944:1.276],0.227
2382,AR,1.096,0.981,1.224,1.096[0.981:1.224],0.105
2383,ADRB1,1.067,0.951,1.197,1.067[0.951:1.197],0.269
2384,UGT2B17,0.967,0.916,1.022,0.967[0.916:1.022],0.234
2385,PRDM6,1.071,0.946,1.212,1.071[0.946:1.212],0.281
2386,NUTM2A,1.004,0.862,1.17,1.004[0.862:1.17],0.955
2387,MFSD11,1.003,0.807,1.248,1.003[0.807:1.248],0.977
2388,ADAM28,1.043,0.917,1.187,1.043[0.917:1.187],0.52
2389,NLGN3,1.207,1.023,1.424,1.207[1.023:1.424],0.026
2390,TRGV10,1.028,0.893,1.184,1.028[0.893:1.184],0.7
2391,LAX1,0.975,0.866,1.097,0.975[0.866:1.097],0.674
2392,A1BG.AS1,1.043,0.879,1.237,1.043[0.879:1.237],0.632
2393,DMD,1.066,0.951,1.196,1.066[0.951:1.196],0.274
2394,ABI3,1.068,0.884,1.289,1.068[0.884:1.289],0.498
2395,ATOSB,1.055,0.862,1.292,1.055[0.862:1.292],0.604
2396,PRICKLE2,1.102,0.96,1.265,1.102[0.96:1.265],0.169
2397,BRPF3,1.112,0.909,1.361,1.112[0.909:1.361],0.303
2398,ABCA5,0.958,0.827,1.109,0.958[0.827:1.109],0.567
2399,C3orf85,0.95,0.868,1.041,0.95[0.868:1.041],0.272
2400,ARPIN,1.064,0.874,1.294,1.064[0.874:1.294],0.539
2401,LINC02012,1.012,0.86,1.192,1.012[0.86:1.192],0.884
2402,GINM1,1.048,0.854,1.286,1.048[0.854:1.286],0.653
2403,FCRL3,0.977,0.88,1.086,0.977[0.88:1.086],0.668
2404,PPP2CB,0.899,0.721,1.121,0.899[0.721:1.121],0.344
2405,ROGDI,1.086,0.851,1.386,1.086[0.851:1.386],0.506
2406,SMG1.DT,1.052,0.88,1.258,1.052[0.88:1.258],0.578
2407,SYT15,1.141,0.977,1.333,1.141[0.977:1.333],0.095
2408,ATP2B1.AS1,1.226,0.996,1.51,1.226[0.996:1.51],0.054
2409,ACADVL,1.203,0.947,1.53,1.203[0.947:1.53],0.131
2410,CD40LG,1.016,0.885,1.167,1.016[0.885:1.167],0.818
2411,LRRC8E,1.06,0.898,1.252,1.06[0.898:1.252],0.491
2412,P2RY10,0.936,0.833,1.052,0.936[0.833:1.052],0.266
2413,AKAP9,1.074,0.908,1.271,1.074[0.908:1.271],0.406
2414,TOMM40L,1.1,0.883,1.372,1.1[0.883:1.372],0.396
2415,PPP1R36,0.931,0.805,1.077,0.931[0.805:1.077],0.334
2416,PBXIP1,1.212,0.992,1.482,1.212[0.992:1.482],0.06
2417,CHMP6,0.978,0.777,1.231,0.978[0.777:1.231],0.85
2418,PCDHA3,1.1,0.957,1.266,1.1[0.957:1.266],0.18
2419,NEBL,0.915,0.779,1.075,0.915[0.779:1.075],0.28
2420,INSM1,1.031,0.945,1.124,1.031[0.945:1.124],0.496
2421,PDE6B,1.14,0.968,1.342,1.14[0.968:1.342],0.116
2422,IGKV1.5,0.982,0.912,1.059,0.982[0.912:1.059],0.644
2423,DGLUCY,1.01,0.829,1.229,1.01[0.829:1.229],0.924
2424,ATP8B4,1.065,0.914,1.241,1.065[0.914:1.241],0.416
2425,CSF2RB,0.975,0.86,1.106,0.975[0.86:1.106],0.696
2426,IL11RA,1.212,0.998,1.472,1.212[0.998:1.472],0.053
2427,GVINP1,1.005,0.891,1.134,1.005[0.891:1.134],0.931
2428,ARHGAP17,1.154,0.901,1.479,1.154[0.901:1.479],0.256
2429,COL23A1,1.05,0.899,1.225,1.05[0.899:1.225],0.541
2430,NANS,1.044,0.828,1.318,1.044[0.828:1.318],0.714
2431,SMAD7,1.033,0.852,1.252,1.033[0.852:1.252],0.744
2432,NR2F2.AS1,1.122,0.965,1.304,1.122[0.965:1.304],0.136
2433,CSF1,1.065,0.898,1.263,1.065[0.898:1.263],0.467
2434,ORC6,1.066,0.87,1.307,1.066[0.87:1.307],0.535
2435,NOL4,1.035,0.926,1.157,1.035[0.926:1.157],0.547
2436,ATP5F1B,1.007,0.783,1.295,1.007[0.783:1.295],0.958
2437,ADAMTS8,0.939,0.828,1.065,0.939[0.828:1.065],0.329
2438,ROR1,1.044,0.926,1.176,1.044[0.926:1.176],0.482
2439,SERTAD4,0.949,0.844,1.068,0.949[0.844:1.068],0.384
2440,ZNF491,1.081,0.901,1.298,1.081[0.901:1.298],0.401
2441,RGP1,1.037,0.849,1.265,1.037[0.849:1.265],0.723
2442,LINC02731,1.086,0.942,1.251,1.086[0.942:1.251],0.256
2443,METRNL,1.106,0.885,1.384,1.106[0.885:1.384],0.375
2444,ENC1,1.027,0.845,1.249,1.027[0.845:1.249],0.788
2445,IL10,0.97,0.841,1.118,0.97[0.841:1.118],0.671
2446,NOX4,1.118,0.989,1.264,1.118[0.989:1.264],0.073
2447,ECH1,1.03,0.834,1.271,1.03[0.834:1.271],0.786
2448,SUN2,1.141,0.935,1.393,1.141[0.935:1.393],0.194
2449,ADD2,1.141,1.022,1.274,1.141[1.022:1.274],0.019
2450,USP51,1.093,0.945,1.264,1.093[0.945:1.264],0.231
2451,PLPP7,1.112,0.942,1.313,1.112[0.942:1.313],0.211
2452,ALAD,1.284,1.006,1.639,1.284[1.006:1.639],0.045
2453,RETREG1,0.983,0.85,1.136,0.983[0.85:1.136],0.813
2454,PSEN1,1.082,0.854,1.37,1.082[0.854:1.37],0.516
2455,GAREM1,1.037,0.86,1.252,1.037[0.86:1.252],0.701
2456,COL21A1,1,0.885,1.131,1[0.885:1.131],0.996
2457,GMFG,1.035,0.854,1.255,1.035[0.854:1.255],0.724
2458,IGLC7,0.993,0.92,1.072,0.993[0.92:1.072],0.852
2459,SOX5,1.024,0.906,1.157,1.024[0.906:1.157],0.704
2460,GSKIP,0.917,0.761,1.104,0.917[0.761:1.104],0.359
2461,SLC25A4,1.023,0.802,1.303,1.023[0.802:1.303],0.857
2462,IGLV3.10,0.98,0.912,1.053,0.98[0.912:1.053],0.579
2463,LINC01871,0.939,0.819,1.076,0.939[0.819:1.076],0.367
2464,MMP25,0.991,0.844,1.163,0.991[0.844:1.163],0.91
2465,CAPN9,0.925,0.846,1.011,0.925[0.846:1.011],0.084
2466,GATA1,0.864,0.724,1.031,0.864[0.724:1.031],0.106
2467,CAMK2G,1.137,0.882,1.467,1.137[0.882:1.467],0.321
2468,IGLV2.28,0.948,0.848,1.061,0.948[0.848:1.061],0.354
2469,MFNG,1.267,1.053,1.523,1.267[1.053:1.523],0.012
2470,ART4,1.062,0.949,1.188,1.062[0.949:1.188],0.294
2471,TP53INP1,1.025,0.868,1.211,1.025[0.868:1.211],0.769
2472,INAFM2,1.121,0.943,1.332,1.121[0.943:1.332],0.195
2473,IMPA1,0.975,0.823,1.156,0.975[0.823:1.156],0.773
2474,IBSP,1.071,0.984,1.165,1.071[0.984:1.165],0.111
2475,CASZ1,1.027,0.842,1.254,1.027[0.842:1.254],0.791
2476,RGS18,0.966,0.845,1.105,0.966[0.845:1.105],0.616
2477,SLITRK5,1.03,0.929,1.143,1.03[0.929:1.143],0.573
2478,SSTR1,1.043,0.923,1.179,1.043[0.923:1.179],0.502
2479,ZNF219,1.091,0.864,1.378,1.091[0.864:1.378],0.464
2480,XCR1,0.973,0.88,1.076,0.973[0.88:1.076],0.599
2481,IGLV3.19,0.959,0.893,1.03,0.959[0.893:1.03],0.254
2482,C2CD2L,1.283,1.006,1.637,1.283[1.006:1.637],0.045
2483,SUCLG2P2,0.861,0.733,1.01,0.861[0.733:1.01],0.067
2484,PPEF1,1.135,0.975,1.321,1.135[0.975:1.321],0.102
2485,IGHV3.20,0.985,0.902,1.076,0.985[0.902:1.076],0.737
2486,PPP1R14D,0.949,0.848,1.061,0.949[0.848:1.061],0.355
2487,EID3,1.047,0.865,1.267,1.047[0.865:1.267],0.637
2488,TAMALIN,1.179,0.969,1.435,1.179[0.969:1.435],0.1
2489,KIAA1549,1.14,0.943,1.378,1.14[0.943:1.378],0.174
2490,LINC01978,1.058,0.935,1.196,1.058[0.935:1.196],0.37
2491,NCR3,1.006,0.871,1.162,1.006[0.871:1.162],0.938
2492,POU5F1B,0.958,0.874,1.05,0.958[0.874:1.05],0.361
2493,PDK4.AS1,1.005,0.853,1.183,1.005[0.853:1.183],0.956
2494,SCIMP,1.019,0.889,1.168,1.019[0.889:1.168],0.788
2495,NTN4,1.069,0.902,1.267,1.069[0.902:1.267],0.439
2496,SUCLG1,0.985,0.781,1.244,0.985[0.781:1.244],0.901
2497,S1PR1,1.082,0.921,1.271,1.082[0.921:1.271],0.34
2498,RTCA.AS1,1.016,0.849,1.215,1.016[0.849:1.215],0.865
2499,GNPTAB,1.023,0.832,1.258,1.023[0.832:1.258],0.827
2500,TMEM25,1.042,0.903,1.202,1.042[0.903:1.202],0.576
2501,BTBD9,1.003,0.809,1.242,1.003[0.809:1.242],0.981
2502,CASP12,1.077,0.909,1.276,1.077[0.909:1.276],0.393
2503,NRROS,1.075,0.906,1.275,1.075[0.906:1.275],0.406
2504,IGLV3.12,0.97,0.866,1.086,0.97[0.866:1.086],0.597
2505,SIRT6,1.1,0.869,1.392,1.1[0.869:1.392],0.429
2506,DYNC1I1,1.142,1.019,1.279,1.142[1.019:1.279],0.022
2507,ARHGAP42,1.028,0.87,1.215,1.028[0.87:1.215],0.744
2508,GASK1A,1.007,0.895,1.133,1.007[0.895:1.133],0.907
2509,VPS9D1.AS1,1.163,0.985,1.373,1.163[0.985:1.373],0.075
2510,CR1,1.008,0.913,1.114,1.008[0.913:1.114],0.87
2511,BAK1,1.058,0.847,1.321,1.058[0.847:1.321],0.622
2512,DCAF11,1.114,0.876,1.417,1.114[0.876:1.417],0.378
2513,SYTL2,0.98,0.842,1.139,0.98[0.842:1.139],0.79
2514,CCDC169,1.038,0.926,1.164,1.038[0.926:1.164],0.522
2515,IGLV1.40,0.986,0.917,1.06,0.986[0.917:1.06],0.707
2516,ANTXR2,1.041,0.878,1.235,1.041[0.878:1.235],0.644
2517,ADGRV1,1.012,0.892,1.149,1.012[0.892:1.149],0.847
2518,ACP2,1.202,0.931,1.552,1.202[0.931:1.552],0.158
2519,SMDT1,1.073,0.821,1.401,1.073[0.821:1.401],0.607
2520,CDK5R2,1.192,1.07,1.329,1.192[1.07:1.329],0.001
2521,DOK4,1.022,0.819,1.275,1.022[0.819:1.275],0.848
2522,LINC00863,1.126,0.922,1.376,1.126[0.922:1.376],0.243
2523,PRPH2,1.083,0.929,1.262,1.083[0.929:1.262],0.309
2524,MAP2K6,0.906,0.761,1.078,0.906[0.761:1.078],0.264
2525,TMC4,1.19,0.969,1.462,1.19[0.969:1.462],0.096
2526,ARHGEF9,1.123,0.916,1.378,1.123[0.916:1.378],0.265
2527,ARHGEF26.AS1,1.117,0.991,1.258,1.117[0.991:1.258],0.069
2528,BTG1,1.059,0.852,1.316,1.059[0.852:1.316],0.604
2529,PTGES2.AS1,1.136,0.98,1.318,1.136[0.98:1.318],0.091
2530,UQCR10,0.995,0.776,1.274,0.995[0.776:1.274],0.966
2531,DCLK2,1.071,0.918,1.25,1.071[0.918:1.25],0.382
2532,IRAG1,1.064,0.921,1.229,1.064[0.921:1.229],0.401
2533,FAM13B,0.993,0.825,1.196,0.993[0.825:1.196],0.943
2534,AIF1,1.057,0.901,1.24,1.057[0.901:1.24],0.495
2535,MS4A8,0.952,0.861,1.053,0.952[0.861:1.053],0.338
2536,PLEKHB2,1.089,0.843,1.406,1.089[0.843:1.406],0.513
2537,MFN2,1.042,0.83,1.309,1.042[0.83:1.309],0.721
2538,FRMD4B,1.103,0.917,1.326,1.103[0.917:1.326],0.297
2539,TRPA1,0.909,0.82,1.007,0.909[0.82:1.007],0.067
2540,CACNA1H,1.096,0.947,1.269,1.096[0.947:1.269],0.218
2541,AOC4P,1.179,1.005,1.383,1.179[1.005:1.383],0.043
2542,GRIN2B,0.948,0.847,1.062,0.948[0.847:1.062],0.358
2543,NPSR1.AS1,1.068,0.975,1.17,1.068[0.975:1.17],0.155
2544,IGHV3.33,0.987,0.915,1.064,0.987[0.915:1.064],0.728
2545,ABCB1,0.987,0.895,1.088,0.987[0.895:1.088],0.788
2546,MEF2D,1.141,0.924,1.408,1.141[0.924:1.408],0.221
2547,SULT4A1,1.027,0.943,1.117,1.027[0.943:1.117],0.54
2548,NUDT16,1.098,0.871,1.385,1.098[0.871:1.385],0.429
2549,SLC15A2,1.064,0.893,1.269,1.064[0.893:1.269],0.486
2550,SOCS6,1.019,0.848,1.224,1.019[0.848:1.224],0.839
2551,PHF7,1.013,0.819,1.252,1.013[0.819:1.252],0.906
2552,SLC27A4,1.22,0.939,1.585,1.22[0.939:1.585],0.137
2553,HRC,1.239,1.034,1.485,1.239[1.034:1.485],0.02
2554,SAR1B,0.97,0.764,1.231,0.97[0.764:1.231],0.801
2555,PMM1,0.966,0.779,1.198,0.966[0.779:1.198],0.754
2556,UST,1.145,1.02,1.284,1.145[1.02:1.284],0.021
2557,DHRS1,1.085,0.86,1.368,1.085[0.86:1.368],0.492
2558,ASB7,1.101,0.879,1.38,1.101[0.879:1.38],0.401
2559,NKPD1,1.106,0.949,1.288,1.106[0.949:1.288],0.199
2560,MYO15B,1.02,0.865,1.203,1.02[0.865:1.203],0.814
2561,AUH,1.058,0.832,1.346,1.058[0.832:1.346],0.643
2562,ST3GAL3,1.058,0.848,1.319,1.058[0.848:1.319],0.617
2563,NPTN,1.09,0.865,1.375,1.09[0.865:1.375],0.465
2564,PDZRN3,1.048,0.907,1.21,1.048[0.907:1.21],0.524
2565,IGHV1.18,0.979,0.913,1.049,0.979[0.913:1.049],0.54
2566,CDK20,1.133,0.938,1.368,1.133[0.938:1.368],0.195
2567,PSKH1,1.053,0.83,1.336,1.053[0.83:1.336],0.671
2568,TPM2,1.175,1.016,1.36,1.175[1.016:1.36],0.03
2569,MMP13,1.013,0.93,1.105,1.013[0.93:1.105],0.76
2570,C6orf136,1.121,0.897,1.401,1.121[0.897:1.401],0.317
2571,TIAM1,1.051,0.928,1.191,1.051[0.928:1.191],0.435
2572,SORBS3,1.052,0.864,1.281,1.052[0.864:1.281],0.615
2573,EFNA5,1.04,0.934,1.158,1.04[0.934:1.158],0.478
2574,WLS,1.043,0.846,1.287,1.043[0.846:1.287],0.693
2575,ZSCAN18,1.065,0.95,1.194,1.065[0.95:1.194],0.279
2576,KLRC1,0.976,0.856,1.113,0.976[0.856:1.113],0.718
2577,PCK2,0.97,0.78,1.206,0.97[0.78:1.206],0.784
2578,MLIP,1.036,0.883,1.215,1.036[0.883:1.215],0.667
2579,TAL1,1.096,0.934,1.285,1.096[0.934:1.285],0.261
2580,CYP4F12,0.947,0.828,1.083,0.947[0.828:1.083],0.427
2581,ST6GALNAC1,0.976,0.874,1.09,0.976[0.874:1.09],0.666
2582,WNT3,1.048,0.891,1.234,1.048[0.891:1.234],0.57
2583,FNIP2,1,0.847,1.181,1[0.847:1.181],0.996
2584,CCDC107,1.15,0.904,1.463,1.15[0.904:1.463],0.254
2585,HERC3,1.005,0.842,1.199,1.005[0.842:1.199],0.957
2586,SLC8A1,1.032,0.88,1.211,1.032[0.88:1.211],0.698
2587,LRRFIP2,0.977,0.791,1.205,0.977[0.791:1.205],0.825
2588,LRRTM1,1.066,0.975,1.165,1.066[0.975:1.165],0.162
2589,FADS6,1.024,0.941,1.115,1.024[0.941:1.115],0.581
2590,MGC16275,1.143,0.958,1.364,1.143[0.958:1.364],0.137
2591,MT.RNR2,1.181,0.992,1.406,1.181[0.992:1.406],0.062
2592,COL14A1,1.039,0.918,1.176,1.039[0.918:1.176],0.546
2593,KCNJ2.AS1,0.998,0.848,1.175,0.998[0.848:1.175],0.984
2594,TSC22D3,1.149,0.967,1.366,1.149[0.967:1.366],0.115
2595,EVI2A,0.99,0.87,1.127,0.99[0.87:1.127],0.88
2596,BMAL1,1.11,0.88,1.4,1.11[0.88:1.4],0.38
2597,DAB2IP,1.116,0.909,1.37,1.116[0.909:1.37],0.296
2598,RBM38.AS1,1.087,0.911,1.298,1.087[0.911:1.298],0.356
2599,TNIP1,1.086,0.851,1.387,1.086[0.851:1.387],0.507
2600,IGHV1.67,0.956,0.865,1.057,0.956[0.865:1.057],0.379
2601,NTAN1,1.066,0.849,1.339,1.066[0.849:1.339],0.582
2602,FGF2,1.056,0.934,1.193,1.056[0.934:1.193],0.384
2603,ZNF772,1.057,0.935,1.195,1.057[0.935:1.195],0.378
2604,HSD17B1P1,1.225,1.022,1.468,1.225[1.022:1.468],0.028
2605,HECW2.AS1,1.031,0.893,1.189,1.031[0.893:1.189],0.681
2606,TRPC6,1.033,0.891,1.198,1.033[0.891:1.198],0.666
2607,ASB8,1.039,0.83,1.301,1.039[0.83:1.301],0.738
2608,OLFML2A,1.05,0.883,1.248,1.05[0.883:1.248],0.583
2609,CNN3.DT,1.017,0.875,1.182,1.017[0.875:1.182],0.826
2610,WAS,1.086,0.93,1.268,1.086[0.93:1.268],0.298
2611,COL7A1,1.017,0.891,1.162,1.017[0.891:1.162],0.799
2612,PABPC1L,1.181,1.034,1.35,1.181[1.034:1.35],0.014
2613,BLOC1S1,1.001,0.79,1.27,1.001[0.79:1.27],0.991
2614,DERL3,0.982,0.854,1.129,0.982[0.854:1.129],0.801
2615,GPR84.AS1,1.067,0.887,1.284,1.067[0.887:1.284],0.493
2616,MYBPC2,1.097,0.957,1.257,1.097[0.957:1.257],0.185
2617,MYCT1,1.053,0.903,1.228,1.053[0.903:1.228],0.509
2618,RIPK1,1.125,0.877,1.444,1.125[0.877:1.444],0.353
2619,MTMR3,1.136,0.904,1.429,1.136[0.904:1.429],0.273
2620,IGLL1,0.943,0.809,1.1,0.943[0.809:1.1],0.456
2621,UAP1,1.068,0.858,1.33,1.068[0.858:1.33],0.555
2622,MTNR1A,1.027,0.907,1.164,1.027[0.907:1.164],0.67
2623,ATP8B2,1.08,0.929,1.255,1.08[0.929:1.255],0.319
2624,VLDLR.AS1,1.025,0.895,1.175,1.025[0.895:1.175],0.718
2625,BPNT1,0.984,0.78,1.241,0.984[0.78:1.241],0.892
2626,IGLV3.16,0.952,0.862,1.051,0.952[0.862:1.051],0.328
2627,KCNIP3,1.208,1.051,1.389,1.208[1.051:1.389],0.008
2628,ZNF831,0.957,0.846,1.081,0.957[0.846:1.081],0.477
2629,LINC01389,0.997,0.867,1.146,0.997[0.867:1.146],0.965
2630,P2RY2,0.991,0.825,1.189,0.991[0.825:1.189],0.921
2631,ZCCHC12,1.016,0.872,1.184,1.016[0.872:1.184],0.839
2632,PGGHG,1.125,0.988,1.281,1.125[0.988:1.281],0.076
2633,CD302,1.011,0.876,1.167,1.011[0.876:1.167],0.876
2634,CACNA2D3,1.066,0.919,1.237,1.066[0.919:1.237],0.398
2635,PABPC5,1.092,0.948,1.257,1.092[0.948:1.257],0.224
2636,IGHV2.26,0.982,0.912,1.058,0.982[0.912:1.058],0.64
2637,PKMP3,1.083,0.901,1.301,1.083[0.901:1.301],0.396
2638,LINC03061,1.081,1.003,1.164,1.081[1.003:1.164],0.041
2639,KNG1,0.994,0.899,1.099,0.994[0.899:1.099],0.907
2640,SPINT1,1.187,0.931,1.512,1.187[0.931:1.512],0.166
2641,TGFB1I1,1.182,0.973,1.435,1.182[0.973:1.435],0.091
2642,H2AC13,0.976,0.853,1.118,0.976[0.853:1.118],0.731
2643,IGLC2,0.99,0.909,1.077,0.99[0.909:1.077],0.81
2644,ZNF710.AS1,1.021,0.855,1.219,1.021[0.855:1.219],0.822
2645,PRX,1.205,1.011,1.436,1.205[1.011:1.436],0.037
2646,IGHV3.48,0.982,0.909,1.062,0.982[0.909:1.062],0.649
2647,VEPH1,1.022,0.899,1.162,1.022[0.899:1.162],0.739
2648,PDXP,1.199,0.962,1.495,1.199[0.962:1.495],0.107
2649,C5orf46,1.162,1.053,1.282,1.162[1.053:1.282],0.003
2650,INAVA,1.087,0.889,1.33,1.087[0.889:1.33],0.415
2651,SLC20A2,0.936,0.76,1.154,0.936[0.76:1.154],0.539
2652,MAP1B,1.115,0.974,1.276,1.115[0.974:1.276],0.115
2653,CACNA2D1,1.078,0.953,1.22,1.078[0.953:1.22],0.232
2654,NUTM2B,1.125,0.955,1.326,1.125[0.955:1.326],0.158
2655,GDE1,0.897,0.719,1.119,0.897[0.719:1.119],0.337
2656,EPHX1,1.135,0.933,1.38,1.135[0.933:1.38],0.205
2657,GZMA,0.974,0.856,1.107,0.974[0.856:1.107],0.684
2658,LINC03007,1.046,0.916,1.195,1.046[0.916:1.195],0.507
2659,CYSRT1,1.17,0.991,1.381,1.17[0.991:1.381],0.064
2660,ZNF396,0.95,0.798,1.131,0.95[0.798:1.131],0.566
2661,ADCY6,1.138,0.921,1.406,1.138[0.921:1.406],0.23
2662,TEP1,1.102,0.906,1.341,1.102[0.906:1.341],0.329
2663,STK31,1.185,1.048,1.341,1.185[1.048:1.341],0.007
2664,HEXA.AS1,1.064,0.902,1.256,1.064[0.902:1.256],0.459
2665,FBXO8,1.033,0.824,1.296,1.033[0.824:1.296],0.778
2666,IL17B,1.072,0.88,1.305,1.072[0.88:1.305],0.49
2667,CLRN3,0.876,0.731,1.051,0.876[0.731:1.051],0.155
2668,ZNF454,1.133,0.968,1.327,1.133[0.968:1.327],0.12
2669,HCST,1.132,0.972,1.319,1.132[0.972:1.319],0.111
2670,GOT1,1.099,0.883,1.368,1.099[0.883:1.368],0.398
2671,SAP30L,1.049,0.82,1.341,1.049[0.82:1.341],0.704
2672,AFF2,0.957,0.838,1.093,0.957[0.838:1.093],0.514
2673,SPINT1.AS1,1.259,0.971,1.632,1.259[0.971:1.632],0.082
2674,KLF8,1.128,0.977,1.302,1.128[0.977:1.302],0.101
2675,FAM124A,1.06,0.919,1.224,1.06[0.919:1.224],0.423
2676,ENPP1,0.997,0.864,1.15,0.997[0.864:1.15],0.967
2677,NMUR1,1.187,1.007,1.398,1.187[1.007:1.398],0.041
2678,ILK,1.078,0.9,1.292,1.078[0.9:1.292],0.415
2679,ARHGAP28,0.989,0.867,1.127,0.989[0.867:1.127],0.863
2680,C2orf72,1.002,0.863,1.164,1.002[0.863:1.164],0.977
2681,ABHD8,1.299,1.033,1.634,1.299[1.033:1.634],0.025
2682,PDLIM1,1.083,0.832,1.41,1.083[0.832:1.41],0.552
2683,IGHV4.55,0.972,0.889,1.062,0.972[0.889:1.062],0.527
2684,C10orf143,0.972,0.815,1.16,0.972[0.815:1.16],0.754
2685,TADA2B,1.089,0.86,1.378,1.089[0.86:1.378],0.48
2686,UPP1,1.136,0.913,1.414,1.136[0.913:1.414],0.253
2687,FAM110B,1.069,0.925,1.235,1.069[0.925:1.235],0.368
2688,NDRG4,1.137,0.967,1.337,1.137[0.967:1.337],0.119
2689,ACVR1C,1.051,0.925,1.195,1.051[0.925:1.195],0.445
2690,ADGRD1,1.138,1.006,1.288,1.138[1.006:1.288],0.039
2691,WASHC2C,1.103,0.919,1.323,1.103[0.919:1.323],0.292
2692,PTGIS,1.105,1,1.222,1.105[1:1.222],0.051
2693,SNHG25,0.947,0.839,1.069,0.947[0.839:1.069],0.379
2694,FBLN2,1.047,0.936,1.172,1.047[0.936:1.172],0.423
2695,CDC42EP4,1.088,0.839,1.41,1.088[0.839:1.41],0.526
2696,MKRN2OS,0.906,0.737,1.113,0.906[0.737:1.113],0.345
2697,SHD,1.068,0.917,1.243,1.068[0.917:1.243],0.399
2698,HSD17B6,1.051,0.898,1.229,1.051[0.898:1.229],0.537
2699,DCHS2,1.067,0.98,1.163,1.067[0.98:1.163],0.136
2700,DTNA,1.133,1.023,1.254,1.133[1.023:1.254],0.017
2701,LINC00494,1.037,0.923,1.165,1.037[0.923:1.165],0.54
2702,ZNF385D,1.026,0.916,1.15,1.026[0.916:1.15],0.655
2703,LINC02861,1.049,0.862,1.277,1.049[0.862:1.277],0.632
2704,CD4,1.006,0.866,1.168,1.006[0.866:1.168],0.94
2705,GRAP2,0.984,0.846,1.144,0.984[0.846:1.144],0.831
2706,SEC14L2,0.961,0.801,1.152,0.961[0.801:1.152],0.664
2707,ETFA,1.099,0.862,1.4,1.099[0.862:1.4],0.448
2708,CTSD,1.326,1.051,1.672,1.326[1.051:1.672],0.017
2709,FAM177B,0.918,0.825,1.021,0.918[0.825:1.021],0.113
2710,GLS2,1.028,0.874,1.209,1.028[0.874:1.209],0.738
2711,CELSR1,1.094,0.937,1.276,1.094[0.937:1.276],0.257
2712,RUNX1T1,1.044,0.916,1.19,1.044[0.916:1.19],0.516
2713,PAFAH1B1,1.073,0.849,1.357,1.073[0.849:1.357],0.553
2714,GLI3,1.072,0.954,1.205,1.072[0.954:1.205],0.242
2715,PNMA1,1.193,0.987,1.443,1.193[0.987:1.443],0.068
2716,GPR174,1.044,0.924,1.179,1.044[0.924:1.179],0.494
2717,RSPO3,1.02,0.923,1.127,1.02[0.923:1.127],0.703
2718,EIF4EBP2,1.101,0.881,1.376,1.101[0.881:1.376],0.397
2719,DZIP1,1.03,0.881,1.205,1.03[0.881:1.205],0.711
2720,CABCOCO1,1.044,0.905,1.203,1.044[0.905:1.203],0.557
2721,SERTAD4.AS1,0.993,0.851,1.16,0.993[0.851:1.16],0.933
2722,PLA2G10CP,0.937,0.84,1.044,0.937[0.84:1.044],0.237
2723,DOK2,1.018,0.873,1.188,1.018[0.873:1.188],0.816
2724,GABARAPL1,1.103,0.913,1.332,1.103[0.913:1.332],0.309
2725,TMEM88,1.338,1.099,1.628,1.338[1.099:1.628],0.004
2726,IL17RC,1.132,0.859,1.491,1.132[0.859:1.491],0.378
2727,C3orf86P,0.926,0.797,1.077,0.926[0.797:1.077],0.318
2728,INPP5J,0.984,0.83,1.167,0.984[0.83:1.167],0.855
2729,ESR2,1.024,0.869,1.206,1.024[0.869:1.206],0.777
2730,TNFRSF13C,1.139,0.989,1.312,1.139[0.989:1.312],0.07
2731,SLC6A16,1.103,0.954,1.276,1.103[0.954:1.276],0.186
2732,BOC,1.092,0.969,1.231,1.092[0.969:1.231],0.15
2733,MIRLET7D,1.059,0.903,1.242,1.059[0.903:1.242],0.48
2734,FLNA,1.107,0.959,1.278,1.107[0.959:1.278],0.165
2735,IGLV8.61,0.947,0.886,1.013,0.947[0.886:1.013],0.114
2736,MLXIP,1.103,0.906,1.344,1.103[0.906:1.344],0.329
2737,PTGR1,0.977,0.802,1.19,0.977[0.802:1.19],0.816
2738,KRT75,0.99,0.916,1.07,0.99[0.916:1.07],0.804
2739,HEATR5A,0.987,0.826,1.18,0.987[0.826:1.18],0.885
2740,XK,1.031,0.87,1.221,1.031[0.87:1.221],0.727
2741,PLD4,0.981,0.856,1.123,0.981[0.856:1.123],0.776
2742,PLAC4,1.044,0.937,1.163,1.044[0.937:1.163],0.439
2743,DNM1P46,1.165,0.988,1.374,1.165[0.988:1.374],0.07
2744,SCAT1,1.068,0.94,1.214,1.068[0.94:1.214],0.311
2745,SAMD9,0.993,0.872,1.132,0.993[0.872:1.132],0.921
2746,DENND1C,1.152,0.95,1.398,1.152[0.95:1.398],0.15
2747,DUSP1,1.032,0.885,1.205,1.032[0.885:1.205],0.686
2748,PCDH7,1.066,0.938,1.21,1.066[0.938:1.21],0.327
2749,SIX1,1.131,1.004,1.274,1.131[1.004:1.274],0.044
2750,RAB42,1.175,1.001,1.38,1.175[1.001:1.38],0.049
2751,ZFP3,0.992,0.858,1.148,0.992[0.858:1.148],0.916
2752,LRRTM2,0.973,0.847,1.117,0.973[0.847:1.117],0.697
2753,SLC44A1,1.066,0.851,1.335,1.066[0.851:1.335],0.577
2754,DIP2C.AS1,1.101,0.925,1.31,1.101[0.925:1.31],0.279
2755,SUNO1,1.191,0.984,1.441,1.191[0.984:1.441],0.072
2756,RIPOR2,0.961,0.843,1.096,0.961[0.843:1.096],0.557
2757,GP1BA,1.101,0.937,1.294,1.101[0.937:1.294],0.244
2758,MFSD6L,1.017,0.89,1.162,1.017[0.89:1.162],0.807
2759,SDHD,0.994,0.841,1.174,0.994[0.841:1.174],0.941
2760,CPNE2,1.011,0.813,1.256,1.011[0.813:1.256],0.922
2761,MAGEH1,1.015,0.858,1.2,1.015[0.858:1.2],0.862
2762,EFS,1.092,0.934,1.277,1.092[0.934:1.277],0.271
2763,FRRS1,1.08,0.906,1.287,1.08[0.906:1.287],0.389
2764,TRAT1,1.045,0.928,1.177,1.045[0.928:1.177],0.464
2765,ACKR4,0.932,0.828,1.048,0.932[0.828:1.048],0.237
2766,ID2.AS1,1.075,0.943,1.227,1.075[0.943:1.227],0.28
2767,ERFE,1.215,1.075,1.372,1.215[1.075:1.372],0.002
2768,TBX1,1.183,1.027,1.363,1.183[1.027:1.363],0.02
2769,MBOAT4,1.11,0.917,1.345,1.11[0.917:1.345],0.284
2770,CD247,1.008,0.863,1.179,1.008[0.863:1.179],0.916
2771,SYT2,1.101,0.949,1.276,1.101[0.949:1.276],0.203
2772,NPY4R,1.028,0.912,1.159,1.028[0.912:1.159],0.646
2773,ATP5PB,0.94,0.756,1.17,0.94[0.756:1.17],0.581
2774,MAN1C1,1.076,0.923,1.256,1.076[0.923:1.256],0.349
2775,PNPLA7,1.226,1.037,1.45,1.226[1.037:1.45],0.017
2776,NYAP1,1.174,1.01,1.365,1.174[1.01:1.365],0.036
2777,ALDH6A1,1.019,0.856,1.214,1.019[0.856:1.214],0.831
2778,NPPC,1.045,0.909,1.202,1.045[0.909:1.202],0.537
2779,MMUT,1.049,0.839,1.311,1.049[0.839:1.311],0.675
2780,C1orf226,1.216,0.987,1.499,1.216[0.987:1.499],0.066
2781,ADGRB1,1.235,1.072,1.422,1.235[1.072:1.422],0.003
2782,CCNG2,1.026,0.855,1.232,1.026[0.855:1.232],0.781
2783,ULBP3,1.103,0.902,1.349,1.103[0.902:1.349],0.34
2784,TUSC3,1.027,0.881,1.198,1.027[0.881:1.198],0.733
2785,ADH6,0.935,0.847,1.033,0.935[0.847:1.033],0.187
2786,CCL11,0.949,0.854,1.054,0.949[0.854:1.054],0.328
2787,HCK,1.002,0.863,1.163,1.002[0.863:1.163],0.982
2788,FTH1P23,1.014,0.843,1.221,1.014[0.843:1.221],0.88
2789,IGHV4.39,0.978,0.912,1.05,0.978[0.912:1.05],0.543
2790,CYP27B1,1.04,0.837,1.293,1.04[0.837:1.293],0.722
2791,CEP295NL,1.085,0.903,1.303,1.085[0.903:1.303],0.383
2792,SFMBT2,1.066,0.926,1.227,1.066[0.926:1.227],0.371
2793,TMEM170A,1.07,0.86,1.332,1.07[0.86:1.332],0.542
2794,ZNF804A,1.111,0.97,1.273,1.111[0.97:1.273],0.129
2795,PIK3CD,1.111,0.951,1.299,1.111[0.951:1.299],0.184
2796,STRADB,1.075,0.892,1.294,1.075[0.892:1.294],0.449
2797,CNPPD1,1.167,0.916,1.487,1.167[0.916:1.487],0.212
2798,PLEKHG6,1.066,0.881,1.29,1.066[0.881:1.29],0.511
2799,LRRK2,1.056,0.95,1.173,1.056[0.95:1.173],0.314
2800,ADORA2A,1.08,0.914,1.276,1.08[0.914:1.276],0.366
2801,UBE2C,1.027,0.855,1.234,1.027[0.855:1.234],0.777
2802,ME2,0.966,0.812,1.149,0.966[0.812:1.149],0.696
2803,IGLV6.57,0.995,0.926,1.069,0.995[0.926:1.069],0.888
2804,ZNF793.AS1,0.933,0.828,1.051,0.933[0.828:1.051],0.253
2805,CYTH4,1.054,0.904,1.228,1.054[0.904:1.228],0.503
2806,OASL,1.022,0.881,1.185,1.022[0.881:1.185],0.775
2807,CTDSP2,1.059,0.851,1.316,1.059[0.851:1.316],0.608
2808,ZFPM2,1.092,0.965,1.236,1.092[0.965:1.236],0.164
2809,NEDD9,1.005,0.848,1.191,1.005[0.848:1.191],0.953
2810,GALM,1.001,0.83,1.207,1.001[0.83:1.207],0.993
2811,FAM114A1,1.018,0.834,1.242,1.018[0.834:1.242],0.862
2812,SMIM2.AS1,0.982,0.871,1.107,0.982[0.871:1.107],0.771
2813,RAPGEFL1,1.017,0.869,1.19,1.017[0.869:1.19],0.835
2814,PDGFRA,0.959,0.84,1.095,0.959[0.84:1.095],0.535
2815,IGHV4.34,0.974,0.902,1.05,0.974[0.902:1.05],0.488
2816,ZNF467,1.271,1.052,1.535,1.271[1.052:1.535],0.013
2817,CYGB,1.131,0.938,1.363,1.131[0.938:1.363],0.197
2818,GNG11,1.036,0.869,1.234,1.036[0.869:1.234],0.694
2819,CLTB,1.079,0.849,1.373,1.079[0.849:1.373],0.533
2820,STOM,1.039,0.878,1.229,1.039[0.878:1.229],0.657
2821,CHILL1,1.012,0.881,1.163,1.012[0.881:1.163],0.861
2822,SMCHD1,1.064,0.903,1.255,1.064[0.903:1.255],0.457
2823,SLC17A5,1.078,0.874,1.33,1.078[0.874:1.33],0.483
2824,FCRL5,0.982,0.9,1.072,0.982[0.9:1.072],0.687
2825,MACORIS,1.096,0.892,1.346,1.096[0.892:1.346],0.384
2826,FERMT2,1.07,0.927,1.235,1.07[0.927:1.235],0.354
2827,RPL21P40,1.122,0.913,1.379,1.122[0.913:1.379],0.273
2828,CTSW,0.996,0.883,1.124,0.996[0.883:1.124],0.952
2829,DENND5B,1.016,0.879,1.176,1.016[0.879:1.176],0.827
2830,SAG,1.193,0.998,1.428,1.193[0.998:1.428],0.053
2831,DNAJB4,1.081,0.916,1.276,1.081[0.916:1.276],0.358
2832,OPTN,1.184,0.951,1.475,1.184[0.951:1.475],0.132
2833,LGALS9,1.015,0.843,1.221,1.015[0.843:1.221],0.878
2834,SVIL.AS1,1.157,0.911,1.469,1.157[0.911:1.469],0.232
2835,SERINC1,1.122,0.915,1.377,1.122[0.915:1.377],0.269
2836,ITGAL,1.031,0.901,1.178,1.031[0.901:1.178],0.66
2837,RNASEK,1.176,0.932,1.484,1.176[0.932:1.484],0.173
2838,ZNF549,0.957,0.847,1.081,0.957[0.847:1.081],0.482
2839,VSTM4,1.076,0.931,1.243,1.076[0.931:1.243],0.32
2840,RAB30,1.061,0.902,1.249,1.061[0.902:1.249],0.473
2841,TROAP,1.09,0.896,1.327,1.09[0.896:1.327],0.387
2842,ADGRG7,0.955,0.873,1.046,0.955[0.873:1.046],0.325
2843,C5orf52,0.921,0.818,1.038,0.921[0.818:1.038],0.177
2844,SMIM5,1.091,0.934,1.273,1.091[0.934:1.273],0.271
2845,FXYD5,1.214,0.991,1.487,1.214[0.991:1.487],0.062
2846,ZNF571.AS1,1.034,0.904,1.184,1.034[0.904:1.184],0.624
2847,MIR3936HG,1.161,0.97,1.388,1.161[0.97:1.388],0.103
2848,TMEM63B,1.234,0.963,1.58,1.234[0.963:1.58],0.096
2849,TNFRSF11A,0.908,0.78,1.057,0.908[0.78:1.057],0.212
2850,ZMIZ1,1.127,0.919,1.381,1.127[0.919:1.381],0.25
2851,CBX6,1.097,0.945,1.272,1.097[0.945:1.272],0.223
2852,MARCHF3,0.951,0.781,1.158,0.951[0.781:1.158],0.62
2853,TBC1D1,1.007,0.822,1.232,1.007[0.822:1.232],0.948
2854,ACSBG1,1.149,0.947,1.393,1.149[0.947:1.393],0.16
2855,DBNDD1,1.113,0.944,1.311,1.113[0.944:1.311],0.202
2856,CDH3.AS1,1.106,0.928,1.318,1.106[0.928:1.318],0.259
2857,PDCD6IP,0.97,0.791,1.188,0.97[0.791:1.188],0.765
2858,CD3E,1,0.866,1.154,1[0.866:1.154],0.999
2859,CRK,1.031,0.807,1.316,1.031[0.807:1.316],0.809
2860,MTUS1,0.892,0.76,1.047,0.892[0.76:1.047],0.163
2861,C3orf18,1.189,0.98,1.442,1.189[0.98:1.442],0.079
2862,MYO5A,1.075,0.927,1.247,1.075[0.927:1.247],0.336
2863,NECTIN3,1.024,0.888,1.181,1.024[0.888:1.181],0.745
2864,GPR15LG,0.975,0.909,1.046,0.975[0.909:1.046],0.477
2865,IGLV1.41,1.007,0.923,1.098,1.007[0.923:1.098],0.876
2866,SMIM10,1.112,0.968,1.276,1.112[0.968:1.276],0.133
2867,LHFPL2,1.05,0.862,1.279,1.05[0.862:1.279],0.626
2868,CAMK2D,1.045,0.87,1.255,1.045[0.87:1.255],0.638
2869,STARD5,1.024,0.824,1.272,1.024[0.824:1.272],0.832
2870,KIF17,1.115,0.937,1.327,1.115[0.937:1.327],0.218
2871,ATP2B1,1.056,0.882,1.264,1.056[0.882:1.264],0.555
2872,KRT12,1.023,0.909,1.152,1.023[0.909:1.152],0.706
2873,CDH13.AS2,1.021,0.85,1.227,1.021[0.85:1.227],0.822
2874,RAB1B,1.156,0.911,1.468,1.156[0.911:1.468],0.233
2875,CAPN13,0.979,0.891,1.075,0.979[0.891:1.075],0.651
2876,HES5,1.03,0.907,1.17,1.03[0.907:1.17],0.647
2877,NCOA1,1.018,0.843,1.23,1.018[0.843:1.23],0.852
2878,GCOM1,1.007,0.873,1.162,1.007[0.873:1.162],0.919
2879,PRDM16.DT,1.074,0.955,1.209,1.074[0.955:1.209],0.232
2880,PAOX,1.054,0.861,1.29,1.054[0.861:1.29],0.613
2881,LINC02610,1.228,1.06,1.422,1.228[1.06:1.422],0.006
2882,TCP11L2,1.059,0.868,1.292,1.059[0.868:1.292],0.574
2883,LINC03058,1.031,0.87,1.221,1.031[0.87:1.221],0.724
2884,IP6K3,0.86,0.755,0.979,0.86[0.755:0.979],0.023
2885,RHOH,1.008,0.873,1.164,1.008[0.873:1.164],0.913
2886,ARHGAP30,1.045,0.902,1.212,1.045[0.902:1.212],0.558
2887,KLK10,1.025,0.947,1.11,1.025[0.947:1.11],0.538
2888,HPSE,1.016,0.858,1.201,1.016[0.858:1.201],0.857
2889,H2BC5,1.268,1.079,1.491,1.268[1.079:1.491],0.004
2890,NIPAL3,1.034,0.832,1.284,1.034[0.832:1.284],0.764
2891,IFNG.AS1,0.984,0.853,1.134,0.984[0.853:1.134],0.82
2892,MCOLN2,0.958,0.855,1.074,0.958[0.855:1.074],0.465
2893,MPDU1,1.076,0.848,1.365,1.076[0.848:1.365],0.549
2894,TNNI3,1.07,0.978,1.17,1.07[0.978:1.17],0.139
2895,EXOC6B,1.148,0.928,1.421,1.148[0.928:1.421],0.204
2896,FSIP1,0.993,0.869,1.135,0.993[0.869:1.135],0.916
2897,FRMD1,0.984,0.895,1.082,0.984[0.895:1.082],0.746
2898,GNGT2,1.046,0.883,1.239,1.046[0.883:1.239],0.602
2899,COL25A1,1.02,0.879,1.184,1.02[0.879:1.184],0.792
2900,TBX10,0.937,0.859,1.023,0.937[0.859:1.023],0.148
2901,SPATA24,1.022,0.829,1.259,1.022[0.829:1.259],0.841
2902,HMGN2P46,1.004,0.852,1.182,1.004[0.852:1.182],0.964
2903,ITGB3,0.982,0.849,1.138,0.982[0.849:1.138],0.813
2904,PIK3R5,1.058,0.922,1.214,1.058[0.922:1.214],0.423
2905,SGPP1,0.969,0.812,1.156,0.969[0.812:1.156],0.725
2906,RPH3AL.AS2,1.003,0.867,1.16,1.003[0.867:1.16],0.972
2907,OLFML3,1.056,0.913,1.222,1.056[0.913:1.222],0.464
2908,PTTG1IP,1.223,0.944,1.585,1.223[0.944:1.585],0.127
2909,LINC02541,1.018,0.865,1.197,1.018[0.865:1.197],0.832
2910,KANK4,1.126,1.009,1.258,1.126[1.009:1.258],0.035
2911,BCL2L2,1.102,0.896,1.355,1.102[0.896:1.355],0.358
2912,TYRP1,0.978,0.874,1.093,0.978[0.874:1.093],0.689
2913,IGKV3.15,0.996,0.921,1.078,0.996[0.921:1.078],0.929
2914,AFG3L2,1.057,0.865,1.292,1.057[0.865:1.292],0.588
2915,GOLGA8R,1.112,0.94,1.315,1.112[0.94:1.315],0.214
2916,FGF19,1.066,0.994,1.143,1.066[0.994:1.143],0.072
2917,RNVU1.32,1.228,1.033,1.46,1.228[1.033:1.46],0.02
2918,UBE2Q2P13,1.165,0.978,1.389,1.165[0.978:1.389],0.087
2919,KITLG,1.024,0.884,1.186,1.024[0.884:1.186],0.754
2920,CHRNB4,1.164,1.003,1.351,1.164[1.003:1.351],0.046
2921,SIGLEC16,1.12,0.963,1.302,1.12[0.963:1.302],0.141
2922,MIPOL1,1.034,0.915,1.168,1.034[0.915:1.168],0.594
2923,CCL5,1.008,0.887,1.144,1.008[0.887:1.144],0.908
2924,CERK,0.989,0.824,1.187,0.989[0.824:1.187],0.909
2925,AKAP12,1.063,0.96,1.178,1.063[0.96:1.178],0.241
2926,MCOLN1,1.23,0.956,1.582,1.23[0.956:1.582],0.107
2927,FAM118B,0.935,0.743,1.175,0.935[0.743:1.175],0.562
2928,CTSF,1.146,0.977,1.345,1.146[0.977:1.345],0.093
2929,HOXD3,1.07,0.929,1.233,1.07[0.929:1.233],0.347
2930,HSBP1L1,1.097,0.861,1.397,1.097[0.861:1.397],0.455
2931,RRS1.DT,1.051,0.876,1.261,1.051[0.876:1.261],0.592
2932,RECQL4,1.132,0.939,1.364,1.132[0.939:1.364],0.193
2933,APELA,0.92,0.804,1.053,0.92[0.804:1.053],0.225
2934,ARHGAP9,1.066,0.907,1.252,1.066[0.907:1.252],0.44
2935,SLC25A11,1.189,0.905,1.562,1.189[0.905:1.562],0.213
2936,BHLHA15,1.044,0.904,1.205,1.044[0.904:1.205],0.558
2937,LINC01215,1.01,0.883,1.156,1.01[0.883:1.156],0.885
2938,SEPTIN6,1.083,0.902,1.3,1.083[0.902:1.3],0.394
2939,NAIP,1.019,0.882,1.177,1.019[0.882:1.177],0.796
2940,IER5L,1.248,1.016,1.534,1.248[1.016:1.534],0.035
2941,ELOVL6,0.934,0.776,1.123,0.934[0.776:1.123],0.466
2942,GUCD1,0.997,0.772,1.287,0.997[0.772:1.287],0.979
2943,BNC2,1.032,0.919,1.159,1.032[0.919:1.159],0.593
2944,CDC42EP5,0.978,0.827,1.156,0.978[0.827:1.156],0.796
2945,PCDH1,1.058,0.838,1.335,1.058[0.838:1.335],0.634
2946,EMP3,1.088,0.903,1.311,1.088[0.903:1.311],0.373
2947,FCGR2B,1.104,0.984,1.239,1.104[0.984:1.239],0.093
2948,CEACAM16,1.01,0.85,1.201,1.01[0.85:1.201],0.906
2949,GDF7,1.048,0.918,1.196,1.048[0.918:1.196],0.487
2950,SLA2,1.002,0.861,1.166,1.002[0.861:1.166],0.977
2951,LCIIAR,1.016,0.92,1.122,1.016[0.92:1.122],0.752
2952,MTND6P4,1.014,0.881,1.167,1.014[0.881:1.167],0.846
2953,DERA,1.031,0.819,1.298,1.031[0.819:1.298],0.795
2954,NFE2L1,1.104,0.899,1.356,1.104[0.899:1.356],0.345
2955,FOXP4.AS1,1.118,0.94,1.33,1.118[0.94:1.33],0.209
2956,USP30,1.048,0.822,1.336,1.048[0.822:1.336],0.707
2957,KCNJ9,1.152,0.988,1.344,1.152[0.988:1.344],0.071
2958,MYOZ3,1.137,0.985,1.311,1.137[0.985:1.311],0.08
2959,SLC35D2,1.079,0.846,1.377,1.079[0.846:1.377],0.538
2960,SDK1,1.043,0.919,1.184,1.043[0.919:1.184],0.513
2961,ANKRD44,1.032,0.874,1.217,1.032[0.874:1.217],0.713
2962,ELMO1,1.067,0.913,1.246,1.067[0.913:1.246],0.415
2963,CD69,0.969,0.854,1.099,0.969[0.854:1.099],0.623
2964,STARD8,1.084,0.915,1.284,1.084[0.915:1.284],0.353
2965,RETNLB,0.946,0.874,1.023,0.946[0.874:1.023],0.166
2966,ATP5MC3,0.934,0.735,1.188,0.934[0.735:1.188],0.579
2967,ZDHHC7,1.171,0.915,1.499,1.171[0.915:1.499],0.21
2968,FBXO27,1.091,0.961,1.238,1.091[0.961:1.238],0.177
2969,EEIG1,1.331,1.053,1.682,1.331[1.053:1.682],0.017
2970,FGF13,1.099,0.975,1.238,1.099[0.975:1.238],0.121
2971,ANO7,0.942,0.825,1.076,0.942[0.825:1.076],0.381
2972,MCRIP2P1,1.133,1.005,1.278,1.133[1.005:1.278],0.041
2973,LGALSL,1.008,0.831,1.224,1.008[0.831:1.224],0.934
2974,ETFBKMT,0.981,0.817,1.178,0.981[0.817:1.178],0.835
2975,BMP2K,0.987,0.802,1.214,0.987[0.802:1.214],0.899
2976,ZNF788P,0.998,0.865,1.15,0.998[0.865:1.15],0.975
2977,TSTD2,1.163,0.917,1.475,1.163[0.917:1.475],0.213
2978,SLMAP,1.004,0.832,1.213,1.004[0.832:1.213],0.965
2979,ZFAND2B,1.181,0.905,1.542,1.181[0.905:1.542],0.221
2980,SPN,1.005,0.871,1.158,1.005[0.871:1.158],0.95
2981,ZEB1,1.036,0.9,1.192,1.036[0.9:1.192],0.623
2982,SNRK,1.033,0.846,1.261,1.033[0.846:1.261],0.75
2983,OR7E14P,0.993,0.805,1.226,0.993[0.805:1.226],0.951
2984,TLR1,1.011,0.885,1.154,1.011[0.885:1.154],0.873
2985,IGHV3.30,0.992,0.923,1.066,0.992[0.923:1.066],0.82
2986,MGAT2,1.044,0.842,1.294,1.044[0.842:1.294],0.696
2987,FAM78A,1.09,0.926,1.283,1.09[0.926:1.283],0.301
2988,FEZ2,1.093,0.887,1.346,1.093[0.887:1.346],0.406
2989,TREH,0.949,0.843,1.068,0.949[0.843:1.068],0.387
2990,KLF13,1.127,0.92,1.38,1.127[0.92:1.38],0.248
2991,PRKG1,1.039,0.9,1.199,1.039[0.9:1.199],0.604
2992,ANGPT1,0.99,0.867,1.13,0.99[0.867:1.13],0.882
2993,RPL6P23,0.912,0.777,1.07,0.912[0.777:1.07],0.258
2994,MAMDC2.AS1,1.201,1.036,1.393,1.201[1.036:1.393],0.015
2995,NDST1,1.098,0.902,1.337,1.098[0.902:1.337],0.35
2996,VAV1,1.077,0.921,1.258,1.077[0.921:1.258],0.352
2997,TMEM263.DT,1.109,0.924,1.331,1.109[0.924:1.331],0.267
2998,ITM2B,1.031,0.834,1.273,1.031[0.834:1.273],0.779
2999,YPEL5,1.086,0.865,1.362,1.086[0.865:1.362],0.477
3000,OTC,1.025,0.946,1.112,1.025[0.946:1.112],0.541
3001,BCL10,0.884,0.738,1.059,0.884[0.738:1.059],0.18
3002,FBXL5,0.906,0.737,1.114,0.906[0.737:1.114],0.347
3003,CCDC141,1.092,0.954,1.249,1.092[0.954:1.249],0.201
3004,NHERF4,1.011,0.897,1.14,1.011[0.897:1.14],0.854
3005,NEXN,1.076,0.958,1.208,1.076[0.958:1.208],0.217
3006,CD7,1.014,0.893,1.151,1.014[0.893:1.151],0.827
3007,ISG20,1.163,0.962,1.405,1.163[0.962:1.405],0.118
3008,SLC30A4.AS1,1.084,0.925,1.271,1.084[0.925:1.271],0.317
3009,SKA3,1.031,0.857,1.241,1.031[0.857:1.241],0.743
3010,SLC8A2,1.097,0.989,1.216,1.097[0.989:1.216],0.079
3011,SYNJ2BP,1.048,0.871,1.26,1.048[0.871:1.26],0.62
3012,APCDD1L,1.113,1.001,1.238,1.113[1.001:1.238],0.048
3013,NUMB,1.099,0.871,1.387,1.099[0.871:1.387],0.428
3014,TTYH2,1.179,0.998,1.393,1.179[0.998:1.393],0.052
3015,DGKA,1.124,0.938,1.347,1.124[0.938:1.347],0.207
3016,TRBV2,1.041,0.888,1.22,1.041[0.888:1.22],0.623
3017,HOMER2,1.176,1.045,1.324,1.176[1.045:1.324],0.007
3018,NXPE3,1.102,0.928,1.308,1.102[0.928:1.308],0.27
3019,PALLD,1.047,0.884,1.24,1.047[0.884:1.24],0.592
3020,SMARCD3,1.302,1.037,1.634,1.302[1.037:1.634],0.023
3021,FCN1,1.03,0.928,1.143,1.03[0.928:1.143],0.582
3022,RAB3B,0.932,0.83,1.045,0.932[0.83:1.045],0.229
3023,AQP12A,1.018,0.888,1.168,1.018[0.888:1.168],0.795
3024,BACH2,1.091,0.965,1.233,1.091[0.965:1.233],0.165
3025,TGFA,1.11,0.918,1.34,1.11[0.918:1.34],0.281
3026,MBNL1,1.057,0.872,1.283,1.057[0.872:1.283],0.571
3027,DNM2,1.146,0.891,1.473,1.146[0.891:1.473],0.288
3028,PANK3,0.986,0.839,1.158,0.986[0.839:1.158],0.859
3029,IL4R,1.153,0.912,1.457,1.153[0.912:1.457],0.235
3030,ACER3,1,0.795,1.258,1[0.795:1.258],0.998
3031,CYYR1,1.064,0.9,1.258,1.064[0.9:1.258],0.468
3032,MEIS2,1.13,1.006,1.27,1.13[1.006:1.27],0.04
3033,WNT5B,0.941,0.806,1.098,0.941[0.806:1.098],0.441
3034,CYTL1,1.014,0.89,1.155,1.014[0.89:1.155],0.834
3035,LINGO4,0.834,0.709,0.981,0.834[0.709:0.981],0.028
3036,PLCD4,1.15,0.95,1.391,1.15[0.95:1.391],0.152
3037,TRIM61,1.022,0.865,1.207,1.022[0.865:1.207],0.8
3038,ZSCAN23,1.011,0.887,1.152,1.011[0.887:1.152],0.871
3039,CTSA,1.036,0.847,1.267,1.036[0.847:1.267],0.729
3040,OXTR,1.205,1.044,1.389,1.205[1.044:1.389],0.011
3041,SLC35B3,1.044,0.835,1.304,1.044[0.835:1.304],0.708
3042,SEPHS2,1.118,0.89,1.403,1.118[0.89:1.403],0.338
3043,AMPH,1.01,0.877,1.163,1.01[0.877:1.163],0.889
3044,MTFR1L,1.029,0.806,1.313,1.029[0.806:1.313],0.82
3045,MKNK2,1.114,0.889,1.397,1.114[0.889:1.397],0.35
3046,MVP.DT,1.196,0.961,1.489,1.196[0.961:1.489],0.109
3047,SRP14.DT,1.205,0.986,1.472,1.205[0.986:1.472],0.068
3048,NOC2LP1,0.953,0.838,1.083,0.953[0.838:1.083],0.458
3049,HGD,0.981,0.86,1.119,0.981[0.86:1.119],0.779
3050,LINC01101,1,0.885,1.131,1[0.885:1.131],0.994
3051,RFK,1.051,0.863,1.28,1.051[0.863:1.28],0.623
3052,OR51E2,1.067,0.933,1.22,1.067[0.933:1.22],0.345
3053,ARF3,1.115,0.887,1.403,1.115[0.887:1.403],0.35
3054,GNAQ,1.077,0.908,1.278,1.077[0.908:1.278],0.395
3055,FAP,1.063,0.952,1.187,1.063[0.952:1.187],0.28
3056,ST8SIA4,1.025,0.884,1.188,1.025[0.884:1.188],0.741
3057,DGKB,1.115,1.012,1.228,1.115[1.012:1.228],0.027
3058,CD163,1.055,0.946,1.176,1.055[0.946:1.176],0.334
3059,SEC23A,0.972,0.803,1.175,0.972[0.803:1.175],0.767
3060,ZFP82,1.009,0.885,1.149,1.009[0.885:1.149],0.898
3061,TMEM47,1.055,0.917,1.213,1.055[0.917:1.213],0.454
3062,PCDHB4,1.095,0.961,1.248,1.095[0.961:1.248],0.172
3063,KLHL33,1.171,0.988,1.388,1.171[0.988:1.388],0.069
3064,PCDHGC3,1.001,0.885,1.132,1.001[0.885:1.132],0.988
3065,STON1,1.074,0.942,1.225,1.074[0.942:1.225],0.283
3066,INCA1,1.21,0.999,1.465,1.21[0.999:1.465],0.052
3067,CYP4V2,1.019,0.846,1.227,1.019[0.846:1.227],0.842
3068,AKR1C3,0.941,0.825,1.073,0.941[0.825:1.073],0.367
3069,HPS1,1.154,0.886,1.504,1.154[0.886:1.504],0.289
3070,APLP2,1.089,0.87,1.363,1.089[0.87:1.363],0.456
3071,LMBRD1,1.043,0.856,1.271,1.043[0.856:1.271],0.676
3072,ACOT2,1.055,0.845,1.318,1.055[0.845:1.318],0.638
3073,FRAT1,1.148,0.907,1.453,1.148[0.907:1.453],0.249
3074,TAB2,1.049,0.848,1.299,1.049[0.848:1.299],0.657
3075,TNFSF13,1.048,0.888,1.237,1.048[0.888:1.237],0.578
3076,GSTZ1,1.004,0.827,1.219,1.004[0.827:1.219],0.967
3077,PCBP1.AS1,1.214,0.959,1.535,1.214[0.959:1.535],0.107
3078,BAHD1,1.311,1.035,1.661,1.311[1.035:1.661],0.025
3079,SH3RF1,1.003,0.82,1.228,1.003[0.82:1.228],0.974
3080,SLC16A7,1.014,0.905,1.136,1.014[0.905:1.136],0.815
3081,TP53TG1,0.97,0.825,1.139,0.97[0.825:1.139],0.707
3082,FAM3D,0.952,0.845,1.073,0.952[0.845:1.073],0.422
3083,PECR,1.018,0.856,1.211,1.018[0.856:1.211],0.837
3084,C11orf54,0.973,0.821,1.155,0.973[0.821:1.155],0.758
3085,PRRG2,0.989,0.784,1.248,0.989[0.784:1.248],0.927
3086,PRR7.AS1,1.187,1.003,1.405,1.187[1.003:1.405],0.046
3087,MRPL35,1.048,0.841,1.304,1.048[0.841:1.304],0.677
3088,IQSEC2,1.134,0.911,1.412,1.134[0.911:1.412],0.26
3089,MROCKI,1.048,0.911,1.205,1.048[0.911:1.205],0.511
3090,IGHE,0.944,0.832,1.072,0.944[0.832:1.072],0.375
3091,SLC6A8,1.111,0.966,1.276,1.111[0.966:1.276],0.14
3092,LINC02202,1.132,0.955,1.341,1.132[0.955:1.341],0.152
3093,VPS37B,1.12,0.88,1.425,1.12[0.88:1.425],0.357
3094,H3C10,1.17,1.013,1.351,1.17[1.013:1.351],0.033
3095,BAZ2B.AS1,1.088,0.878,1.347,1.088[0.878:1.347],0.442
3096,PRELID2,0.869,0.716,1.054,0.869[0.716:1.054],0.155
3097,LINC02257,1.251,1.111,1.408,1.251[1.111:1.408],2.219314e-04
3098,DRAIC,0.879,0.793,0.974,0.879[0.793:0.974],0.013
3099,ZNF134,1.022,0.898,1.165,1.022[0.898:1.165],0.738
3100,SYT11,1.02,0.873,1.192,1.02[0.873:1.192],0.803
3101,TINAG,0.939,0.858,1.029,0.939[0.858:1.029],0.177
3102,RGS16,1.188,1.01,1.397,1.188[1.01:1.397],0.037
3103,ZNF366,1.006,0.876,1.154,1.006[0.876:1.154],0.936
3104,PER1,1.168,0.993,1.372,1.168[0.993:1.372],0.06
3105,SEMA3B,1.021,0.869,1.2,1.021[0.869:1.2],0.799
3106,IGHV4.31,0.995,0.923,1.071,0.995[0.923:1.071],0.888
3107,ABCC6P2,0.972,0.863,1.095,0.972[0.863:1.095],0.645
3108,PGAP4,1.06,0.9,1.25,1.06[0.9:1.25],0.484
3109,AQP1,1.101,0.954,1.27,1.101[0.954:1.27],0.187
3110,FOXO1,0.973,0.819,1.155,0.973[0.819:1.155],0.753
3111,IGKV2D.40,0.993,0.91,1.084,0.993[0.91:1.084],0.877
3112,LINC01907,0.931,0.758,1.143,0.931[0.758:1.143],0.494
3113,NRARP,1.098,0.891,1.352,1.098[0.891:1.352],0.382
3114,HYCC2,1.079,0.908,1.282,1.079[0.908:1.282],0.387
3115,SORBS2,0.977,0.87,1.098,0.977[0.87:1.098],0.699
3116,LINC02320,1.006,0.872,1.16,1.006[0.872:1.16],0.936
3117,UQCRC2,0.964,0.753,1.235,0.964[0.753:1.235],0.771
3118,FBXW5,1.289,0.963,1.724,1.289[0.963:1.724],0.087
3119,MED9,1.146,0.89,1.476,1.146[0.89:1.476],0.292
3120,NAV2.AS6,1.149,0.985,1.341,1.149[0.985:1.341],0.078
3121,MPP7,0.979,0.835,1.149,0.979[0.835:1.149],0.799
3122,MT.CO1,1.084,0.905,1.298,1.084[0.905:1.298],0.381
3123,CALML4,0.988,0.819,1.192,0.988[0.819:1.192],0.9
3124,FITM1,1.101,0.9,1.346,1.101[0.9:1.346],0.35
3125,DST,1.05,0.904,1.22,1.05[0.904:1.22],0.525
3126,RNASE6,1.064,0.886,1.277,1.064[0.886:1.277],0.509
3127,ALKAL1,1.024,0.921,1.14,1.024[0.921:1.14],0.66
3128,PYCR1,1.121,0.89,1.411,1.121[0.89:1.411],0.332
3129,LAMC3,0.942,0.821,1.081,0.942[0.821:1.081],0.392
3130,SLC47A2,1.173,0.97,1.418,1.173[0.97:1.418],0.099
3131,XCL1,1.144,1.017,1.286,1.144[1.017:1.286],0.025
3132,ATOH1,0.903,0.839,0.971,0.903[0.839:0.971],0.006
3133,ZNF793,0.997,0.899,1.106,0.997[0.899:1.106],0.957
3134,AP5M1,0.986,0.818,1.189,0.986[0.818:1.189],0.882
3135,KIF26B,1.091,0.975,1.221,1.091[0.975:1.221],0.127
3136,LINC01615,0.982,0.854,1.13,0.982[0.854:1.13],0.799
3137,TCF23,1.151,1.029,1.288,1.151[1.029:1.288],0.014
3138,ADH5,0.924,0.732,1.166,0.924[0.732:1.166],0.503
3139,ST8SIA6,1.07,0.955,1.198,1.07[0.955:1.198],0.242
3140,KRT16,1.08,1.002,1.164,1.08[1.002:1.164],0.046
3141,FOXO4,1.076,0.895,1.293,1.076[0.895:1.293],0.435
3142,RAI2,1.034,0.91,1.175,1.034[0.91:1.175],0.612
3143,ANKRD55,1.112,0.943,1.311,1.112[0.943:1.311],0.207
3144,PIWIL1,1.021,0.947,1.1,1.021[0.947:1.1],0.589
3145,RET,1.033,0.926,1.151,1.033[0.926:1.151],0.562
3146,LINC00865,1.052,0.932,1.188,1.052[0.932:1.188],0.412
3147,RNF180,1.125,0.991,1.276,1.125[0.991:1.276],0.068
3148,SDHB,0.905,0.717,1.142,0.905[0.717:1.142],0.399
3149,C19orf48P,1.129,0.907,1.404,1.129[0.907:1.404],0.277
3150,MMRN2,1.147,0.971,1.356,1.147[0.971:1.356],0.107
3151,OGDH,1.095,0.858,1.397,1.095[0.858:1.397],0.466
3152,MEOX2,1.082,0.981,1.194,1.082[0.981:1.194],0.114
3153,SECISBP2L,1.117,0.94,1.326,1.117[0.94:1.326],0.208
3154,TMEM53,0.967,0.765,1.223,0.967[0.765:1.223],0.78
3155,MTHFR,0.995,0.823,1.204,0.995[0.823:1.204],0.962
3156,TCF24,1.089,0.964,1.23,1.089[0.964:1.23],0.173
3157,ST20.AS1,1.104,0.876,1.392,1.104[0.876:1.392],0.4
3158,ACHE,1.088,0.961,1.232,1.088[0.961:1.232],0.181
3159,GAMT,1.212,1.033,1.423,1.212[1.033:1.423],0.018
3160,PTCRA,1.087,0.913,1.293,1.087[0.913:1.293],0.348
3161,ETNK1,1.005,0.842,1.2,1.005[0.842:1.2],0.955
3162,RASSF6,1.006,0.862,1.175,1.006[0.862:1.175],0.937
3163,TSHZ3,1.092,0.941,1.267,1.092[0.941:1.267],0.248
3164,MDGA1,1.03,0.897,1.182,1.03[0.897:1.182],0.68
3165,CLEC14A,1.153,0.968,1.375,1.153[0.968:1.375],0.111
3166,RNF165,1.093,0.97,1.23,1.093[0.97:1.23],0.144
3167,MELTF.AS1,1.319,1.068,1.629,1.319[1.068:1.629],0.01
3168,PDCD6IPP2,1.042,0.872,1.243,1.042[0.872:1.243],0.652
3169,ADAMTS7P4,1.113,0.935,1.324,1.113[0.935:1.324],0.228
3170,TMEM72.AS1,1.084,0.905,1.298,1.084[0.905:1.298],0.382
3171,RIMKLB,1.216,1.054,1.402,1.216[1.054:1.402],0.007
3172,PRELID3A,1.163,0.942,1.436,1.163[0.942:1.436],0.159
3173,NXPH3,1.085,0.977,1.204,1.085[0.977:1.204],0.126
3174,FTH1P5,1.022,0.893,1.171,1.022[0.893:1.171],0.748
3175,CORO6,1.279,1.084,1.51,1.279[1.084:1.51],0.004
3176,KLHL14,1.018,0.915,1.134,1.018[0.915:1.134],0.739
3177,MUC4,0.967,0.881,1.062,0.967[0.881:1.062],0.484
3178,SAMD13,0.987,0.859,1.134,0.987[0.859:1.134],0.853
3179,SPINK5,0.984,0.881,1.099,0.984[0.881:1.099],0.777
3180,KLHL4,1.066,0.938,1.211,1.066[0.938:1.211],0.325
3181,MYBL2,1.092,0.905,1.317,1.092[0.905:1.317],0.358
3182,CYP27A1,1.049,0.896,1.228,1.049[0.896:1.228],0.553
3183,TRBV3.1,0.93,0.798,1.085,0.93[0.798:1.085],0.356
3184,SIK3,1.083,0.869,1.349,1.083[0.869:1.349],0.478
3185,IGHV4.61,0.96,0.888,1.037,0.96[0.888:1.037],0.302
3186,WSB2,0.991,0.768,1.279,0.991[0.768:1.279],0.946
3187,GPLD1,1.118,0.94,1.329,1.118[0.94:1.329],0.208
3188,EHD2,1.132,0.971,1.318,1.132[0.971:1.318],0.113
3189,LINC01614,1.105,1.001,1.219,1.105[1.001:1.219],0.047
3190,PCDHGB4,1.041,0.924,1.174,1.041[0.924:1.174],0.508
3191,KIF19,1.002,0.907,1.107,1.002[0.907:1.107],0.963
3192,ESPN,1.061,0.925,1.218,1.061[0.925:1.218],0.397
3193,REM1,1.126,0.956,1.326,1.126[0.956:1.326],0.155
3194,AMT,1.062,0.925,1.218,1.062[0.925:1.218],0.394
3195,PKP2,1.005,0.822,1.227,1.005[0.822:1.227],0.963
3196,LMTK3,1.108,0.935,1.314,1.108[0.935:1.314],0.236
3197,PRSS12,1.024,0.871,1.203,1.024[0.871:1.203],0.778
3198,CYP2U1.AS1,0.902,0.745,1.092,0.902[0.745:1.092],0.29
3199,C22orf15,1.163,0.944,1.432,1.163[0.944:1.432],0.157
3200,CECR7,1.113,1.007,1.231,1.113[1.007:1.231],0.037
3201,SIPA1L3,1.137,0.915,1.413,1.137[0.915:1.413],0.248
3202,ARNT2.DT,1.027,0.923,1.143,1.027[0.923:1.143],0.626
3203,CD38,0.968,0.864,1.084,0.968[0.864:1.084],0.573
3204,SNHG17,1.19,0.983,1.441,1.19[0.983:1.441],0.074
3205,HDHD2,1.062,0.855,1.318,1.062[0.855:1.318],0.587
3206,MAGI2.AS3,1.04,0.911,1.188,1.04[0.911:1.188],0.558
3207,GSDMC,0.928,0.8,1.076,0.928[0.8:1.076],0.324
3208,A1CF,0.972,0.866,1.092,0.972[0.866:1.092],0.638
3209,SHISA9,1.036,0.965,1.112,1.036[0.965:1.112],0.332
3210,CBFA2T3,0.963,0.859,1.079,0.963[0.859:1.079],0.515
3211,C9orf24,1.005,0.869,1.162,1.005[0.869:1.162],0.945
3212,TMEM63C,0.977,0.888,1.076,0.977[0.888:1.076],0.641
3213,VLDLR,1.118,0.97,1.287,1.118[0.97:1.287],0.124
3214,TENM2,0.965,0.855,1.089,0.965[0.855:1.089],0.563
3215,MROH3P,1.029,0.903,1.173,1.029[0.903:1.173],0.669
3216,SPTLC3,1.028,0.906,1.165,1.028[0.906:1.165],0.671
3217,CARD16,0.987,0.811,1.201,0.987[0.811:1.201],0.895
3218,KIAA1671,1.045,0.87,1.255,1.045[0.87:1.255],0.64
3219,FGFR1,1.065,0.915,1.239,1.065[0.915:1.239],0.417
3220,WDR37,1.149,0.909,1.453,1.149[0.909:1.453],0.247
3221,MPDZ,1.064,0.937,1.208,1.064[0.937:1.208],0.338
3222,H2AC6,1.274,1.072,1.515,1.274[1.072:1.515],0.006
3223,COL4A5,1.005,0.903,1.119,1.005[0.903:1.119],0.927
3224,IGHV2.70,0.994,0.92,1.075,0.994[0.92:1.075],0.888
3225,TAPBPL,1.007,0.812,1.25,1.007[0.812:1.25],0.948
3226,C1orf105,1.054,0.933,1.19,1.054[0.933:1.19],0.399
3227,TSHR,0.978,0.853,1.122,0.978[0.853:1.122],0.752
3228,TMBIM1,1.128,0.894,1.423,1.128[0.894:1.423],0.311
3229,IPCEF1,1.029,0.895,1.182,1.029[0.895:1.182],0.691
3230,TRBV29.1,1.016,0.883,1.169,1.016[0.883:1.169],0.828
3231,LRRC8C.DT,1.106,0.937,1.306,1.106[0.937:1.306],0.235
3232,FERMT3,1.103,0.945,1.287,1.103[0.945:1.287],0.214
3233,LY6G6E,1.045,0.933,1.169,1.045[0.933:1.169],0.449
3234,SLC44A2,1.077,0.851,1.362,1.077[0.851:1.362],0.538
3235,AMELX,0.978,0.871,1.098,0.978[0.871:1.098],0.705
3236,GPR183,0.999,0.874,1.142,0.999[0.874:1.142],0.99
3237,MTMR10,1.048,0.858,1.281,1.048[0.858:1.281],0.645
3238,SLC35A4,1.109,0.862,1.427,1.109[0.862:1.427],0.422
3239,AKR7A3,0.964,0.793,1.172,0.964[0.793:1.172],0.714
3240,AKAP7,1.013,0.881,1.165,1.013[0.881:1.165],0.857
3241,CHI3L2,1.023,0.901,1.161,1.023[0.901:1.161],0.729
3242,TNR,0.962,0.834,1.11,0.962[0.834:1.11],0.596
3243,CTNND1,1.067,0.866,1.314,1.067[0.866:1.314],0.545
3244,NAPA.AS1,1.232,0.98,1.55,1.232[0.98:1.55],0.074
3245,ARMH3,1.069,0.833,1.371,1.069[0.833:1.371],0.601
3246,TCF7L2,1.015,0.823,1.252,1.015[0.823:1.252],0.888
3247,GPAT2,1.083,0.972,1.207,1.083[0.972:1.207],0.149
3248,SERTAD1,1.105,0.875,1.397,1.105[0.875:1.397],0.401
3249,IQGAP3,1.07,0.888,1.291,1.07[0.888:1.291],0.476
3250,CCT8P1,1.022,0.822,1.27,1.022[0.822:1.27],0.844
3251,LINC02691,1.065,0.955,1.188,1.065[0.955:1.188],0.26
3252,TPK1,0.859,0.708,1.041,0.859[0.708:1.041],0.121
3253,CEP72,1.094,0.9,1.33,1.094[0.9:1.33],0.367
3254,MIRLET7A1HG,0.976,0.842,1.13,0.976[0.842:1.13],0.741
3255,FHIP1A,0.953,0.802,1.132,0.953[0.802:1.132],0.583
3256,CFAP157,1.249,1.008,1.547,1.249[1.008:1.547],0.042
3257,SH3KBP1,1.023,0.846,1.237,1.023[0.846:1.237],0.813
3258,PI15,1.012,0.924,1.109,1.012[0.924:1.109],0.795
3259,SGPP2,1.005,0.834,1.211,1.005[0.834:1.211],0.958
3260,KLLN,1.12,0.925,1.356,1.12[0.925:1.356],0.247
3261,RAB9A,0.977,0.778,1.226,0.977[0.778:1.226],0.841
3262,CNPY2.AS1,1.02,0.841,1.237,1.02[0.841:1.237],0.841
3263,ITGA4,1.003,0.87,1.155,1.003[0.87:1.155],0.972
3264,RHOQP1,1.116,0.92,1.354,1.116[0.92:1.354],0.267
3265,SV2A,1.072,0.914,1.258,1.072[0.914:1.258],0.392
3266,VIM.AS1,1.072,0.919,1.251,1.072[0.919:1.251],0.376
3267,ADGRE1,0.99,0.87,1.125,0.99[0.87:1.125],0.873
3268,GJD3.AS1,1.165,0.966,1.406,1.165[0.966:1.406],0.111
3269,MIDEAS.AS1,1.268,1.078,1.491,1.268[1.078:1.491],0.004
3270,FAM8A1,1.04,0.852,1.27,1.04[0.852:1.27],0.698
3271,MICAL2,1.001,0.817,1.226,1.001[0.817:1.226],0.995
3272,ADAP2,1.138,0.949,1.364,1.138[0.949:1.364],0.162
3273,RPSAP9,1.042,0.862,1.261,1.042[0.862:1.261],0.668
3274,GPBP1L1,1.018,0.815,1.271,1.018[0.815:1.271],0.875
3275,KRBA2,1.106,0.918,1.334,1.106[0.918:1.334],0.289
3276,C1QTNF3,1.081,0.931,1.255,1.081[0.931:1.255],0.306
3277,NMT2,1.134,0.915,1.405,1.134[0.915:1.405],0.251
3278,PLAT,1.057,0.887,1.261,1.057[0.887:1.261],0.535
3279,TMEM74B,1.102,0.97,1.252,1.102[0.97:1.252],0.134
3280,CCN4,1.043,0.915,1.187,1.043[0.915:1.187],0.53
3281,FLT3LG,1.168,0.989,1.381,1.168[0.989:1.381],0.068
3282,CD244,0.967,0.845,1.106,0.967[0.845:1.106],0.622
3283,ACOT4,0.983,0.829,1.167,0.983[0.829:1.167],0.846
3284,PAQR4,1.149,0.915,1.444,1.149[0.915:1.444],0.232
3285,SNX32,1.037,0.881,1.221,1.037[0.881:1.221],0.664
3286,WDFY3.AS2,1.106,0.939,1.302,1.106[0.939:1.302],0.229
3287,RAB33A,0.96,0.785,1.173,0.96[0.785:1.173],0.687
3288,SLAMF9,1.105,0.979,1.248,1.105[0.979:1.248],0.107
3289,CLYBL,0.927,0.769,1.118,0.927[0.769:1.118],0.426
3290,NDUFB1,0.996,0.794,1.25,0.996[0.794:1.25],0.973
3291,WDFY4,1.078,0.95,1.224,1.078[0.95:1.224],0.244
3292,FAM89A,1.24,0.982,1.565,1.24[0.982:1.565],0.07
3293,RASA4CP,1.113,0.945,1.312,1.113[0.945:1.312],0.201
3294,CAMK1D,1.108,0.964,1.273,1.108[0.964:1.273],0.149
3295,GBX2,1.078,0.971,1.197,1.078[0.971:1.197],0.157
3296,CLDN16,1.05,0.931,1.184,1.05[0.931:1.184],0.426
3297,PTPRC,0.982,0.87,1.107,0.982[0.87:1.107],0.762
3298,ELAC1,0.986,0.804,1.208,0.986[0.804:1.208],0.89
3299,FES,1.268,1.052,1.529,1.268[1.052:1.529],0.013
3300,ZRANB2.AS1,0.942,0.768,1.156,0.942[0.768:1.156],0.567
3301,PCDHGB5,1.024,0.921,1.138,1.024[0.921:1.138],0.66
3302,FGD4,1.054,0.884,1.256,1.054[0.884:1.256],0.558
3303,TVP23A,0.992,0.8,1.231,0.992[0.8:1.231],0.945
3304,GRID1,1.164,1.004,1.35,1.164[1.004:1.35],0.045
3305,CRYBB1,1.131,0.966,1.324,1.131[0.966:1.324],0.127
3306,SALL1,0.853,0.754,0.965,0.853[0.754:0.965],0.011
3307,PHYHIP,1.131,0.999,1.281,1.131[0.999:1.281],0.053
3308,CPEB2,1.007,0.858,1.183,1.007[0.858:1.183],0.93
3309,ABCA1,1.051,0.906,1.22,1.051[0.906:1.22],0.512
3310,OXR1.AS1,1.061,0.915,1.23,1.061[0.915:1.23],0.431
3311,CLEC5A,1.016,0.912,1.132,1.016[0.912:1.132],0.77
3312,RHOJ,1.081,0.92,1.271,1.081[0.92:1.271],0.345
3313,PKMYT1,1.085,0.879,1.339,1.085[0.879:1.339],0.448
3314,VTI1B,1.09,0.883,1.347,1.09[0.883:1.347],0.423
3315,PTGFR,0.987,0.879,1.108,0.987[0.879:1.108],0.821
3316,LDLRAP1,0.956,0.758,1.207,0.956[0.758:1.207],0.707
3317,PMP22,1.076,0.913,1.269,1.076[0.913:1.269],0.381
3318,GFI1,0.914,0.796,1.048,0.914[0.796:1.048],0.197
3319,EID1,1.128,0.912,1.396,1.128[0.912:1.396],0.267
3320,FGF14,1.128,1.007,1.265,1.128[1.007:1.265],0.038
3321,MAPK6,0.991,0.828,1.187,0.991[0.828:1.187],0.922
3322,DMXL1,1.039,0.866,1.247,1.039[0.866:1.247],0.68
3323,CD3G,0.935,0.815,1.073,0.935[0.815:1.073],0.337
3324,UCN,1.365,1.138,1.639,1.365[1.138:1.639],8.130953e-04
3325,UQCRC1,0.907,0.719,1.144,0.907[0.719:1.144],0.41
3326,AZGP1,0.988,0.881,1.108,0.988[0.881:1.108],0.841
3327,SNHG15,1.222,0.988,1.513,1.222[0.988:1.513],0.065
3328,LSMEM2,1.137,0.94,1.375,1.137[0.94:1.375],0.185
3329,DENND1B,1.019,0.857,1.213,1.019[0.857:1.213],0.828
3330,BMP8B,1.102,0.896,1.355,1.102[0.896:1.355],0.358
3331,SERPINB5,1.054,0.96,1.158,1.054[0.96:1.158],0.269
3332,FTH1P7,0.997,0.856,1.162,0.997[0.856:1.162],0.971
3333,LINC01836,1.267,1.09,1.473,1.267[1.09:1.473],0.002
3334,MTMR7,0.949,0.811,1.111,0.949[0.811:1.111],0.517
3335,TLN2,1.105,0.93,1.312,1.105[0.93:1.312],0.258
3336,PPP1R14B.AS1,1.137,0.93,1.389,1.137[0.93:1.389],0.209
3337,GAB3,1.045,0.884,1.235,1.045[0.884:1.235],0.604
3338,CASP16P,1.085,0.944,1.246,1.085[0.944:1.246],0.25
3339,PROM2,1.057,0.954,1.17,1.057[0.954:1.17],0.29
3340,ASAP2,1.113,0.904,1.369,1.113[0.904:1.369],0.313
3341,TMEM98,0.914,0.752,1.111,0.914[0.752:1.111],0.368
3342,FTH1P2,0.997,0.866,1.146,0.997[0.866:1.146],0.962
3343,PCSK1N,1.01,0.937,1.088,1.01[0.937:1.088],0.793
3344,PRSS8,0.983,0.838,1.153,0.983[0.838:1.153],0.833
3345,PPIAP45,1.018,0.877,1.182,1.018[0.877:1.182],0.811
3346,VPS13D,1.029,0.859,1.231,1.029[0.859:1.231],0.759
3347,KISS1,1.069,0.936,1.221,1.069[0.936:1.221],0.324
3348,TSLP,1.115,0.967,1.285,1.115[0.967:1.285],0.136
3349,CBX8,1.086,0.862,1.368,1.086[0.862:1.368],0.485
3350,FOSL2,1.112,0.915,1.351,1.112[0.915:1.351],0.285
3351,WHAMMP2,1.096,0.959,1.252,1.096[0.959:1.252],0.179
3352,HOXD4,1.143,1.009,1.294,1.143[1.009:1.294],0.035
3353,DYNC1LI2.DT,1.129,0.948,1.346,1.129[0.948:1.346],0.174
3354,COX8A,0.99,0.792,1.238,0.99[0.792:1.238],0.929
3355,TRAF3IP3,1.032,0.895,1.189,1.032[0.895:1.189],0.667
3356,LINC01234,1.07,1.002,1.143,1.07[1.002:1.143],0.042
3357,PPP1R12C,1.178,0.931,1.491,1.178[0.931:1.491],0.173
3358,FAM83E,1.096,0.92,1.305,1.096[0.92:1.305],0.304
3359,TRBV5.1,0.984,0.851,1.139,0.984[0.851:1.139],0.834
3360,CSRNP3,1.049,0.939,1.173,1.049[0.939:1.173],0.398
3361,MINK1,1.148,0.916,1.44,1.148[0.916:1.44],0.232
3362,LURAP1,1.141,0.968,1.344,1.141[0.968:1.344],0.115
3363,FKBP5,0.972,0.821,1.152,0.972[0.821:1.152],0.743
3364,ILDR1,1.151,0.934,1.418,1.151[0.934:1.418],0.186
3365,ULK3,1.297,1.008,1.669,1.297[1.008:1.669],0.043
3366,CYP2C8,0.969,0.835,1.125,0.969[0.835:1.125],0.68
3367,CXCR2P1,0.987,0.887,1.099,0.987[0.887:1.099],0.811
3368,UBE2S,1.077,0.865,1.34,1.077[0.865:1.34],0.508
3369,CALR4P,1.032,0.881,1.208,1.032[0.881:1.208],0.7
3370,PRR13,1.056,0.848,1.315,1.056[0.848:1.315],0.626
3371,PRKCE,1.096,0.902,1.331,1.096[0.902:1.331],0.356
3372,SELENOS,1.134,0.877,1.465,1.134[0.877:1.465],0.338
3373,STIM1.AS1,1.172,0.966,1.421,1.172[0.966:1.421],0.108
3374,FRZB,1.027,0.905,1.165,1.027[0.905:1.165],0.683
3375,LINC01594,1.014,0.909,1.131,1.014[0.909:1.131],0.8
3376,WDR1,0.974,0.759,1.25,0.974[0.759:1.25],0.838
3377,F8,1.067,0.897,1.27,1.067[0.897:1.27],0.461
3378,TCTA,1.119,0.882,1.419,1.119[0.882:1.419],0.354
3379,ZNF154,1.145,0.982,1.334,1.145[0.982:1.334],0.083
3380,CDA,0.966,0.848,1.101,0.966[0.848:1.101],0.605
3381,MED12L,1.02,0.889,1.17,1.02[0.889:1.17],0.776
3382,PEG10,1.075,0.977,1.183,1.075[0.977:1.183],0.14
3383,ADGRL2,1.069,0.924,1.238,1.069[0.924:1.238],0.369
3384,PTGER2,0.93,0.819,1.056,0.93[0.819:1.056],0.262
3385,MUC13,0.966,0.801,1.164,0.966[0.801:1.164],0.713
3386,KLK13,1.004,0.908,1.109,1.004[0.908:1.109],0.944
3387,MT.RNR1,1.087,0.908,1.301,1.087[0.908:1.301],0.364
3388,ZMYND12,1.006,0.865,1.17,1.006[0.865:1.17],0.94
3389,NDNF,0.961,0.868,1.065,0.961[0.868:1.065],0.449
3390,ZBTB22,1.16,0.928,1.45,1.16[0.928:1.45],0.191
3391,PCDHGC4,1.038,0.896,1.204,1.038[0.896:1.204],0.616
3392,PLIN3,0.994,0.787,1.254,0.994[0.787:1.254],0.956
3393,LINC02576,1.046,0.901,1.214,1.046[0.901:1.214],0.552
3394,ABCG1,1.149,0.95,1.389,1.149[0.95:1.389],0.151
3395,WDR86.AS1,1.186,1.009,1.393,1.186[1.009:1.393],0.038
3396,FAM117A,1.199,0.991,1.451,1.199[0.991:1.451],0.062
3397,SOX14,1.006,0.936,1.08,1.006[0.936:1.08],0.874
3398,ZNF684,0.948,0.775,1.161,0.948[0.775:1.161],0.608
3399,PRCD,1.196,0.984,1.454,1.196[0.984:1.454],0.073
3400,PHLDA1.AS1,1.119,0.941,1.331,1.119[0.941:1.331],0.204
3401,KCNK5,1.082,0.912,1.284,1.082[0.912:1.284],0.364
3402,MED11,1.037,0.819,1.312,1.037[0.819:1.312],0.763
3403,EMCN,1.031,0.894,1.188,1.031[0.894:1.188],0.677
3404,KIFAP3,1.114,0.908,1.367,1.114[0.908:1.367],0.3
3405,TIMD4,1.107,0.988,1.241,1.107[0.988:1.241],0.081
3406,LINC02285,1.091,0.919,1.294,1.091[0.919:1.294],0.319
3407,CNKSR3,1.14,0.949,1.37,1.14[0.949:1.37],0.16
3408,CAST,0.981,0.819,1.175,0.981[0.819:1.175],0.833
3409,CTSO,1.005,0.852,1.186,1.005[0.852:1.186],0.95
3410,KLK1,1.013,0.895,1.145,1.013[0.895:1.145],0.842
3411,MMP10,0.861,0.779,0.952,0.861[0.779:0.952],0.003
3412,MNX1.AS1,1.201,0.983,1.469,1.201[0.983:1.469],0.073
3413,FLRT2,1.038,0.924,1.166,1.038[0.924:1.166],0.531
3414,DTX4,1.112,0.887,1.393,1.112[0.887:1.393],0.357
3415,ARMC7,1.159,0.901,1.493,1.159[0.901:1.493],0.251
3416,DGAT2,1.035,0.861,1.244,1.035[0.861:1.244],0.717
3417,MAP2K4P1,1.04,0.884,1.223,1.04[0.884:1.223],0.639
3418,FYB1,1.003,0.887,1.134,1.003[0.887:1.134],0.963
3419,CPVL,1.078,0.947,1.227,1.078[0.947:1.227],0.257
3420,TNFSF8,1.061,0.93,1.212,1.061[0.93:1.212],0.378
3421,IL1R1,1.017,0.88,1.175,1.017[0.88:1.175],0.824
3422,ARHGAP35,1.066,0.87,1.306,1.066[0.87:1.306],0.538
3423,KLHDC2,1.01,0.776,1.313,1.01[0.776:1.313],0.942
3424,SLC7A11,0.975,0.853,1.114,0.975[0.853:1.114],0.708
3425,RPSAP70,1.177,0.995,1.391,1.177[0.995:1.391],0.057
3426,SMCR8,1.167,0.945,1.442,1.167[0.945:1.442],0.152
3427,ACTA2,1.122,0.973,1.294,1.122[0.973:1.294],0.112
3428,FAM177A1,1.03,0.831,1.277,1.03[0.831:1.277],0.786
3429,EVC2,1.109,0.962,1.278,1.109[0.962:1.278],0.155
3430,ATP6V1D,1.058,0.859,1.303,1.058[0.859:1.303],0.597
3431,TUBB2B,1.121,1.006,1.249,1.121[1.006:1.249],0.038
3432,DLGAP1,1.054,0.932,1.192,1.054[0.932:1.192],0.401
3433,IMPDH1P8,1.213,1.026,1.434,1.213[1.026:1.434],0.024
3434,TBX21,1.019,0.894,1.16,1.019[0.894:1.16],0.782
3435,NAGA,1.101,0.855,1.419,1.101[0.855:1.419],0.456
3436,FNDC5,1.25,1.085,1.441,1.25[1.085:1.441],0.002
3437,ABCC3,1.031,0.848,1.254,1.031[0.848:1.254],0.758
3438,NKD1,1.007,0.922,1.099,1.007[0.922:1.099],0.881
3439,IGKV1.13,0.973,0.853,1.111,0.973[0.853:1.111],0.69
3440,C6orf15,1.06,0.991,1.134,1.06[0.991:1.134],0.089
3441,SP140,1.042,0.91,1.193,1.042[0.91:1.193],0.553
3442,PNMA8B,1.145,0.993,1.319,1.145[0.993:1.319],0.062
3443,EVL,1.117,0.947,1.316,1.117[0.947:1.316],0.188
3444,PEX11G,1.014,0.805,1.277,1.014[0.805:1.277],0.907
3445,IGHV1.45,0.902,0.813,1,0.902[0.813:1],0.05
3446,PPP2CA.DT,0.947,0.778,1.154,0.947[0.778:1.154],0.591
3447,CYSTM1,0.973,0.778,1.216,0.973[0.778:1.216],0.808
3448,SAPCD2,1.159,0.961,1.399,1.159[0.961:1.399],0.123
3449,RRAGC,1.06,0.836,1.346,1.06[0.836:1.346],0.629
3450,PCED1B.AS1,1.041,0.887,1.221,1.041[0.887:1.221],0.624
3451,EXT1,1.101,0.88,1.377,1.101[0.88:1.377],0.399
3452,ALDH3A2,1.06,0.861,1.305,1.06[0.861:1.305],0.582
3453,PTPN9,1.136,0.89,1.45,1.136[0.89:1.45],0.306
3454,NFKBIA,1.105,0.881,1.385,1.105[0.881:1.385],0.387
3455,CHST15,1.109,0.958,1.283,1.109[0.958:1.283],0.166
3456,STAT4,1.004,0.863,1.167,1.004[0.863:1.167],0.963
3457,SNX33,1.223,0.96,1.558,1.223[0.96:1.558],0.103
3458,PBX4,1.316,1.067,1.623,1.316[1.067:1.623],0.01
3459,PLA2G2D,1.01,0.925,1.102,1.01[0.925:1.102],0.825
3460,MIA2.AS1,1.19,0.924,1.531,1.19[0.924:1.531],0.177
3461,GPR171,0.963,0.853,1.087,0.963[0.853:1.087],0.541
3462,TDRP,1.06,0.923,1.217,1.06[0.923:1.217],0.411
3463,OPRL1,1.144,0.983,1.331,1.144[0.983:1.331],0.081
3464,SLC25A35,1.192,0.975,1.458,1.192[0.975:1.458],0.087
3465,FRYL,1.026,0.872,1.206,1.026[0.872:1.206],0.76
3466,SMPDL3B,0.985,0.81,1.196,0.985[0.81:1.196],0.876
3467,XRCC2,1.104,0.923,1.321,1.104[0.923:1.321],0.277
3468,SH3BGRL,1.059,0.902,1.243,1.059[0.902:1.243],0.483
3469,FBLN7,1.142,0.967,1.349,1.142[0.967:1.349],0.117
3470,TUBB2A,1.199,0.999,1.438,1.199[0.999:1.438],0.051
3471,TMEM164,1.084,0.878,1.339,1.084[0.878:1.339],0.454
3472,IQSEC3,1.148,1.005,1.31,1.148[1.005:1.31],0.042
3473,YPEL2,1.068,0.879,1.299,1.068[0.879:1.299],0.507
3474,LAG3,1.098,0.952,1.265,1.098[0.952:1.265],0.199
3475,UNC5B,1.142,0.968,1.348,1.142[0.968:1.348],0.114
3476,IGLV3.25,0.988,0.92,1.062,0.988[0.92:1.062],0.751
3477,SCO1,1.019,0.821,1.265,1.019[0.821:1.265],0.863
3478,C14orf28,1.073,0.887,1.297,1.073[0.887:1.297],0.468
3479,LINC00570,1.097,0.959,1.255,1.097[0.959:1.255],0.178
3480,ZDBF2,1.092,0.973,1.225,1.092[0.973:1.225],0.136
3481,NKX3.2,1.129,0.99,1.288,1.129[0.99:1.288],0.071
3482,IGLV3.27,0.986,0.912,1.067,0.986[0.912:1.067],0.733
3483,CLSTN1,1.105,0.876,1.394,1.105[0.876:1.394],0.401
3484,THSD4,0.959,0.821,1.12,0.959[0.821:1.12],0.597
3485,SHISA2,1.016,0.899,1.148,1.016[0.899:1.148],0.796
3486,IL18,0.944,0.799,1.116,0.944[0.799:1.116],0.498
3487,SIRT4,1.118,0.926,1.35,1.118[0.926:1.35],0.247
3488,KRT8P32,0.95,0.812,1.111,0.95[0.812:1.111],0.519
3489,DQX1,1.055,0.932,1.195,1.055[0.932:1.195],0.394
3490,CPA2,1.001,0.9,1.114,1.001[0.9:1.114],0.98
3491,PTPRS,1.067,0.935,1.217,1.067[0.935:1.217],0.334
3492,FTH1P8,0.937,0.762,1.152,0.937[0.762:1.152],0.536
3493,USP44,0.993,0.852,1.158,0.993[0.852:1.158],0.931
3494,TCEAL3,1.069,0.917,1.247,1.069[0.917:1.247],0.393
3495,KCNS3,0.982,0.847,1.139,0.982[0.847:1.139],0.813
3496,CDC42EP3,1.109,0.93,1.322,1.109[0.93:1.322],0.25
3497,PAX5,0.99,0.909,1.077,0.99[0.909:1.077],0.809
3498,NELL2,1.065,0.96,1.182,1.065[0.96:1.182],0.235
3499,MAGI1,1.06,0.877,1.281,1.06[0.877:1.281],0.549
3500,GDPD5,1.076,0.935,1.238,1.076[0.935:1.238],0.305
3501,MYL3,1.109,0.989,1.242,1.109[0.989:1.242],0.075
3502,DLGAP1.AS2,0.987,0.836,1.165,0.987[0.836:1.165],0.88
3503,DMGDH,1.13,0.976,1.308,1.13[0.976:1.308],0.102
3504,BHLHE41,1.114,0.967,1.284,1.114[0.967:1.284],0.134
3505,CYTH1,1.16,0.922,1.461,1.16[0.922:1.461],0.206
3506,DAZAP2,1.091,0.85,1.4,1.091[0.85:1.4],0.496
3507,TTC7A,1.201,0.959,1.505,1.201[0.959:1.505],0.111
3508,TAPT1,1.043,0.852,1.276,1.043[0.852:1.276],0.686
3509,CORIN,1.075,0.95,1.217,1.075[0.95:1.217],0.249
3510,SENP8,0.96,0.793,1.163,0.96[0.793:1.163],0.679
3511,RNF5,1.16,0.917,1.468,1.16[0.917:1.468],0.215
3512,KCND3,0.994,0.888,1.113,0.994[0.888:1.113],0.914
3513,PHLDB1,1.106,0.913,1.34,1.106[0.913:1.34],0.302
3514,RHOG,1.262,0.956,1.666,1.262[0.956:1.666],0.1
3515,GDF6,1.12,1.003,1.25,1.12[1.003:1.25],0.044
3516,CHRNA7,1.049,0.953,1.154,1.049[0.953:1.154],0.332
3517,PDE4C,1.059,0.939,1.193,1.059[0.939:1.193],0.35
3518,MIR3189,0.982,0.869,1.11,0.982[0.869:1.11],0.775
3519,NCCRP1,0.995,0.892,1.11,0.995[0.892:1.11],0.926
3520,SERPINA5,1.08,0.95,1.228,1.08[0.95:1.228],0.24
3521,TMOD2,1.071,0.935,1.228,1.071[0.935:1.228],0.322
3522,ATP11A,1.067,0.893,1.276,1.067[0.893:1.276],0.474
3523,CXCL5,0.987,0.917,1.062,0.987[0.917:1.062],0.723
3524,IKZF3,1.027,0.901,1.171,1.027[0.901:1.171],0.687
3525,NR1H3,1.145,0.901,1.455,1.145[0.901:1.455],0.268
3526,ALDH1A1,1.061,0.956,1.179,1.061[0.956:1.179],0.265
3527,NHSL2,1.058,0.945,1.185,1.058[0.945:1.185],0.329
3528,CHRNB2,1.078,0.964,1.206,1.078[0.964:1.206],0.187
3529,SNTB1,1.14,0.961,1.351,1.14[0.961:1.351],0.133
3530,FAM180A,1.09,0.973,1.221,1.09[0.973:1.221],0.136
3531,SMAP1,0.976,0.804,1.184,0.976[0.804:1.184],0.804
3532,HLX,1.248,1.029,1.514,1.248[1.029:1.514],0.025
3533,AFF1,1.03,0.867,1.223,1.03[0.867:1.223],0.738
3534,AQP12B,1.043,0.919,1.183,1.043[0.919:1.183],0.514
3535,KCNJ12,1.042,0.955,1.138,1.042[0.955:1.138],0.354
3536,WDTC1,1.074,0.875,1.317,1.074[0.875:1.317],0.496
3537,C19orf33,1.076,0.928,1.248,1.076[0.928:1.248],0.334
3538,LINC01934,0.963,0.828,1.121,0.963[0.828:1.121],0.63
3539,SYNJ1,1.07,0.889,1.288,1.07[0.889:1.288],0.475
3540,CAPZB,1.024,0.802,1.306,1.024[0.802:1.306],0.85
3541,WDR62,1.051,0.86,1.285,1.051[0.86:1.285],0.625
3542,CYP2D7,1.124,0.965,1.309,1.124[0.965:1.309],0.132
3543,LINC01979,1.064,0.931,1.215,1.064[0.931:1.215],0.361
3544,SLC1A2,0.972,0.838,1.128,0.972[0.838:1.128],0.712
3545,SLC46A1,1.057,0.889,1.257,1.057[0.889:1.257],0.529
3546,PIGR,0.991,0.933,1.053,0.991[0.933:1.053],0.775
3547,KRT6A,1.024,0.955,1.097,1.024[0.955:1.097],0.507
3548,E2F1,1.074,0.875,1.319,1.074[0.875:1.319],0.495
3549,KLF2,1.146,0.961,1.367,1.146[0.961:1.367],0.129
3550,ACAP1,1.105,0.937,1.304,1.105[0.937:1.304],0.235
3551,LINC01433,1.102,0.91,1.333,1.102[0.91:1.333],0.321
3552,VSNL1,0.979,0.855,1.121,0.979[0.855:1.121],0.755
3553,KRCC1,0.993,0.855,1.154,0.993[0.855:1.154],0.931
3554,RNF19B,0.998,0.782,1.274,0.998[0.782:1.274],0.988
3555,LUZP1,0.983,0.813,1.19,0.983[0.813:1.19],0.863
3556,SLC25A48,0.905,0.795,1.03,0.905[0.795:1.03],0.131
3557,SLC35A3,0.975,0.825,1.153,0.975[0.825:1.153],0.77
3558,NRIP1,1.022,0.856,1.22,1.022[0.856:1.22],0.808
3559,MDFIC,1.097,0.952,1.262,1.097[0.952:1.262],0.2
3560,SPDEF,1.024,0.933,1.124,1.024[0.933:1.124],0.613
3561,SLC3A1,0.995,0.896,1.106,0.995[0.896:1.106],0.931
3562,PPIAP46,1.164,0.96,1.412,1.164[0.96:1.412],0.122
3563,ZNRF2,0.978,0.794,1.206,0.978[0.794:1.206],0.838
3564,IL23A,1.001,0.867,1.156,1.001[0.867:1.156],0.987
3565,TRABD2B,1.154,1.012,1.317,1.154[1.012:1.317],0.033
3566,ZNF347,0.986,0.868,1.12,0.986[0.868:1.12],0.829
3567,TSPAN2,1.022,0.908,1.149,1.022[0.908:1.149],0.722
3568,LINC01356,1.157,0.998,1.343,1.157[0.998:1.343],0.054
3569,ACSM4,1.029,0.879,1.205,1.029[0.879:1.205],0.718
3570,LAT2,1.134,0.93,1.383,1.134[0.93:1.383],0.213
3571,B4GALNT3,1.076,0.911,1.271,1.076[0.911:1.271],0.386
3572,NME1,0.94,0.763,1.157,0.94[0.763:1.157],0.558
3573,CADM1,1.046,0.914,1.197,1.046[0.914:1.197],0.512
3574,STARD9,1.127,0.969,1.31,1.127[0.969:1.31],0.12
3575,ATP6V0CP3,0.986,0.792,1.228,0.986[0.792:1.228],0.901
3576,CHMP2A,1.083,0.841,1.395,1.083[0.841:1.395],0.534
3577,SP8,1.072,0.985,1.167,1.072[0.985:1.167],0.106
3578,CD28,0.997,0.868,1.147,0.997[0.868:1.147],0.97
3579,KLF6,0.999,0.832,1.199,0.999[0.832:1.199],0.989
3580,MIR7111,1.195,0.984,1.451,1.195[0.984:1.451],0.072
3581,TTR,0.945,0.853,1.047,0.945[0.853:1.047],0.282
3582,COL17A1,1.047,0.928,1.181,1.047[0.928:1.181],0.456
3583,DHH,1.026,0.878,1.2,1.026[0.878:1.2],0.746
3584,ZNF662,1.071,0.967,1.185,1.071[0.967:1.185],0.186
3585,CRYL1,0.974,0.781,1.213,0.974[0.781:1.213],0.812
3586,RNF14,0.991,0.799,1.229,0.991[0.799:1.229],0.933
3587,BBOF1,0.999,0.852,1.173,0.999[0.852:1.173],0.994
3588,NUDT22,1.117,0.859,1.453,1.117[0.859:1.453],0.409
3589,PLEKHH2,1.035,0.906,1.182,1.035[0.906:1.182],0.612
3590,FPGT.TNNI3K,1.042,0.908,1.196,1.042[0.908:1.196],0.557
3591,ANO2,1.001,0.848,1.183,1.001[0.848:1.183],0.987
3592,ZNF826P,0.947,0.829,1.082,0.947[0.829:1.082],0.423
3593,PRRT4,1.137,1.02,1.268,1.137[1.02:1.268],0.021
3594,LCP1,1.024,0.893,1.175,1.024[0.893:1.175],0.73
3595,B4GAT1.DT,1.082,0.888,1.319,1.082[0.888:1.319],0.433
3596,KCNA2,1.014,0.899,1.143,1.014[0.899:1.143],0.819
3597,NUDT11,1.076,0.934,1.238,1.076[0.934:1.238],0.311
3598,ACADSB,0.953,0.809,1.123,0.953[0.809:1.123],0.565
3599,BEND6,1.027,0.907,1.162,1.027[0.907:1.162],0.677
3600,PLCL1,1.067,0.917,1.241,1.067[0.917:1.241],0.402
3601,TMEM249,1.116,0.991,1.256,1.116[0.991:1.256],0.07
3602,MBP,1.066,0.852,1.335,1.066[0.852:1.335],0.576
3603,OACYLP,1.009,0.863,1.179,1.009[0.863:1.179],0.913
3604,TNFSF9,0.943,0.843,1.055,0.943[0.843:1.055],0.303
3605,FTH1P3,1.03,0.883,1.201,1.03[0.883:1.201],0.707
3606,RNFT2,1.054,0.868,1.278,1.054[0.868:1.278],0.597
3607,TEX43,0.995,0.895,1.105,0.995[0.895:1.105],0.923
3608,RGS10,1.177,0.963,1.438,1.177[0.963:1.438],0.113
3609,ZNF208,1.067,0.926,1.23,1.067[0.926:1.23],0.372
3610,LDLRAD2,1.095,0.906,1.325,1.095[0.906:1.325],0.346
3611,STXBP5.AS1,0.997,0.839,1.184,0.997[0.839:1.184],0.969
3612,SLC39A5,0.969,0.878,1.07,0.969[0.878:1.07],0.535
3613,BDH2,1.044,0.892,1.222,1.044[0.892:1.222],0.593
3614,C17orf97,0.99,0.856,1.145,0.99[0.856:1.145],0.892
3615,STX11,1.023,0.887,1.181,1.023[0.887:1.181],0.753
3616,SLCO2B1,1.107,0.924,1.327,1.107[0.924:1.327],0.271
3617,PRKACA,1.161,0.916,1.472,1.161[0.916:1.472],0.218
3618,KANK3,1.163,0.958,1.413,1.163[0.958:1.413],0.128
3619,TMEM202.AS1,1.117,0.889,1.403,1.117[0.889:1.403],0.343
3620,TMEM19,0.992,0.808,1.219,0.992[0.808:1.219],0.94
3621,CANT1,0.989,0.779,1.257,0.989[0.779:1.257],0.929
3622,WDR20,1.06,0.832,1.351,1.06[0.832:1.351],0.635
3623,CCDC96,1.016,0.852,1.213,1.016[0.852:1.213],0.858
3624,AVPR2,1.16,1.021,1.317,1.16[1.021:1.317],0.022
3625,SFXN1,0.937,0.747,1.174,0.937[0.747:1.174],0.569
3626,MAP2K4,1.086,0.88,1.341,1.086[0.88:1.341],0.442
3627,APC,1.016,0.871,1.186,1.016[0.871:1.186],0.838
3628,SNRPN,1.055,0.934,1.192,1.055[0.934:1.192],0.389
3629,MAP3K11,1.192,0.916,1.552,1.192[0.916:1.552],0.192
3630,ANKFY1,1.065,0.852,1.331,1.065[0.852:1.331],0.578
3631,RAB6D,1.026,0.89,1.183,1.026[0.89:1.183],0.719
3632,HEPFAL,1.147,0.992,1.327,1.147[0.992:1.327],0.064
3633,MTMR9,0.963,0.805,1.151,0.963[0.805:1.151],0.679
3634,LINC03072,1.049,0.868,1.269,1.049[0.868:1.269],0.619
3635,ACOXL.AS1,1.041,0.854,1.27,1.041[0.854:1.27],0.69
3636,NDUFC1,0.979,0.78,1.23,0.979[0.78:1.23],0.858
3637,SNX1,1.119,0.887,1.412,1.119[0.887:1.412],0.344
3638,THBS4,1.08,0.994,1.173,1.08[0.994:1.173],0.069
3639,LTB,1.066,0.912,1.245,1.066[0.912:1.245],0.422
3640,KLF3,0.99,0.815,1.203,0.99[0.815:1.203],0.922
3641,DNASE1L2,1.229,1.033,1.462,1.229[1.033:1.462],0.02
3642,NEUROG3,0.984,0.902,1.073,0.984[0.902:1.073],0.713
3643,SLC5A12,1.155,1.042,1.28,1.155[1.042:1.28],0.006
3644,LHPP,1.127,0.9,1.412,1.127[0.9:1.412],0.298
3645,CYP46A1,1.234,1.056,1.442,1.234[1.056:1.442],0.008
3646,ERBIN,1.064,0.894,1.266,1.064[0.894:1.266],0.487
3647,S100Z,1.182,0.978,1.43,1.182[0.978:1.43],0.084
3648,SPATS2L,1.121,0.899,1.398,1.121[0.899:1.398],0.312
3649,PRR13P5,0.979,0.855,1.121,0.979[0.855:1.121],0.759
3650,TBC1D10C,1.047,0.889,1.232,1.047[0.889:1.232],0.584
3651,SLCO1B3,1.027,0.96,1.1,1.027[0.96:1.1],0.436
3652,RASSF5,1.087,0.928,1.274,1.087[0.928:1.274],0.303
3653,HEIH,1.177,0.905,1.531,1.177[0.905:1.531],0.224
3654,ELF4,1.077,0.87,1.332,1.077[0.87:1.332],0.496
3655,RNF138,0.99,0.825,1.187,0.99[0.825:1.187],0.912
3656,AZIN2,1.152,0.958,1.384,1.152[0.958:1.384],0.132
3657,TBX2.AS1,1.107,0.926,1.324,1.107[0.926:1.324],0.264
3658,MYEOV,1.006,0.896,1.129,1.006[0.896:1.129],0.925
3659,SLC35F3,1.181,1.013,1.376,1.181[1.013:1.376],0.034
3660,NLRC3,1.007,0.85,1.194,1.007[0.85:1.194],0.933
3661,TLR6,1.108,0.971,1.263,1.108[0.971:1.263],0.128
3662,ACBD4,1.232,0.99,1.532,1.232[0.99:1.532],0.061
3663,TRIM10,1.082,0.905,1.294,1.082[0.905:1.294],0.387
3664,PRRT2,1.179,1.012,1.374,1.179[1.012:1.374],0.035
3665,PLOD2,1.057,0.912,1.225,1.057[0.912:1.225],0.464
3666,IQSEC3.AS1,0.99,0.846,1.158,0.99[0.846:1.158],0.901
3667,WWP2,1.111,0.867,1.424,1.111[0.867:1.424],0.405
3668,AVIL,1.089,0.918,1.291,1.089[0.918:1.291],0.327
3669,LAMA2,1.099,0.974,1.241,1.099[0.974:1.241],0.125
3670,SNAP29,1.02,0.814,1.277,1.02[0.814:1.277],0.864
3671,ZCWPW2,1.026,0.872,1.208,1.026[0.872:1.208],0.753
3672,RNU6.415P,1.022,0.841,1.242,1.022[0.841:1.242],0.828
3673,TRAV13.1,0.97,0.837,1.123,0.97[0.837:1.123],0.68
3674,LIX1L,1.073,0.904,1.274,1.073[0.904:1.274],0.423
3675,ZNF439,1.039,0.922,1.17,1.039[0.922:1.17],0.533
3676,XYLT1,1.06,0.898,1.252,1.06[0.898:1.252],0.492
3677,MEX3A,1.058,0.93,1.204,1.058[0.93:1.204],0.393
3678,TFR2,1.119,0.969,1.293,1.119[0.969:1.293],0.126
3679,TEDC2,1.159,0.932,1.442,1.159[0.932:1.442],0.184
3680,GFOD1,1.172,0.963,1.427,1.172[0.963:1.427],0.114
3681,COX6B2,1.062,0.938,1.202,1.062[0.938:1.202],0.343
3682,EPM2A.DT,1.009,0.863,1.179,1.009[0.863:1.179],0.911
3683,TACSTD2,1.062,0.975,1.157,1.062[0.975:1.157],0.165
3684,SOSTDC1,0.977,0.902,1.059,0.977[0.902:1.059],0.574
3685,RUNDC3A,1.053,0.936,1.185,1.053[0.936:1.185],0.386
3686,HLA.DPB1,1.031,0.894,1.188,1.031[0.894:1.188],0.679
3687,SERF1B,0.97,0.825,1.14,0.97[0.825:1.14],0.709
3688,PPP1CB,1.026,0.841,1.252,1.026[0.841:1.252],0.8
3689,LINC00900,1.102,0.944,1.285,1.102[0.944:1.285],0.218
3690,SOCS2.AS1,1.091,0.914,1.301,1.091[0.914:1.301],0.335
3691,MACC1,1.084,0.926,1.269,1.084[0.926:1.269],0.314
3692,POLR2F,1.301,1.09,1.554,1.301[1.09:1.554],0.004
3693,LINC00987,1.065,0.907,1.249,1.065[0.907:1.249],0.444
3694,KRT7.AS,1.191,1.042,1.36,1.191[1.042:1.36],0.01
3695,ALAS1,1.026,0.816,1.291,1.026[0.816:1.291],0.826
3696,PCDHGB7,1.064,0.932,1.214,1.064[0.932:1.214],0.358
3697,C2orf74.DT,1.07,0.915,1.25,1.07[0.915:1.25],0.397
3698,ECHS1,1.102,0.862,1.408,1.102[0.862:1.408],0.439
3699,FGFRL1,1.107,0.923,1.327,1.107[0.923:1.327],0.273
3700,TOX2,1.24,1.058,1.455,1.24[1.058:1.455],0.008
3701,ACVR2A,1.096,0.882,1.362,1.096[0.882:1.362],0.408
3702,GAS6.AS1,1.11,0.989,1.246,1.11[0.989:1.246],0.077
3703,NPFFR1,0.987,0.885,1.101,0.987[0.885:1.101],0.815
3704,EHD1,1.345,1.032,1.751,1.345[1.032:1.751],0.028
3705,THBS1.AS1,0.985,0.875,1.109,0.985[0.875:1.109],0.804
3706,NIPSNAP3A,1.026,0.829,1.269,1.026[0.829:1.269],0.816
3707,ID2,1.037,0.849,1.266,1.037[0.849:1.266],0.723
3708,JMJD1C.AS1,1.013,0.852,1.205,1.013[0.852:1.205],0.884
3709,EGLN3,1.058,0.909,1.231,1.058[0.909:1.231],0.466
3710,PIK3R6,1.124,0.956,1.322,1.124[0.956:1.322],0.157
3711,NCR1,1.012,0.878,1.166,1.012[0.878:1.166],0.868
3712,TFCP2L1,0.99,0.879,1.114,0.99[0.879:1.114],0.863
3713,RETREG2,1.191,0.918,1.543,1.191[0.918:1.543],0.188
3714,CLEC2B,1.126,0.968,1.308,1.126[0.968:1.308],0.123
3715,P2RX6,1.079,0.933,1.248,1.079[0.933:1.248],0.302
3716,DPY19L2,1.121,0.985,1.275,1.121[0.985:1.275],0.082
3717,CEP85L,1.092,0.946,1.261,1.092[0.946:1.261],0.229
3718,TRAV29DV5,1.01,0.865,1.179,1.01[0.865:1.179],0.902
3719,TRAV19,0.954,0.823,1.107,0.954[0.823:1.107],0.536
3720,IL18RAP,0.973,0.849,1.115,0.973[0.849:1.115],0.691
3721,EEF2K,1.16,0.925,1.454,1.16[0.925:1.454],0.198
3722,CCR7,0.96,0.846,1.09,0.96[0.846:1.09],0.53
3723,KLK3,0.981,0.89,1.081,0.981[0.89:1.081],0.7
3724,RN7SL689P,1.119,0.942,1.33,1.119[0.942:1.33],0.2
3725,CPA4,1.139,1.009,1.287,1.139[1.009:1.287],0.036
3726,TUBB6,1.146,0.965,1.361,1.146[0.965:1.361],0.122
3727,IGHV1.69D,0.998,0.928,1.074,0.998[0.928:1.074],0.966
3728,LINC02532,0.93,0.827,1.046,0.93[0.827:1.046],0.229
3729,SPTBN5,1.113,0.985,1.258,1.113[0.985:1.258],0.085
3730,SCAT8,1.061,0.943,1.195,1.061[0.943:1.195],0.325
3731,SLC8B1,1.178,0.92,1.509,1.178[0.92:1.509],0.194
3732,FLRT1,1.113,0.965,1.282,1.113[0.965:1.282],0.141
3733,CTDP1,1.017,0.8,1.293,1.017[0.8:1.293],0.892
3734,UBA7,1.133,0.919,1.398,1.133[0.919:1.398],0.243
3735,CD53,1.012,0.881,1.163,1.012[0.881:1.163],0.866
3736,ATP9B,1.156,0.897,1.489,1.156[0.897:1.489],0.263
3737,P2RX5.TAX1BP3,1.214,0.949,1.552,1.214[0.949:1.552],0.122
3738,LY96,1.061,0.924,1.218,1.061[0.924:1.218],0.4
3739,PNLIPRP2,0.969,0.892,1.053,0.969[0.892:1.053],0.46
3740,MARK2,1.11,0.883,1.395,1.11[0.883:1.395],0.371
3741,NAPEPLD,1.097,0.891,1.35,1.097[0.891:1.35],0.385
3742,KRT7,1.049,0.936,1.177,1.049[0.936:1.177],0.411
3743,NGF,1.302,1.118,1.516,1.302[1.118:1.516],6.893005e-04
3744,SOX9,0.989,0.826,1.184,0.989[0.826:1.184],0.904
3745,TLN1,1.125,0.92,1.377,1.125[0.92:1.377],0.251
3746,CARD14,1.019,0.874,1.188,1.019[0.874:1.188],0.812
3747,ABO,1.039,0.889,1.216,1.039[0.889:1.216],0.629
3748,SCHIP1,1.153,0.995,1.336,1.153[0.995:1.336],0.059
3749,PODN,1.119,0.982,1.275,1.119[0.982:1.275],0.091
3750,GNE,1,0.873,1.144,1[0.873:1.144],0.994
3751,CD226,0.982,0.863,1.118,0.982[0.863:1.118],0.785
3752,LRRC17,1.092,0.942,1.265,1.092[0.942:1.265],0.245
3753,MXD4,1.297,0.999,1.684,1.297[0.999:1.684],0.051
3754,RIMS1,1.027,0.914,1.153,1.027[0.914:1.153],0.659
3755,LINC01411,1,0.923,1.083,1[0.923:1.083],0.991
3756,PRKAG2.AS1,1.132,0.993,1.291,1.132[0.993:1.291],0.063
3757,KRBA1,1.07,0.932,1.227,1.07[0.932:1.227],0.337
3758,KIAA1614,1.129,0.952,1.339,1.129[0.952:1.339],0.164
3759,SLC15A1,0.975,0.907,1.049,0.975[0.907:1.049],0.498
3760,EGFR,1.17,0.977,1.402,1.17[0.977:1.402],0.088
3761,CEACAM16.AS1,0.881,0.751,1.033,0.881[0.751:1.033],0.118
3762,KDM4A,1.098,0.884,1.364,1.098[0.884:1.364],0.396
3763,POMC,1.108,0.937,1.309,1.108[0.937:1.309],0.23
3764,PM20D1,1.008,0.853,1.192,1.008[0.853:1.192],0.924
3765,UOX,0.943,0.789,1.128,0.943[0.789:1.128],0.521
3766,TMEM169,1.027,0.885,1.192,1.027[0.885:1.192],0.727
3767,EIF2AK3,1.017,0.837,1.237,1.017[0.837:1.237],0.863
3768,DACT2,1.009,0.926,1.099,1.009[0.926:1.099],0.846
3769,IL3RA,1.06,0.882,1.274,1.06[0.882:1.274],0.535
3770,CYB5A,0.901,0.716,1.133,0.901[0.716:1.133],0.371
3771,CD59,1.1,0.863,1.401,1.1[0.863:1.401],0.442
3772,KIF18B,1.086,0.895,1.319,1.086[0.895:1.319],0.402
3773,NDUFS1,1.008,0.806,1.261,1.008[0.806:1.261],0.946
3774,MYO7B,0.945,0.791,1.13,0.945[0.791:1.13],0.536
3775,PRKAG2,0.976,0.784,1.216,0.976[0.784:1.216],0.83
3776,AGR3,1.032,0.94,1.133,1.032[0.94:1.133],0.505
3777,FLII,1.233,0.97,1.568,1.233[0.97:1.568],0.087
3778,ZNF423,1.052,0.916,1.207,1.052[0.916:1.207],0.474
3779,CYLD,1.054,0.868,1.279,1.054[0.868:1.279],0.598
3780,MCTP2,1.062,0.882,1.279,1.062[0.882:1.279],0.525
3781,RNF103,1.063,0.879,1.286,1.063[0.879:1.286],0.529
3782,GRHL1,1.059,0.909,1.234,1.059[0.909:1.234],0.46
3783,AKR1C1,1.119,0.976,1.282,1.119[0.976:1.282],0.106
3784,TMEM50A,0.989,0.794,1.231,0.989[0.794:1.231],0.921
3785,DOCK3,1.176,1.011,1.369,1.176[1.011:1.369],0.036
3786,RPS6KA6,0.993,0.916,1.077,0.993[0.916:1.077],0.864
3787,HMGA1P8,1.028,0.836,1.263,1.028[0.836:1.263],0.795
3788,MOB2,1.267,0.987,1.627,1.267[0.987:1.627],0.063
3789,KRT19,1.139,0.934,1.39,1.139[0.934:1.39],0.198
3790,ADAM23,1.009,0.884,1.152,1.009[0.884:1.152],0.896
3791,ANKRD45,1.09,0.973,1.222,1.09[0.973:1.222],0.135
3792,NANOS3,1.054,0.949,1.171,1.054[0.949:1.171],0.324
3793,SP2.DT,1.062,0.868,1.3,1.062[0.868:1.3],0.561
3794,DLST,1.02,0.808,1.286,1.02[0.808:1.286],0.87
3795,ATP5PF,0.987,0.81,1.204,0.987[0.81:1.204],0.899
3796,MMP15,1.088,0.875,1.352,1.088[0.875:1.352],0.448
3797,SETD9,1.034,0.849,1.26,1.034[0.849:1.26],0.739
3798,DOCK8,1.05,0.912,1.209,1.05[0.912:1.209],0.497
3799,EPS8,0.962,0.781,1.186,0.962[0.781:1.186],0.718
3800,CPEB4,0.997,0.848,1.171,0.997[0.848:1.171],0.966
3801,GABARAP,1.052,0.921,1.201,1.052[0.921:1.201],0.457
3802,MIR100HG,1.081,0.957,1.221,1.081[0.957:1.221],0.212
3803,CRYZL1,1.024,0.812,1.292,1.024[0.812:1.292],0.841
3804,RPS28P5,0.977,0.842,1.135,0.977[0.842:1.135],0.764
3805,PACRG,0.945,0.825,1.082,0.945[0.825:1.082],0.411
3806,FEM1C,0.97,0.804,1.169,0.97[0.804:1.169],0.747
3807,RAB8A,1.023,0.798,1.313,1.023[0.798:1.313],0.855
3808,STEAP4,1.033,0.922,1.159,1.033[0.922:1.159],0.575
3809,NCAM2,1.026,0.918,1.147,1.026[0.918:1.147],0.654
3810,HNF4G,0.975,0.829,1.147,0.975[0.829:1.147],0.764
3811,MYC,1.018,0.836,1.239,1.018[0.836:1.239],0.859
3812,CFAP45,1.095,0.914,1.31,1.095[0.914:1.31],0.325
3813,DSCC1,1.066,0.888,1.278,1.066[0.888:1.278],0.494
3814,CDC45,0.96,0.784,1.176,0.96[0.784:1.176],0.692
3815,ZC3H12D,1.017,0.843,1.227,1.017[0.843:1.227],0.859
3816,BMPER,0.941,0.842,1.052,0.941[0.842:1.052],0.287
3817,INSC,0.857,0.762,0.963,0.857[0.762:0.963],0.01
3818,SLC39A10,1.045,0.86,1.269,1.045[0.86:1.269],0.658
3819,RAB5B,1.084,0.874,1.344,1.084[0.874:1.344],0.462
3820,ID3,1.07,0.899,1.274,1.07[0.899:1.274],0.446
3821,TRIP4,1.12,0.897,1.399,1.12[0.897:1.399],0.317
3822,ANLN,1.041,0.882,1.228,1.041[0.882:1.228],0.638
3823,DLGAP3,1.116,0.912,1.366,1.116[0.912:1.366],0.286
3824,SMAD4,1.084,0.879,1.336,1.084[0.879:1.336],0.451
3825,CCDC106,1.073,0.903,1.275,1.073[0.903:1.275],0.421
3826,ASB13,1.109,0.862,1.428,1.109[0.862:1.428],0.421
3827,TSPAN18,1.117,0.974,1.282,1.117[0.974:1.282],0.114
3828,VWA5B2,1.084,0.967,1.215,1.084[0.967:1.215],0.166
3829,MAP3K15,1.129,0.954,1.336,1.129[0.954:1.336],0.157
3830,PEX19,1.09,0.859,1.383,1.09[0.859:1.383],0.478
3831,HHAT,1.049,0.878,1.252,1.049[0.878:1.252],0.599
3832,FEM1B,1.096,0.882,1.361,1.096[0.882:1.361],0.407
3833,FGF7,1.029,0.924,1.147,1.029[0.924:1.147],0.6
3834,DHRS4,1.005,0.814,1.24,1.005[0.814:1.24],0.965
3835,PAEP,1.097,0.985,1.221,1.097[0.985:1.221],0.091
3836,C1orf54,1.181,0.951,1.467,1.181[0.951:1.467],0.132
3837,SPOCK2,1.086,0.932,1.267,1.086[0.932:1.267],0.29
3838,ADCYAP1,1.009,0.908,1.121,1.009[0.908:1.121],0.873
3839,ABHD4,1.287,1.04,1.593,1.287[1.04:1.593],0.02
3840,CTSZ,1.171,0.921,1.488,1.171[0.921:1.488],0.198
3841,CREBRF,1.061,0.901,1.25,1.061[0.901:1.25],0.474
3842,TGFBR3,1.078,0.94,1.236,1.078[0.94:1.236],0.285
3843,SMG6,1.114,0.91,1.362,1.114[0.91:1.362],0.296
3844,MILR1,1.135,0.975,1.321,1.135[0.975:1.321],0.103
3845,LINC02978,1.183,0.996,1.405,1.183[0.996:1.405],0.056
3846,CAVIN1,1.162,0.992,1.36,1.162[0.992:1.36],0.062
3847,COL4A3,0.985,0.875,1.108,0.985[0.875:1.108],0.801
3848,CCDC89,1.118,0.962,1.299,1.118[0.962:1.299],0.145
3849,HEXIM1,1.101,0.901,1.344,1.101[0.901:1.344],0.348
3850,RERE,1.083,0.879,1.334,1.083[0.879:1.334],0.453
3851,AKR1B1,1.019,0.863,1.204,1.019[0.863:1.204],0.821
3852,AIF1L,1.177,1.026,1.352,1.177[1.026:1.352],0.02
3853,ITSN1,1.05,0.868,1.271,1.05[0.868:1.271],0.613
3854,FZD4.DT,1.051,0.881,1.254,1.051[0.881:1.254],0.579
3855,FBXL17,0.962,0.792,1.168,0.962[0.792:1.168],0.694
3856,SMAD1,1.01,0.823,1.239,1.01[0.823:1.239],0.926
3857,IGHV1.69,0.959,0.891,1.033,0.959[0.891:1.033],0.269
3858,HHEX,1.049,0.895,1.229,1.049[0.895:1.229],0.557
3859,SEL1L,1.037,0.866,1.242,1.037[0.866:1.242],0.695
3860,MAP1A,1.083,0.946,1.239,1.083[0.946:1.239],0.249
3861,ABL1,1.143,0.917,1.426,1.143[0.917:1.426],0.234
3862,NCF4,0.995,0.846,1.171,0.995[0.846:1.171],0.956
3863,SDSL,1.098,0.891,1.354,1.098[0.891:1.354],0.379
3864,IGLV9.49,0.975,0.901,1.055,0.975[0.901:1.055],0.526
3865,CFAP91,1.051,0.947,1.166,1.051[0.947:1.166],0.353
3866,AKAP13,1.141,0.952,1.367,1.141[0.952:1.367],0.155
3867,HJURP,1.109,0.907,1.356,1.109[0.907:1.356],0.314
3868,CASP4LP,0.914,0.79,1.057,0.914[0.79:1.057],0.225
3869,THSD7A,1.094,0.974,1.23,1.094[0.974:1.23],0.131
3870,FTH1P20,0.999,0.897,1.113,0.999[0.897:1.113],0.988
3871,ENDOU,1.079,0.911,1.278,1.079[0.911:1.278],0.378
3872,ZNF236.DT,1.039,0.822,1.314,1.039[0.822:1.314],0.749
3873,TLR8,0.958,0.863,1.062,0.958[0.863:1.062],0.413
3874,EPHA4,1.018,0.914,1.134,1.018[0.914:1.134],0.746
3875,TRAPPC8,1.024,0.845,1.241,1.024[0.845:1.241],0.806
3876,SLC27A2,1.035,0.86,1.246,1.035[0.86:1.246],0.713
3877,C1orf50.AS1,1.016,0.842,1.226,1.016[0.842:1.226],0.868
3878,SEMA6A.AS1,1.04,0.887,1.22,1.04[0.887:1.22],0.629
3879,RGL4,1.151,0.947,1.398,1.151[0.947:1.398],0.157
3880,NCAPD2P1,1.038,0.93,1.159,1.038[0.93:1.159],0.507
3881,LPAR5,0.993,0.79,1.248,0.993[0.79:1.248],0.951
3882,TRPC6P2,0.941,0.806,1.097,0.941[0.806:1.097],0.435
3883,TAOK3,1.11,0.895,1.377,1.11[0.895:1.377],0.342
3884,ECSCR,1.11,0.931,1.324,1.11[0.931:1.324],0.245
3885,P2RX7,1.091,0.95,1.253,1.091[0.95:1.253],0.22
3886,KLF10,1.038,0.848,1.271,1.038[0.848:1.271],0.719
3887,CRYBG1,1.032,0.864,1.233,1.032[0.864:1.233],0.73
3888,COPDA1,1.017,0.879,1.176,1.017[0.879:1.176],0.823
3889,TRMT9B,0.884,0.779,1.004,0.884[0.779:1.004],0.058
3890,KALRN,1.003,0.825,1.219,1.003[0.825:1.219],0.977
3891,WIPF2,1.088,0.902,1.311,1.088[0.902:1.311],0.378
3892,ANKRD12,1.063,0.913,1.238,1.063[0.913:1.238],0.429
3893,BYSL,1.169,0.899,1.519,1.169[0.899:1.519],0.245
3894,CHFR,1.056,0.903,1.235,1.056[0.903:1.235],0.494
3895,CELSR3,1.041,0.906,1.196,1.041[0.906:1.196],0.571
3896,LRFN1,1.264,1.106,1.445,1.264[1.106:1.445],5.955278e-04
3897,THTPA,1.121,0.893,1.408,1.121[0.893:1.408],0.324
3898,FYCO1,1.041,0.863,1.255,1.041[0.863:1.255],0.675
3899,PCDH19,1.064,0.971,1.166,1.064[0.971:1.166],0.181
3900,PTPN18,1.276,0.995,1.637,1.276[0.995:1.637],0.055
3901,RAET1K,1.156,1.006,1.328,1.156[1.006:1.328],0.04
3902,CHST7,1.16,0.949,1.417,1.16[0.949:1.417],0.148
3903,AKT3,1.11,0.96,1.284,1.11[0.96:1.284],0.159
3904,TPMT,0.954,0.786,1.158,0.954[0.786:1.158],0.631
3905,BTC,0.952,0.807,1.123,0.952[0.807:1.123],0.56
3906,TSPYL1,1.058,0.826,1.355,1.058[0.826:1.355],0.655
3907,IDNK,1.143,0.924,1.414,1.143[0.924:1.414],0.219
3908,NAA60,1.08,0.862,1.354,1.08[0.862:1.354],0.504
3909,PDZD9,1.046,0.861,1.271,1.046[0.861:1.271],0.653
3910,SSC5D,1.081,0.97,1.206,1.081[0.97:1.206],0.16
3911,IL1RL1,0.973,0.858,1.103,0.973[0.858:1.103],0.668
3912,UBB,1.125,0.891,1.421,1.125[0.891:1.421],0.322
3913,FAM184A,1.062,0.952,1.184,1.062[0.952:1.184],0.279
3914,TRAC,0.961,0.822,1.125,0.961[0.822:1.125],0.621
3915,SRPX2,0.976,0.868,1.097,0.976[0.868:1.097],0.684
3916,SMIM22,0.918,0.755,1.117,0.918[0.755:1.117],0.393
3917,NR1H2,1.268,0.974,1.651,1.268[0.974:1.651],0.078
3918,NXPH4,1.094,1.008,1.187,1.094[1.008:1.187],0.032
3919,FAM131A,1.307,1.029,1.661,1.307[1.029:1.661],0.028
3920,FAM219B,1.34,1.051,1.708,1.34[1.051:1.708],0.018
3921,AP1B1,1.073,0.85,1.353,1.073[0.85:1.353],0.555
3922,RSPH3,1.132,0.901,1.423,1.132[0.901:1.423],0.288
3923,UBL3,1.038,0.869,1.24,1.038[0.869:1.24],0.68
3924,WT1,1.08,0.997,1.169,1.08[0.997:1.169],0.059
3925,PEAK1,1.106,0.915,1.338,1.106[0.915:1.338],0.298
3926,ACSM1,0.99,0.854,1.147,0.99[0.854:1.147],0.89
3927,PTPRM,1.087,0.918,1.288,1.087[0.918:1.288],0.334
3928,APC2,1.335,1.097,1.625,1.335[1.097:1.625],0.004
3929,RPL17P47,0.972,0.844,1.12,0.972[0.844:1.12],0.696
3930,HLA.DOB,1.047,0.92,1.191,1.047[0.92:1.191],0.487
3931,GPC6,1.034,0.907,1.18,1.034[0.907:1.18],0.615
3932,DNAJC4,1.304,1.01,1.685,1.304[1.01:1.685],0.042
3933,C4orf33,0.974,0.818,1.161,0.974[0.818:1.161],0.769
3934,SARAF,0.937,0.77,1.139,0.937[0.77:1.139],0.514
3935,EFCAB5,1.002,0.858,1.17,1.002[0.858:1.17],0.98
3936,WIPF1,1.058,0.904,1.239,1.058[0.904:1.239],0.479
3937,VIPR1.AS1,1.013,0.876,1.171,1.013[0.876:1.171],0.865
3938,DMAC2L,1.053,0.852,1.301,1.053[0.852:1.301],0.635
3939,NNAT,1.144,1.002,1.306,1.144[1.002:1.306],0.047
3940,MIR130AHG,1.093,0.916,1.305,1.093[0.916:1.305],0.325
3941,SMIM31,0.936,0.833,1.053,0.936[0.833:1.053],0.271
3942,HLA.DMB,1.025,0.891,1.179,1.025[0.891:1.179],0.732
3943,VIM,1.079,0.915,1.271,1.079[0.915:1.271],0.365
3944,ZNF483,1.093,0.944,1.266,1.093[0.944:1.266],0.232
3945,BOLA3P3,0.982,0.873,1.106,0.982[0.873:1.106],0.769
3946,CEACAM21,0.97,0.823,1.144,0.97[0.823:1.144],0.721
3947,STK32A,1.025,0.905,1.161,1.025[0.905:1.161],0.7
3948,CCRL2,0.872,0.714,1.065,0.872[0.714:1.065],0.178
3949,RGS6,1.07,0.965,1.187,1.07[0.965:1.187],0.196
3950,CD300LB,1.128,0.975,1.306,1.128[0.975:1.306],0.106
3951,B3GNT5,1.036,0.875,1.227,1.036[0.875:1.227],0.68
3952,LEPROT,1.018,0.821,1.263,1.018[0.821:1.263],0.869
3953,LYSET,1.001,0.82,1.222,1.001[0.82:1.222],0.991
3954,CAP1,0.984,0.79,1.226,0.984[0.79:1.226],0.887
3955,LUCAT1,1.011,0.895,1.143,1.011[0.895:1.143],0.857
3956,SCAMP5,1.04,0.902,1.199,1.04[0.902:1.199],0.588
3957,DDIAS,1.021,0.856,1.218,1.021[0.856:1.218],0.815
3958,GPR182,1.038,0.875,1.23,1.038[0.875:1.23],0.671
3959,OSBPL11,1.075,0.882,1.311,1.075[0.882:1.311],0.473
3960,SAMSN1,0.974,0.857,1.107,0.974[0.857:1.107],0.684
3961,NCKAP5,0.995,0.89,1.113,0.995[0.89:1.113],0.933
3962,MIA2,1.098,0.911,1.324,1.098[0.911:1.324],0.326
3963,TRAV8.2,1.061,0.907,1.242,1.061[0.907:1.242],0.459
3964,MAN2A1.DT,1.058,0.882,1.27,1.058[0.882:1.27],0.544
3965,PCDHB3,0.993,0.866,1.138,0.993[0.866:1.138],0.918
3966,MYO5B,0.975,0.808,1.176,0.975[0.808:1.176],0.791
3967,CUBN,1.126,0.947,1.34,1.126[0.947:1.34],0.18
3968,SLC28A2,0.911,0.842,0.986,0.911[0.842:0.986],0.02
3969,VSIG10,1.133,0.905,1.418,1.133[0.905:1.418],0.276
3970,CSF2,0.947,0.833,1.077,0.947[0.833:1.077],0.408
3971,CDC42BPG,1.171,0.96,1.428,1.171[0.96:1.428],0.119
3972,DECR1,0.972,0.807,1.17,0.972[0.807:1.17],0.762
3973,RARRES1,1.04,0.926,1.168,1.04[0.926:1.168],0.511
3974,RARA.AS1,1.153,0.945,1.408,1.153[0.945:1.408],0.161
3975,LINC01637,1.065,0.876,1.296,1.065[0.876:1.296],0.526
3976,ZNF747,1.13,0.909,1.406,1.13[0.909:1.406],0.271
3977,SLC26A7,1.048,0.93,1.182,1.048[0.93:1.182],0.442
3978,TF,1,0.898,1.113,1[0.898:1.113],0.999
3979,NCK1,1.114,0.894,1.389,1.114[0.894:1.389],0.337
3980,ZFP2,0.939,0.807,1.091,0.939[0.807:1.091],0.411
3981,BOP1,1.127,0.918,1.384,1.127[0.918:1.384],0.253
3982,KCTD2,1.124,0.886,1.425,1.124[0.886:1.425],0.335
3983,ITGA3,1.083,0.892,1.314,1.083[0.892:1.314],0.422
3984,KLF15,1.095,0.966,1.243,1.095[0.966:1.243],0.157
3985,FAM83B,1.103,0.926,1.315,1.103[0.926:1.315],0.272
3986,NNT,1.019,0.826,1.257,1.019[0.826:1.257],0.863
3987,USP38,0.942,0.772,1.149,0.942[0.772:1.149],0.555
3988,MASP2,1.054,0.893,1.244,1.054[0.893:1.244],0.535
3989,GNA15.DT,1.15,0.939,1.409,1.15[0.939:1.409],0.178
3990,MCU,0.968,0.786,1.193,0.968[0.786:1.193],0.762
3991,LINC01996,1.01,0.904,1.127,1.01[0.904:1.127],0.864
3992,LRRC8D.DT,0.966,0.811,1.151,0.966[0.811:1.151],0.698
3993,SIDT1,0.969,0.837,1.121,0.969[0.837:1.121],0.669
3994,NCOR1,1.057,0.872,1.282,1.057[0.872:1.282],0.57
3995,TRBV19,1.035,0.902,1.188,1.035[0.902:1.188],0.624
3996,RALB,1.033,0.821,1.301,1.033[0.821:1.301],0.78
3997,FBXL3,1.012,0.835,1.227,1.012[0.835:1.227],0.9
3998,HSPA1A,1.244,1.096,1.413,1.244[1.096:1.413],7.592182e-04
3999,PARVA,1.107,0.87,1.408,1.107[0.87:1.408],0.409
4000,LINC01357,1.056,0.922,1.209,1.056[0.922:1.209],0.432
4001,TRIM25,0.965,0.778,1.197,0.965[0.778:1.197],0.747
4002,CEBPE,0.97,0.852,1.104,0.97[0.852:1.104],0.644
4003,LIMK2,1.016,0.82,1.259,1.016[0.82:1.259],0.883
4004,ARHGAP31,1.062,0.908,1.242,1.062[0.908:1.242],0.453
4005,CDC42BPA,1.032,0.874,1.218,1.032[0.874:1.218],0.71
4006,KCNF1,1.041,0.928,1.168,1.041[0.928:1.168],0.496
4007,MROH8,0.95,0.772,1.168,0.95[0.772:1.168],0.624
4008,KLKB1,0.957,0.836,1.096,0.957[0.836:1.096],0.525
4009,HIC1,1.119,0.929,1.348,1.119[0.929:1.348],0.236
4010,TBC1D12,0.98,0.799,1.203,0.98[0.799:1.203],0.848
4011,HLA.DPA1,1.04,0.915,1.183,1.04[0.915:1.183],0.547
4012,CYP4F22,0.997,0.844,1.178,0.997[0.844:1.178],0.971
4013,PDCD2L,1.046,0.828,1.322,1.046[0.828:1.322],0.704
4014,TINF2,1.114,0.871,1.426,1.114[0.871:1.426],0.389
4015,STX1A,1.191,0.992,1.43,1.191[0.992:1.43],0.061
4016,FAUP4,1.104,0.94,1.297,1.104[0.94:1.297],0.226
4017,CCNO.DT,1.043,0.88,1.237,1.043[0.88:1.237],0.625
4018,LRRC25,1.048,0.899,1.221,1.048[0.899:1.221],0.551
4019,ZNF624,1.052,0.883,1.253,1.052[0.883:1.253],0.573
4020,MUC12,0.949,0.872,1.032,0.949[0.872:1.032],0.221
4021,TECTA,1.077,0.909,1.276,1.077[0.909:1.276],0.391
4022,MTF1,1.061,0.872,1.29,1.061[0.872:1.29],0.555
4023,RALGAPA1,1.038,0.885,1.217,1.038[0.885:1.217],0.647
4024,TOMM40P4,1.129,0.912,1.397,1.129[0.912:1.397],0.265
4025,DGCR2,1.103,0.874,1.391,1.103[0.874:1.391],0.41
4026,FAM50B,1.088,0.965,1.226,1.088[0.965:1.226],0.168
4027,TSPAN4,1.147,0.942,1.397,1.147[0.942:1.397],0.173
4028,ITPKB,1.175,0.956,1.446,1.175[0.956:1.446],0.126
4029,COBL,1.091,0.916,1.301,1.091[0.916:1.301],0.328
4030,GBF1,1.159,0.923,1.455,1.159[0.923:1.455],0.204
4031,SYTL3,1.184,0.968,1.448,1.184[0.968:1.448],0.101
4032,TFEB,1.125,0.889,1.423,1.125[0.889:1.423],0.327
4033,FHIP1A.DT,0.958,0.825,1.113,0.958[0.825:1.113],0.575
4034,SNORA71A,1.068,0.952,1.198,1.068[0.952:1.198],0.263
4035,CHTF18,1.178,0.952,1.459,1.178[0.952:1.459],0.132
4036,ARL6IP5,1.027,0.816,1.292,1.027[0.816:1.292],0.823
4037,AP5B1,1.146,0.903,1.454,1.146[0.903:1.454],0.263
4038,CALM3,1.107,0.878,1.395,1.107[0.878:1.395],0.39
4039,FXYD6.AS1,1.018,0.877,1.182,1.018[0.877:1.182],0.812
4040,AXDND1,0.972,0.889,1.063,0.972[0.889:1.063],0.532
4041,SGCB,1.012,0.84,1.218,1.012[0.84:1.218],0.904
4042,SMCO2,0.99,0.84,1.167,0.99[0.84:1.167],0.905
4043,KLRC4.KLRK1,0.993,0.847,1.165,0.993[0.847:1.165],0.935
4044,RMND5A,1.144,0.916,1.428,1.144[0.916:1.428],0.236
4045,AGAP1.IT1,0.946,0.812,1.102,0.946[0.812:1.102],0.474
4046,TPRN,1.144,0.909,1.441,1.144[0.909:1.441],0.252
4047,CD3D,0.947,0.816,1.098,0.947[0.816:1.098],0.47
4048,KBTBD12,0.996,0.927,1.071,0.996[0.927:1.071],0.917
4049,LMTK2,1.106,0.902,1.357,1.106[0.902:1.357],0.331
4050,LINC01711,1.114,0.963,1.288,1.114[0.963:1.288],0.146
4051,SLC14A2,1.032,0.937,1.136,1.032[0.937:1.136],0.523
4052,GCSAM,1.041,0.892,1.215,1.041[0.892:1.215],0.61
4053,FTH1P11,0.987,0.848,1.149,0.987[0.848:1.149],0.864
4054,EFCAB13.DT,0.881,0.738,1.052,0.881[0.738:1.052],0.161
4055,OTUD7B,1.119,0.906,1.381,1.119[0.906:1.381],0.297
4056,TFAP2A.AS1,1.007,0.903,1.123,1.007[0.903:1.123],0.899
4057,CCDC32,1.221,0.964,1.545,1.221[0.964:1.545],0.097
4058,CYB5D2,1.128,0.905,1.407,1.128[0.905:1.407],0.284
4059,SAMD4A,1.105,0.945,1.294,1.105[0.945:1.294],0.211
4060,PCDHB5,1.135,0.99,1.301,1.135[0.99:1.301],0.069
4061,LMO7.AS1,1.116,0.954,1.305,1.116[0.954:1.305],0.17
4062,LILRA1,1.011,0.877,1.165,1.011[0.877:1.165],0.884
4063,PKD2L2.DT,1.007,0.881,1.152,1.007[0.881:1.152],0.915
4064,PGRMC2,1.018,0.81,1.28,1.018[0.81:1.28],0.877
4065,ZNF658,1.012,0.845,1.211,1.012[0.845:1.211],0.898
4066,LINC03021,1.03,0.916,1.158,1.03[0.916:1.158],0.618
4067,SLC1A3.AS1,1.008,0.865,1.175,1.008[0.865:1.175],0.918
4068,DMPK,1.325,1.082,1.623,1.325[1.082:1.623],0.006
4069,RERE.AS1,1.004,0.846,1.191,1.004[0.846:1.191],0.963
4070,IGSF5,1.08,0.918,1.27,1.08[0.918:1.27],0.356
4071,TSKS,1.138,0.975,1.327,1.138[0.975:1.327],0.1
4072,SLC25A18,1.119,0.896,1.397,1.119[0.896:1.397],0.322
4073,CHST2,0.962,0.801,1.157,0.962[0.801:1.157],0.683
4074,NTRK2,1.105,1.021,1.195,1.105[1.021:1.195],0.013
4075,TMEM221,1.184,0.992,1.414,1.184[0.992:1.414],0.061
4076,IFIT1,1.034,0.915,1.168,1.034[0.915:1.168],0.589
4077,CEP72.DT,1.143,0.99,1.319,1.143[0.99:1.319],0.067
4078,MAN2B1,1.167,0.936,1.456,1.167[0.936:1.456],0.17
4079,C2.AS1,1.05,0.897,1.23,1.05[0.897:1.23],0.543
4080,EBF4,1.273,1.073,1.511,1.273[1.073:1.511],0.006
4081,NACC2,1.148,0.924,1.426,1.148[0.924:1.426],0.214
4082,SHOC2,1.012,0.844,1.212,1.012[0.844:1.212],0.901
4083,CTNNA2,1.036,0.96,1.118,1.036[0.96:1.118],0.365
4084,ATOH8,1.073,0.949,1.214,1.073[0.949:1.214],0.261
4085,DPH1.AS1,1.083,0.876,1.338,1.083[0.876:1.338],0.462
4086,ZNF844,0.977,0.864,1.104,0.977[0.864:1.104],0.706
4087,TRBV28,0.971,0.844,1.116,0.971[0.844:1.116],0.676
4088,SH2B3,1.136,0.933,1.384,1.136[0.933:1.384],0.203
4089,PKP1,1.062,0.959,1.177,1.062[0.959:1.177],0.249
4090,ZNF658B,0.988,0.847,1.152,0.988[0.847:1.152],0.879
4091,STAM2,1.025,0.835,1.259,1.025[0.835:1.259],0.813
4092,ZCCHC24,1.037,0.898,1.198,1.037[0.898:1.198],0.618
4093,SIGLEC10,1.045,0.915,1.193,1.045[0.915:1.193],0.516
4094,KLRG1,1.034,0.886,1.207,1.034[0.886:1.207],0.673
4095,KRAS,1.057,0.874,1.279,1.057[0.874:1.279],0.568
4096,SASH1,1.081,0.907,1.289,1.081[0.907:1.289],0.385
4097,IGLVI.70,0.974,0.885,1.073,0.974[0.885:1.073],0.599
4098,CDS1,0.93,0.77,1.122,0.93[0.77:1.122],0.446
4099,MITF,1.052,0.92,1.204,1.052[0.92:1.204],0.456
4100,KCNV1,1.026,0.949,1.109,1.026[0.949:1.109],0.517
4101,XPNPEP2,1.011,0.935,1.092,1.011[0.935:1.092],0.788
4102,USHBP1,1.196,0.991,1.442,1.196[0.991:1.442],0.062
4103,PPP1R13B,1.09,0.871,1.364,1.09[0.871:1.364],0.453
4104,CHRFAM7A,1.084,0.954,1.232,1.084[0.954:1.232],0.215
4105,METTL25,0.952,0.783,1.157,0.952[0.783:1.157],0.62
4106,MIR29B2CHG,1.132,0.981,1.307,1.132[0.981:1.307],0.09
4107,FCRL6,1.011,0.893,1.145,1.011[0.893:1.145],0.863
4108,TEX101,1.004,0.881,1.143,1.004[0.881:1.143],0.958
4109,GAK,1.061,0.848,1.328,1.061[0.848:1.328],0.605
4110,ADAMTS19,1.072,0.977,1.178,1.072[0.977:1.178],0.142
4111,CTDSP1,1.246,0.973,1.596,1.246[0.973:1.596],0.081
4112,PRRG4,1.095,0.893,1.341,1.095[0.893:1.341],0.383
4113,FXYD7,1.231,1.02,1.486,1.231[1.02:1.486],0.031
4114,RPL38P2,0.951,0.841,1.076,0.951[0.841:1.076],0.429
4115,PLEKHF2,1.011,0.831,1.23,1.011[0.831:1.23],0.911
4116,GRN,1.212,0.945,1.553,1.212[0.945:1.553],0.13
4117,UBE2J1,0.968,0.783,1.196,0.968[0.783:1.196],0.761
4118,NLRX1,1.12,0.893,1.405,1.12[0.893:1.405],0.326
4119,SMTN,1.09,0.891,1.334,1.09[0.891:1.334],0.403
4120,GPBAR1,1.123,0.953,1.322,1.123[0.953:1.322],0.165
4121,MEF2A,1.116,0.915,1.361,1.116[0.915:1.361],0.278
4122,PRUNE2,1.026,0.91,1.156,1.026[0.91:1.156],0.676
4123,MRPS36,0.918,0.753,1.12,0.918[0.753:1.12],0.399
4124,AGL,1.002,0.845,1.187,1.002[0.845:1.187],0.984
4125,B4GALT1,1.046,0.841,1.302,1.046[0.841:1.302],0.685
4126,SELENOM,1.14,0.942,1.379,1.14[0.942:1.379],0.177
4127,ADGRA3,0.964,0.792,1.174,0.964[0.792:1.174],0.718
4128,PURG,1.061,0.895,1.259,1.061[0.895:1.259],0.495
4129,PRR15,1.03,0.868,1.221,1.03[0.868:1.221],0.736
4130,SLC39A13.AS1,1.057,0.93,1.202,1.057[0.93:1.202],0.395
4131,CASC8,1.064,0.943,1.201,1.064[0.943:1.201],0.313
4132,KRT8P24,1.037,0.909,1.182,1.037[0.909:1.182],0.59
4133,UBE2SP1,0.988,0.818,1.193,0.988[0.818:1.193],0.9
4134,URAD,0.982,0.923,1.046,0.982[0.923:1.046],0.574
4135,NPM1P25,0.939,0.811,1.088,0.939[0.811:1.088],0.402
4136,TRAPPC10,1.083,0.875,1.341,1.083[0.875:1.341],0.464
4137,UHRF1,1.007,0.842,1.205,1.007[0.842:1.205],0.936
4138,QRFP,1.205,1.017,1.427,1.205[1.017:1.427],0.031
4139,LGMN,1.091,0.872,1.365,1.091[0.872:1.365],0.444
4140,CLSTN2,1.022,0.924,1.13,1.022[0.924:1.13],0.675
4141,CDC42,0.954,0.791,1.15,0.954[0.791:1.15],0.619
4142,CLEC1A,1.058,0.901,1.242,1.058[0.901:1.242],0.49
4143,IRF2.DT,1.247,0.993,1.568,1.247[0.993:1.568],0.058
4144,UNC5CL,0.978,0.84,1.138,0.978[0.84:1.138],0.77
4145,HIBCH,1.044,0.864,1.26,1.044[0.864:1.26],0.657
4146,NUDT7,1.003,0.834,1.206,1.003[0.834:1.206],0.976
4147,PYHIN1,0.994,0.876,1.129,0.994[0.876:1.129],0.93
4148,KCNK12,1.132,0.976,1.313,1.132[0.976:1.313],0.102
4149,IGHD,1.024,0.95,1.103,1.024[0.95:1.103],0.536
4150,CHD5,1.174,1.024,1.347,1.174[1.024:1.347],0.022
4151,SPATA41,1.019,0.848,1.223,1.019[0.848:1.223],0.843
4152,FAXC,1.109,0.991,1.241,1.109[0.991:1.241],0.071
4153,DCAF5,1.148,0.92,1.431,1.148[0.92:1.431],0.222
4154,SATB2.AS1,0.981,0.898,1.071,0.981[0.898:1.071],0.665
4155,CEACAM22P,1.115,0.944,1.318,1.115[0.944:1.318],0.2
4156,PTENP1,1.108,0.952,1.289,1.108[0.952:1.289],0.186
4157,LINC01730,1.003,0.875,1.149,1.003[0.875:1.149],0.967
4158,KRT8,1.072,0.867,1.326,1.072[0.867:1.326],0.519
4159,E2F2,0.998,0.824,1.209,0.998[0.824:1.209],0.987
4160,ABHD17C,1.024,0.817,1.283,1.024[0.817:1.283],0.838
4161,PGPEP1,1.073,0.862,1.335,1.073[0.862:1.335],0.53
4162,MIR503HG,1.091,0.965,1.233,1.091[0.965:1.233],0.166
4163,MROH7,1.083,0.959,1.223,1.083[0.959:1.223],0.199
4164,LINC02569,1.04,0.86,1.259,1.04[0.86:1.259],0.683
4165,TRAV8.4,0.886,0.754,1.04,0.886[0.754:1.04],0.139
4166,ZBTB7A,1.099,0.87,1.389,1.099[0.87:1.389],0.428
4167,KCNJ14,1.278,1.058,1.544,1.278[1.058:1.544],0.011
4168,SYTL4,1.005,0.84,1.203,1.005[0.84:1.203],0.955
4169,CD8A,0.978,0.865,1.106,0.978[0.865:1.106],0.724
4170,COX10,1.005,0.796,1.268,1.005[0.796:1.268],0.968
4171,GOLGA8N,1.035,0.917,1.168,1.035[0.917:1.168],0.573
4172,TRPC1,1.088,0.948,1.249,1.088[0.948:1.249],0.231
4173,SIT1,0.98,0.848,1.134,0.98[0.848:1.134],0.787
4174,ASIC1,1.114,0.938,1.323,1.114[0.938:1.323],0.217
4175,ZIC5,1.049,0.987,1.113,1.049[0.987:1.113],0.122
4176,ADSS1,1.165,1.005,1.351,1.165[1.005:1.351],0.043
4177,GLB1L3,1.002,0.848,1.184,1.002[0.848:1.184],0.98
4178,VCL,1.088,0.896,1.322,1.088[0.896:1.322],0.394
4179,MYL12B,1.088,0.86,1.376,1.088[0.86:1.376],0.481
4180,SLC25A24,0.956,0.808,1.131,0.956[0.808:1.131],0.598
4181,MYADML2,0.985,0.894,1.085,0.985[0.894:1.085],0.753
4182,CAMK1,1.013,0.813,1.261,1.013[0.813:1.261],0.91
4183,PPM1L,1.028,0.872,1.214,1.028[0.872:1.214],0.74
4184,PHACTR1,1.09,0.916,1.297,1.09[0.916:1.297],0.33
4185,TM6SF1,1.027,0.894,1.18,1.027[0.894:1.18],0.706
4186,PYROXD1,1.015,0.843,1.222,1.015[0.843:1.222],0.878
4187,LINC01559,1.053,0.934,1.187,1.053[0.934:1.187],0.401
4188,PTEN,1.114,0.924,1.342,1.114[0.924:1.342],0.257
4189,SLC7A2,1.031,0.927,1.146,1.031[0.927:1.146],0.579
4190,NBL1,1.097,0.891,1.35,1.097[0.891:1.35],0.383
4191,NBR1,1.032,0.851,1.253,1.032[0.851:1.253],0.746
4192,LEF1.AS1,1.145,0.956,1.373,1.145[0.956:1.373],0.141
4193,IGHJ1,0.961,0.859,1.075,0.961[0.859:1.075],0.486
4194,TRIOBP,1.066,0.855,1.331,1.066[0.855:1.331],0.57
4195,PTPRN2.AS1,1.052,0.894,1.237,1.052[0.894:1.237],0.541
4196,IRF2,1.121,0.889,1.412,1.121[0.889:1.412],0.334
4197,MT3,1.016,0.928,1.111,1.016[0.928:1.111],0.735
4198,RNF5P1,1.046,0.897,1.221,1.046[0.897:1.221],0.564
4199,JDP2,1.331,1.058,1.675,1.331[1.058:1.675],0.015
4200,CLIC6,0.993,0.883,1.118,0.993[0.883:1.118],0.91
4201,ATP6V1FNB,1.128,0.96,1.324,1.128[0.96:1.324],0.143
4202,GABRB2,1.013,0.936,1.097,1.013[0.936:1.097],0.741
4203,IL2RB,0.992,0.864,1.139,0.992[0.864:1.139],0.912
4204,CBR1,0.998,0.806,1.236,0.998[0.806:1.236],0.983
4205,MYLK3,1.074,0.901,1.28,1.074[0.901:1.28],0.428
4206,CD164,1.017,0.832,1.244,1.017[0.832:1.244],0.868
4207,IGKV2.29,0.952,0.871,1.04,0.952[0.871:1.04],0.274
4208,FFAR4,0.964,0.871,1.067,0.964[0.871:1.067],0.474
4209,RFC3,1.028,0.849,1.245,1.028[0.849:1.245],0.778
4210,KRTAP5.4,1.001,0.866,1.158,1.001[0.866:1.158],0.989
4211,LINC01160,1.147,0.967,1.36,1.147[0.967:1.36],0.115
4212,S1PR1.DT,1.098,0.922,1.308,1.098[0.922:1.308],0.292
4213,SLC29A4,1.178,1.026,1.353,1.178[1.026:1.353],0.02
4214,TRIM52.AS1,1.082,0.858,1.364,1.082[0.858:1.364],0.507
4215,SLC5A10,1.114,0.933,1.331,1.114[0.933:1.331],0.233
4216,ITK,1.005,0.881,1.147,1.005[0.881:1.147],0.937
4217,DNAH2,1.041,0.916,1.183,1.041[0.916:1.183],0.538
4218,SLCO4A1.AS1,1.104,0.995,1.226,1.104[0.995:1.226],0.062
4219,ZNF354C,1.04,0.923,1.173,1.04[0.923:1.173],0.519
4220,LINC00528,1.091,0.926,1.284,1.091[0.926:1.284],0.299
4221,SNX6,1.008,0.825,1.23,1.008[0.825:1.23],0.939
4222,CYP27C1,1.056,0.925,1.205,1.056[0.925:1.205],0.419
4223,METTL7B,1.065,0.89,1.274,1.065[0.89:1.274],0.493
4224,TTC30A,1.099,0.926,1.303,1.099[0.926:1.303],0.28
4225,FZD4,1.152,0.964,1.377,1.152[0.964:1.377],0.119
4226,CARNS1,1.138,0.974,1.329,1.138[0.974:1.329],0.103
4227,SORT1,0.934,0.758,1.15,0.934[0.758:1.15],0.518
4228,BANK1,1.049,0.923,1.193,1.049[0.923:1.193],0.465
4229,SNAI3,1.101,0.939,1.291,1.101[0.939:1.291],0.238
4230,NFATC1,1.182,1.021,1.368,1.182[1.021:1.368],0.026
4231,SCARB2,1.016,0.834,1.238,1.016[0.834:1.238],0.877
4232,ZSCAN16.AS1,1.209,0.98,1.492,1.209[0.98:1.492],0.076
4233,ARNT,1.122,0.898,1.403,1.122[0.898:1.403],0.309
4234,DIRAS3,1.055,0.908,1.226,1.055[0.908:1.226],0.484
4235,MMP20.AS1,1,0.906,1.105,1[0.906:1.105],0.994
4236,AP4S1,1.057,0.868,1.287,1.057[0.868:1.287],0.584
4237,ZNF655,1.026,0.898,1.173,1.026[0.898:1.173],0.702
4238,STX19,0.993,0.864,1.14,0.993[0.864:1.14],0.917
4239,EPHB6,1.104,1.002,1.217,1.104[1.002:1.217],0.046
4240,TEX45,0.972,0.833,1.134,0.972[0.833:1.134],0.718
4241,PHLPP1,1.057,0.848,1.317,1.057[0.848:1.317],0.622
4242,RFX8,1.081,0.923,1.266,1.081[0.923:1.266],0.335
4243,MRGBP,1.13,0.899,1.42,1.13[0.899:1.42],0.294
4244,TRBV12.4,1.009,0.861,1.182,1.009[0.861:1.182],0.91
4245,SNORD60,1.116,0.916,1.36,1.116[0.916:1.36],0.275
4246,SFRP2,1.098,1.022,1.18,1.098[1.022:1.18],0.011
4247,GBP3,0.97,0.852,1.104,0.97[0.852:1.104],0.644
4248,GPSM3,1.053,0.864,1.283,1.053[0.864:1.283],0.611
4249,APOBEC3D,1.099,0.936,1.29,1.099[0.936:1.29],0.25
4250,NDUFA6.DT,1.066,0.882,1.288,1.066[0.882:1.288],0.507
4251,PPARA,1.064,0.874,1.294,1.064[0.874:1.294],0.537
4252,DIP2C,1.121,0.949,1.324,1.121[0.949:1.324],0.179
4253,KCNN1,1.094,0.922,1.3,1.094[0.922:1.3],0.303
4254,PTBP1P,1.046,0.892,1.227,1.046[0.892:1.227],0.58
4255,CLDN14,1.027,0.92,1.147,1.027[0.92:1.147],0.633
4256,MET,1.082,0.892,1.313,1.082[0.892:1.313],0.423
4257,HLA.DOA,1.04,0.925,1.169,1.04[0.925:1.169],0.516
4258,ANO4,1.11,0.963,1.28,1.11[0.963:1.28],0.148
4259,C1orf162,1.101,0.947,1.28,1.101[0.947:1.28],0.209
4260,HECTD2,1.09,0.941,1.262,1.09[0.941:1.262],0.252
4261,HLA.E,1.078,0.867,1.341,1.078[0.867:1.341],0.5
4262,OTUD1,1.128,0.903,1.409,1.128[0.903:1.409],0.29
4263,CTF1,1.156,1.009,1.323,1.156[1.009:1.323],0.036
4264,HSPA1L,1.332,1.053,1.684,1.332[1.053:1.684],0.017
4265,BLNK,0.947,0.819,1.094,0.947[0.819:1.094],0.458
4266,OSGIN1,1.171,0.968,1.417,1.171[0.968:1.417],0.104
4267,QKI,1.048,0.908,1.211,1.048[0.908:1.211],0.52
4268,TRBV5.6,1.092,0.938,1.273,1.092[0.938:1.273],0.257
4269,AAMDC,1.136,0.903,1.429,1.136[0.903:1.429],0.276
4270,TPX2,0.985,0.826,1.174,0.985[0.826:1.174],0.864
4271,ATP1A3,1.09,0.971,1.223,1.09[0.971:1.223],0.145
4272,EPYC,1.036,0.96,1.118,1.036[0.96:1.118],0.369
4273,ZDHHC2,0.927,0.815,1.056,0.927[0.815:1.056],0.254
4274,UBASH3A,0.947,0.819,1.094,0.947[0.819:1.094],0.458
4275,ZP1,1.045,0.856,1.274,1.045[0.856:1.274],0.668
4276,TLR5,1.049,0.902,1.221,1.049[0.902:1.221],0.534
4277,MTUS2,1.058,0.934,1.2,1.058[0.934:1.2],0.374
4278,SH3GLB1,0.973,0.79,1.198,0.973[0.79:1.198],0.796
4279,GRIK4,1.12,0.97,1.292,1.12[0.97:1.292],0.123
4280,MIR635,0.969,0.823,1.14,0.969[0.823:1.14],0.7
4281,UBE2G1,1.062,0.843,1.337,1.062[0.843:1.337],0.61
4282,LINC01843,0.939,0.785,1.124,0.939[0.785:1.124],0.495
4283,ALAS2,1.143,0.992,1.317,1.143[0.992:1.317],0.064
4284,CASS4,0.951,0.825,1.096,0.951[0.825:1.096],0.484
4285,TRPC2,1.158,0.976,1.374,1.158[0.976:1.374],0.094
4286,TRBC1,1.016,0.871,1.186,1.016[0.871:1.186],0.84
4287,SPESP1,1.092,0.969,1.232,1.092[0.969:1.232],0.149
4288,SHH,0.912,0.79,1.054,0.912[0.79:1.054],0.212
4289,PAH,0.964,0.898,1.035,0.964[0.898:1.035],0.317
4290,LINC02724,1.199,1.015,1.417,1.199[1.015:1.417],0.033
4291,WASF2,1.006,0.816,1.24,1.006[0.816:1.24],0.956
4292,ITIH3,1.109,0.961,1.279,1.109[0.961:1.279],0.158
4293,CRYBG3,1.093,0.943,1.267,1.093[0.943:1.267],0.238
4294,SMAP2,1.1,0.872,1.388,1.1[0.872:1.388],0.422
4295,KCNJ5,1.148,1.02,1.292,1.148[1.02:1.292],0.022
4296,USP53,0.925,0.788,1.087,0.925[0.788:1.087],0.345
4297,OSBPL6,1.091,0.961,1.238,1.091[0.961:1.238],0.181
4298,DENND3,1.122,0.913,1.38,1.122[0.913:1.38],0.273
4299,AKNA,1.11,0.898,1.373,1.11[0.898:1.373],0.334
4300,DBNDD2,1.101,0.906,1.338,1.101[0.906:1.338],0.332
4301,HOMER1,0.971,0.837,1.127,0.971[0.837:1.127],0.701
4302,ANKRD6,1.209,1.044,1.401,1.209[1.044:1.401],0.011
4303,ITFG1,1.032,0.839,1.27,1.032[0.839:1.27],0.764
4304,PTK6,1.091,0.906,1.313,1.091[0.906:1.313],0.36
4305,IRF1.AS1,1.024,0.843,1.244,1.024[0.843:1.244],0.812
4306,ABCC6,0.944,0.816,1.092,0.944[0.816:1.092],0.438
4307,PGAP3,1.135,0.953,1.353,1.135[0.953:1.353],0.156
4308,FAM162B,1.069,0.9,1.27,1.069[0.9:1.27],0.449
4309,LPO,1.101,1.007,1.204,1.101[1.007:1.204],0.035
4310,MAVS,1.15,0.937,1.411,1.15[0.937:1.411],0.182
4311,COX7C,0.977,0.785,1.215,0.977[0.785:1.215],0.835
4312,ALOX12.AS1,1.228,0.979,1.54,1.228[0.979:1.54],0.076
4313,MT.TP,1.021,0.882,1.181,1.021[0.882:1.181],0.784
4314,MAGIX,0.976,0.842,1.132,0.976[0.842:1.132],0.751
4315,LDB2,1.098,0.933,1.292,1.098[0.933:1.292],0.261
4316,INKA2,1.01,0.844,1.209,1.01[0.844:1.209],0.911
4317,ARHGEF11,1.1,0.89,1.36,1.1[0.89:1.36],0.378
4318,CYTIP,1.071,0.926,1.237,1.071[0.926:1.237],0.355
4319,SKAP2,1.032,0.869,1.225,1.032[0.869:1.225],0.723
4320,AGAP1,1.08,0.868,1.344,1.08[0.868:1.344],0.49
4321,SPAG7,1.192,0.948,1.497,1.192[0.948:1.497],0.133
4322,TUBA1A,1.067,0.901,1.264,1.067[0.901:1.264],0.453
4323,MCC,1.048,0.907,1.21,1.048[0.907:1.21],0.527
4324,LYSMD3,0.99,0.841,1.167,0.99[0.841:1.167],0.909
4325,LY75.CD302,1.131,0.953,1.344,1.131[0.953:1.344],0.16
4326,EPHA3,1.014,0.895,1.149,1.014[0.895:1.149],0.827
4327,SELP,1.026,0.933,1.128,1.026[0.933:1.128],0.597
4328,SATB2,0.966,0.857,1.089,0.966[0.857:1.089],0.567
4329,RORA,1.013,0.879,1.168,1.013[0.879:1.168],0.854
4330,RNF186.AS1,1.093,0.943,1.268,1.093[0.943:1.268],0.238
4331,MT1XP1,0.988,0.812,1.203,0.988[0.812:1.203],0.906
4332,SLC17A9,1.079,0.949,1.228,1.079[0.949:1.228],0.245
4333,BGN,1.156,1.015,1.318,1.156[1.015:1.318],0.029
4334,SNORD48,1.101,0.903,1.342,1.101[0.903:1.342],0.341
4335,CNDP2,1.086,0.866,1.361,1.086[0.866:1.361],0.476
4336,MICAL3,1.017,0.859,1.203,1.017[0.859:1.203],0.849
4337,SLC6A17,1.178,1.04,1.336,1.178[1.04:1.336],0.01
4338,CALM2,1.021,0.825,1.265,1.021[0.825:1.265],0.846
4339,LY6G6F.LY6G6D,0.989,0.934,1.048,0.989[0.934:1.048],0.714
4340,C17orf107,1.174,0.994,1.388,1.174[0.994:1.388],0.06
4341,NHEJ1,1.024,0.84,1.249,1.024[0.84:1.249],0.814
4342,RASAL3,1.085,0.918,1.283,1.085[0.918:1.283],0.339
4343,IL23R,0.963,0.83,1.118,0.963[0.83:1.118],0.623
4344,RRAS2,1.123,0.95,1.328,1.123[0.95:1.328],0.173
4345,RAP1B,1.021,0.808,1.289,1.021[0.808:1.289],0.862
4346,NARF.AS2,0.972,0.808,1.169,0.972[0.808:1.169],0.761
4347,CALD1,1.078,0.944,1.231,1.078[0.944:1.231],0.268
4348,LINC00639,1.035,0.907,1.181,1.035[0.907:1.181],0.607
4349,CIB2,1.021,0.864,1.207,1.021[0.864:1.207],0.805
4350,XIRP1,1.062,0.947,1.191,1.062[0.947:1.191],0.306
4351,MAB21L3,0.956,0.849,1.076,0.956[0.849:1.076],0.456
4352,CHMP2B,0.939,0.775,1.136,0.939[0.775:1.136],0.516
4353,WASHC2A,1.03,0.861,1.232,1.03[0.861:1.232],0.746
4354,MBL1P,1.205,1.023,1.42,1.205[1.023:1.42],0.026
4355,ACAA2P1,1.054,0.878,1.265,1.054[0.878:1.265],0.574
4356,ZNF350,0.979,0.85,1.128,0.979[0.85:1.128],0.773
4357,ARV1,0.94,0.759,1.165,0.94[0.759:1.165],0.572
4358,DLEC1,1.09,0.93,1.276,1.09[0.93:1.276],0.288
4359,SHISAL2A,1.11,0.954,1.292,1.11[0.954:1.292],0.176
4360,POU6F1,1.22,1.009,1.476,1.22[1.009:1.476],0.04
4361,ENDOV,1.283,1.024,1.608,1.283[1.024:1.608],0.03
4362,CPLX2,1.003,0.919,1.096,1.003[0.919:1.096],0.939
4363,OSBPL3,1.197,0.979,1.463,1.197[0.979:1.463],0.079
4364,PACC1,0.997,0.785,1.267,0.997[0.785:1.267],0.982
4365,SLC35A1,1.028,0.85,1.242,1.028[0.85:1.242],0.778
4366,INSR,1.238,0.993,1.545,1.238[0.993:1.545],0.058
4367,SLITRK6,0.995,0.926,1.068,0.995[0.926:1.068],0.881
4368,ACOT1,0.94,0.805,1.097,0.94[0.805:1.097],0.432
4369,MFAP2,1.084,0.936,1.255,1.084[0.936:1.255],0.282
4370,GPNMB,1.068,0.952,1.198,1.068[0.952:1.198],0.263
4371,SOX6,0.978,0.862,1.109,0.978[0.862:1.109],0.726
4372,TRBC2,0.964,0.828,1.123,0.964[0.828:1.123],0.639
4373,PTGER3,1.074,0.955,1.208,1.074[0.955:1.208],0.233
4374,FAM53B,1.173,0.942,1.461,1.173[0.942:1.461],0.154
4375,KIF16B,1.033,0.854,1.249,1.033[0.854:1.249],0.739
4376,RPL21P137,0.965,0.809,1.151,0.965[0.809:1.151],0.689
4377,DSG3,1.032,0.96,1.111,1.032[0.96:1.111],0.393
4378,FAM149A,1.01,0.893,1.143,1.01[0.893:1.143],0.87
4379,FBXL14,1.181,0.935,1.492,1.181[0.935:1.492],0.163
4380,PHLDB2,1.094,0.962,1.244,1.094[0.962:1.244],0.169
4381,VCAM1,1,0.871,1.149,1[0.871:1.149],0.995
4382,ZNF43,0.992,0.901,1.092,0.992[0.901:1.092],0.868
4383,PMAIP1,1.041,0.874,1.24,1.041[0.874:1.24],0.652
4384,ZEB2.AS1,1.044,0.879,1.239,1.044[0.879:1.239],0.625
4385,JAKMIP2,1.059,0.936,1.198,1.059[0.936:1.198],0.361
4386,COL4A4,0.994,0.89,1.109,0.994[0.89:1.109],0.91
4387,IFITM3P4,0.948,0.816,1.101,0.948[0.816:1.101],0.481
4388,RAB36,0.922,0.784,1.085,0.922[0.784:1.085],0.328
4389,KHDC1.AS1,1.075,0.928,1.244,1.075[0.928:1.244],0.334
4390,ABCG4,1.172,0.966,1.421,1.172[0.966:1.421],0.108
4391,DTX3,1.165,0.994,1.366,1.165[0.994:1.366],0.06
4392,ZNF660,1.025,0.895,1.174,1.025[0.895:1.174],0.717
4393,DCTN1,1.252,0.987,1.588,1.252[0.987:1.588],0.064
4394,IGHJ2,0.968,0.883,1.062,0.968[0.883:1.062],0.496
4395,CLDN14.AS1,1.094,0.937,1.277,1.094[0.937:1.277],0.256
4396,HPD,1.206,1.014,1.434,1.206[1.014:1.434],0.034
4397,SNHG1,1.13,0.929,1.375,1.13[0.929:1.375],0.221
4398,SH3PXD2A.AS1,1.022,0.907,1.152,1.022[0.907:1.152],0.715
4399,CHRM3.AS2,0.962,0.844,1.095,0.962[0.844:1.095],0.555
4400,SOX18,1.21,0.985,1.486,1.21[0.985:1.486],0.069
4401,FAR2,0.932,0.778,1.117,0.932[0.778:1.117],0.447
4402,ZBTB4,1.177,0.969,1.429,1.177[0.969:1.429],0.101
4403,RXFP1,1.051,0.906,1.22,1.051[0.906:1.22],0.508
4404,CHPF,1.247,1.009,1.541,1.247[1.009:1.541],0.041
4405,BTBD7,1.017,0.834,1.241,1.017[0.834:1.241],0.866
4406,MAX,1.1,0.868,1.393,1.1[0.868:1.393],0.431
4407,ABLIM3,1.103,0.963,1.262,1.103[0.963:1.262],0.157
4408,STRCP1,1.104,0.946,1.288,1.104[0.946:1.288],0.209
4409,TMCC2,1.228,1.024,1.473,1.228[1.024:1.473],0.027
4410,LILRB1,1.048,0.915,1.201,1.048[0.915:1.201],0.498
4411,CERS4,1.064,0.939,1.205,1.064[0.939:1.205],0.331
4412,CCDC92B,1.121,0.993,1.266,1.121[0.993:1.266],0.065
4413,TTC23,1.107,0.885,1.385,1.107[0.885:1.385],0.372
4414,SFXN5,1.136,0.934,1.382,1.136[0.934:1.382],0.201
4415,CLC,0.947,0.873,1.026,0.947[0.873:1.026],0.184
4416,SFN,0.994,0.836,1.182,0.994[0.836:1.182],0.949
4417,MYO1E,1.097,0.894,1.347,1.097[0.894:1.347],0.374
4418,PPM1E,1.071,0.921,1.246,1.071[0.921:1.246],0.372
4419,HEY1,1.183,0.982,1.425,1.183[0.982:1.425],0.077
4420,SAP30.DT,1.121,0.931,1.349,1.121[0.931:1.349],0.229
4421,ZFP91,1.008,0.837,1.213,1.008[0.837:1.213],0.937
4422,CEL,0.984,0.923,1.05,0.984[0.923:1.05],0.63
4423,UBE2SP2,0.931,0.791,1.095,0.931[0.791:1.095],0.387
4424,PPIC,1.145,0.922,1.422,1.145[0.922:1.422],0.22
4425,CD300A,1.108,0.946,1.299,1.108[0.946:1.299],0.204
4426,KIF6,1.004,0.895,1.125,1.004[0.895:1.125],0.949
4427,ARHGAP10,1.054,0.915,1.214,1.054[0.915:1.214],0.463
4428,NRXN2,1.041,0.925,1.17,1.041[0.925:1.17],0.506
4429,PPP1R3B.DT,1.117,1,1.247,1.117[1:1.247],0.049
4430,CLIP2,1.117,0.899,1.388,1.117[0.899:1.388],0.318
4431,RNF144A,1.063,0.906,1.248,1.063[0.906:1.248],0.454
4432,CACNG8,1.086,0.978,1.205,1.086[0.978:1.205],0.123
4433,BBS12,0.956,0.763,1.197,0.956[0.763:1.197],0.694
4434,LHFPL3,1.034,0.942,1.135,1.034[0.942:1.135],0.479
4435,IGKV1D.13,0.984,0.905,1.069,0.984[0.905:1.069],0.7
4436,CREBL2,1.143,0.922,1.418,1.143[0.922:1.418],0.223
4437,CEP70,1.021,0.869,1.2,1.021[0.869:1.2],0.799
4438,LINC03014,1.041,0.902,1.201,1.041[0.902:1.201],0.587
4439,DTX1,1.178,1.005,1.382,1.178[1.005:1.382],0.044
4440,MAPRE3,1.065,0.892,1.272,1.065[0.892:1.272],0.485
4441,IGHV1.3,0.983,0.901,1.073,0.983[0.901:1.073],0.7
4442,PITPNM2,1.195,0.944,1.512,1.195[0.944:1.512],0.14
4443,KATNAL2,1.048,0.903,1.215,1.048[0.903:1.215],0.538
4444,IFIT2,1.033,0.892,1.197,1.033[0.892:1.197],0.662
4445,PPP3CB,1.036,0.825,1.301,1.036[0.825:1.301],0.759
4446,PLPBP,0.984,0.809,1.198,0.984[0.809:1.198],0.875
4447,DENND2B,1.1,0.909,1.332,1.1[0.909:1.332],0.325
4448,ASTN2,1.193,0.952,1.494,1.193[0.952:1.494],0.125
4449,PRICKLE1,1.085,0.957,1.231,1.085[0.957:1.231],0.202
4450,RPLP0P2,1.255,1.062,1.484,1.255[1.062:1.484],0.008
4451,HS3ST5,1.035,0.918,1.168,1.035[0.918:1.168],0.573
4452,KIAA0232,1.008,0.843,1.207,1.008[0.843:1.207],0.927
4453,ERMAP,0.948,0.765,1.175,0.948[0.765:1.175],0.625
4454,GALNT7,0.948,0.812,1.106,0.948[0.812:1.106],0.494
4455,TRIM14,1.141,0.898,1.45,1.141[0.898:1.45],0.28
4456,CYP2J2,0.979,0.815,1.176,0.979[0.815:1.176],0.822
4457,RAB34,1.088,0.911,1.299,1.088[0.911:1.299],0.353
4458,PNMA8A,1.058,0.937,1.194,1.058[0.937:1.194],0.364
4459,FGD5.AS1,0.981,0.796,1.21,0.981[0.796:1.21],0.86
4460,MEGF9,1.075,0.888,1.301,1.075[0.888:1.301],0.457
4461,SRSF5,1.09,0.881,1.347,1.09[0.881:1.347],0.428
4462,BLTP1,1.048,0.89,1.233,1.048[0.89:1.233],0.577
4463,LPIN2,1.09,0.895,1.328,1.09[0.895:1.328],0.391
4464,CYP4A22.AS1,1.16,0.982,1.371,1.16[0.982:1.371],0.08
4465,UBR2,1.054,0.849,1.307,1.054[0.849:1.307],0.635
4466,PRSS23.AS1,1.162,0.986,1.37,1.162[0.986:1.37],0.074
4467,GNAQP1,1.021,0.876,1.19,1.021[0.876:1.19],0.789
4468,LINC00526,1,0.878,1.139,1[0.878:1.139],0.996
4469,ZNF880,1.042,0.921,1.18,1.042[0.921:1.18],0.513
4470,SH2D5,1.107,0.982,1.249,1.107[0.982:1.249],0.096
4471,GAS2L1,1.153,0.926,1.434,1.153[0.926:1.434],0.202
4472,GATA2,1.166,1.006,1.352,1.166[1.006:1.352],0.042
4473,NAP1L5,1.053,0.875,1.268,1.053[0.875:1.268],0.584
4474,SOWAHD,1.123,0.926,1.364,1.123[0.926:1.364],0.239
4475,SNX30,1.123,0.926,1.361,1.123[0.926:1.361],0.238
4476,THAP7.AS1,1.006,0.852,1.187,1.006[0.852:1.187],0.944
4477,ERCC6L2.AS1,1.118,0.903,1.384,1.118[0.903:1.384],0.305
4478,IGFL2.AS1,1.079,0.996,1.169,1.079[0.996:1.169],0.063
4479,PTPN20,1.006,0.93,1.087,1.006[0.93:1.087],0.89
4480,NELL1,0.956,0.856,1.068,0.956[0.856:1.068],0.426
4481,HNRNPA1P21,0.934,0.81,1.076,0.934[0.81:1.076],0.342
4482,PLGRKT,0.972,0.81,1.167,0.972[0.81:1.167],0.762
4483,MAML3,1.058,0.873,1.283,1.058[0.873:1.283],0.565
4484,CDCA3,1.08,0.866,1.346,1.08[0.866:1.346],0.497
4485,BLTP3B,1.016,0.85,1.213,1.016[0.85:1.213],0.865
4486,SHLD2P3,1.048,0.885,1.242,1.048[0.885:1.242],0.586
4487,PZP,1.076,0.91,1.272,1.076[0.91:1.272],0.389
4488,PGGT1B,1.005,0.845,1.195,1.005[0.845:1.195],0.952
4489,TMBIM4,0.993,0.84,1.173,0.993[0.84:1.173],0.934
4490,SLC12A9.AS1,1.117,0.939,1.329,1.117[0.939:1.329],0.212
4491,RABGEF1,1.151,0.93,1.424,1.151[0.93:1.424],0.196
4492,SNX29,1.079,0.89,1.309,1.079[0.89:1.309],0.438
4493,TSPAN8,1,0.846,1.181,1[0.846:1.181],0.996
4494,AKR1B15,0.945,0.843,1.058,0.945[0.843:1.058],0.326
4495,AK3,1.021,0.84,1.242,1.021[0.84:1.242],0.832
4496,MCM10,1.101,0.908,1.335,1.101[0.908:1.335],0.329
4497,SLC4A9,1.128,0.966,1.316,1.128[0.966:1.316],0.127
4498,CXCL13,0.938,0.86,1.024,0.938[0.86:1.024],0.153
4499,HEPH,0.978,0.822,1.162,0.978[0.822:1.162],0.797
4500,TPM1.AS,1.061,0.918,1.226,1.061[0.918:1.226],0.423
4501,LINC02777,1.085,0.921,1.279,1.085[0.921:1.279],0.329
4502,PECAM1,1.07,0.905,1.264,1.07[0.905:1.264],0.427
4503,PIP5K1C,1.21,0.961,1.523,1.21[0.961:1.523],0.104
4504,GOLPH3L,0.996,0.815,1.218,0.996[0.815:1.218],0.97
4505,PCDHGA9,1.061,0.924,1.218,1.061[0.924:1.218],0.401
4506,TMEM106A,1.167,0.986,1.383,1.167[0.986:1.383],0.073
4507,SH2D3C,1.136,0.947,1.362,1.136[0.947:1.362],0.17
4508,CCDC184,1.124,0.958,1.318,1.124[0.958:1.318],0.151
4509,GPR65,0.96,0.835,1.103,0.96[0.835:1.103],0.562
4510,MAGEE1,1.073,0.96,1.201,1.073[0.96:1.201],0.215
4511,KLF12,1.105,0.967,1.263,1.105[0.967:1.263],0.141
4512,FBXO41,1.136,0.955,1.351,1.136[0.955:1.351],0.15
4513,CHST6,1.027,0.902,1.17,1.027[0.902:1.17],0.686
4514,SNAP23,1.056,0.86,1.297,1.056[0.86:1.297],0.603
4515,RNFT1.DT,1,0.853,1.171,1[0.853:1.171],0.998
4516,LINC00882,1.198,1.019,1.407,1.198[1.019:1.407],0.028
4517,LPAR3,0.955,0.862,1.059,0.955[0.862:1.059],0.382
4518,DSG4,0.94,0.824,1.073,0.94[0.824:1.073],0.359
4519,FICD,1.168,0.926,1.472,1.168[0.926:1.472],0.189
4520,SLC38A4.AS1,1.033,0.827,1.291,1.033[0.827:1.291],0.772
4521,LRRC36,1.033,0.917,1.163,1.033[0.917:1.163],0.597
4522,RIPK2,1.019,0.818,1.269,1.019[0.818:1.269],0.869
4523,TRBV7.9,1.01,0.889,1.147,1.01[0.889:1.147],0.878
4524,PLEKHG4B,1.283,1.125,1.462,1.283[1.125:1.462],2.017871e-04
4525,ETS1,1.076,0.92,1.259,1.076[0.92:1.259],0.36
4526,STS,0.968,0.819,1.144,0.968[0.819:1.144],0.705
4527,CXCL11,0.933,0.847,1.028,0.933[0.847:1.028],0.159
4528,ST3GAL6,1.049,0.896,1.229,1.049[0.896:1.229],0.549
4529,WNT16,1.169,1.03,1.327,1.169[1.03:1.327],0.016
4530,KTN1,1.055,0.892,1.247,1.055[0.892:1.247],0.532
4531,CES1,1.012,0.934,1.097,1.012[0.934:1.097],0.765
4532,TRAK1,1.056,0.854,1.305,1.056[0.854:1.305],0.615
4533,MIR3936,1.143,0.952,1.373,1.143[0.952:1.373],0.151
4534,LRRK1,1.113,0.904,1.369,1.113[0.904:1.369],0.312
4535,ZNF25,1.044,0.859,1.268,1.044[0.859:1.268],0.668
4536,SLC25A12,1.041,0.838,1.295,1.041[0.838:1.295],0.715
4537,RAD17P1,1.039,0.913,1.183,1.039[0.913:1.183],0.562
4538,GBP2,0.998,0.854,1.166,0.998[0.854:1.166],0.979
4539,SLC22A18,1.059,0.862,1.302,1.059[0.862:1.302],0.584
4540,SGSM3,1.098,0.877,1.374,1.098[0.877:1.374],0.417
4541,BIRC3,0.996,0.868,1.144,0.996[0.868:1.144],0.958
4542,DUSP9,1.145,1.03,1.273,1.145[1.03:1.273],0.012
4543,FAM184B,1.043,0.919,1.183,1.043[0.919:1.183],0.516
4544,SELPLG,1.076,0.92,1.26,1.076[0.92:1.26],0.36
4545,UGCG,1.121,0.914,1.376,1.121[0.914:1.376],0.273
4546,SNX2,1.05,0.847,1.302,1.05[0.847:1.302],0.653
4547,CAP1P1,0.942,0.77,1.152,0.942[0.77:1.152],0.559
4548,HYI,1.23,0.983,1.54,1.23[0.983:1.54],0.07
4549,ZYG11B,0.967,0.808,1.157,0.967[0.808:1.157],0.715
4550,PYGO1,1.085,0.96,1.225,1.085[0.96:1.225],0.192
4551,LINC00698,1.052,0.899,1.23,1.052[0.899:1.23],0.527
4552,TRAV13.2,0.962,0.809,1.145,0.962[0.809:1.145],0.665
4553,POPDC3,1.08,0.959,1.217,1.08[0.959:1.217],0.205
4554,FAM83G,1.151,0.931,1.423,1.151[0.931:1.423],0.194
4555,RPL10P7,0.89,0.72,1.102,0.89[0.72:1.102],0.286
4556,ANKS4B,0.895,0.754,1.063,0.895[0.754:1.063],0.207
4557,ZNF879,1.044,0.914,1.194,1.044[0.914:1.194],0.525
4558,IL15,0.974,0.819,1.159,0.974[0.819:1.159],0.769
4559,TEKT3,1.055,0.886,1.257,1.055[0.886:1.257],0.546
4560,PI4KA,1.019,0.823,1.262,1.019[0.823:1.262],0.862
4561,GALNT16.AS1,1.053,0.869,1.276,1.053[0.869:1.276],0.598
4562,LAMTOR3,1.046,0.852,1.283,1.046[0.852:1.283],0.67
4563,PFKFB2,1.025,0.862,1.218,1.025[0.862:1.218],0.784
4564,IFFO1,1.197,0.987,1.451,1.197[0.987:1.451],0.067
4565,HLA.C,1.019,0.837,1.241,1.019[0.837:1.241],0.853
4566,B4GALT4,1.043,0.831,1.311,1.043[0.831:1.311],0.715
4567,CERT1,1.065,0.869,1.304,1.065[0.869:1.304],0.545
4568,FAM171B,1.07,0.927,1.235,1.07[0.927:1.235],0.358
4569,HLA.DQA1,1.022,0.906,1.153,1.022[0.906:1.153],0.721
4570,DLC1,1.061,0.903,1.246,1.061[0.903:1.246],0.474
4571,NUDT12,0.964,0.863,1.078,0.964[0.863:1.078],0.523
4572,ZNF564,1.047,0.89,1.232,1.047[0.89:1.232],0.578
4573,SCNN1A,1.051,0.9,1.228,1.051[0.9:1.228],0.532
4574,CDKN2C,0.995,0.817,1.212,0.995[0.817:1.212],0.962
4575,LINC02345,0.966,0.861,1.084,0.966[0.861:1.084],0.558
4576,MAPRE2,0.987,0.807,1.208,0.987[0.807:1.208],0.901
4577,TAGAP.AS1,1.099,0.931,1.296,1.099[0.931:1.296],0.264
4578,TMCO1,1.085,0.878,1.34,1.085[0.878:1.34],0.451
4579,ST14,1.025,0.821,1.281,1.025[0.821:1.281],0.825
4580,TRGV5,1.036,0.901,1.191,1.036[0.901:1.191],0.623
4581,ACKR3,1.004,0.838,1.202,1.004[0.838:1.202],0.969
4582,ACOT13,1.047,0.863,1.272,1.047[0.863:1.272],0.641
4583,MTND5P1,1.24,1.069,1.438,1.24[1.069:1.438],0.004
4584,ZNF175,1.092,0.936,1.274,1.092[0.936:1.274],0.264
4585,IGLV3.21,1.017,0.946,1.095,1.017[0.946:1.095],0.643
4586,GPR39,1.056,0.881,1.264,1.056[0.881:1.264],0.557
4587,PDE4DIP,1.082,0.891,1.314,1.082[0.891:1.314],0.428
4588,ST3GAL6.AS1,1.087,0.907,1.302,1.087[0.907:1.302],0.366
4589,PLEKHA3P1,1.109,0.929,1.322,1.109[0.929:1.322],0.252
4590,POLR1G,1.06,0.88,1.276,1.06[0.88:1.276],0.539
4591,LINC02328,1.05,0.897,1.23,1.05[0.897:1.23],0.542
4592,ATP5PO,1.022,0.823,1.268,1.022[0.823:1.268],0.846
4593,GLUD2,0.977,0.819,1.165,0.977[0.819:1.165],0.793
4594,RAPGEF1,1.186,0.948,1.484,1.186[0.948:1.484],0.136
4595,MAP10,1.015,0.915,1.126,1.015[0.915:1.126],0.782
4596,PPP1R12A.AS1,1.019,0.863,1.203,1.019[0.863:1.203],0.826
4597,DYNC1LI2,1.099,0.903,1.338,1.099[0.903:1.338],0.344
4598,PPM1B,1.063,0.851,1.329,1.063[0.851:1.329],0.589
4599,LINC00654,1.06,0.95,1.182,1.06[0.95:1.182],0.3
4600,NUDT9,0.997,0.81,1.227,0.997[0.81:1.227],0.979
4601,LINC01023,1.14,0.931,1.395,1.14[0.931:1.395],0.205
4602,TXK,1.091,0.935,1.274,1.091[0.935:1.274],0.269
4603,TMEM135,1.012,0.833,1.23,1.012[0.833:1.23],0.904
4604,SNX9,1.083,0.863,1.359,1.083[0.863:1.359],0.492
4605,GPD2,1.09,0.885,1.341,1.09[0.885:1.341],0.418
4606,RFLNA,1.121,0.967,1.3,1.121[0.967:1.3],0.131
4607,MAN2B2,1.095,0.874,1.372,1.095[0.874:1.372],0.43
4608,DLSTP1,0.932,0.765,1.137,0.932[0.765:1.137],0.488
4609,RNU6ATAC35P,1.083,0.904,1.297,1.083[0.904:1.297],0.388
4610,ITPRID2,1.035,0.85,1.261,1.035[0.85:1.261],0.733
4611,POGLUT2P1,1.042,0.894,1.214,1.042[0.894:1.214],0.602
4612,RNF186,1.006,0.891,1.136,1.006[0.891:1.136],0.919
4613,PTPRJ,1.114,0.907,1.367,1.114[0.907:1.367],0.303
4614,ERAP1,0.944,0.79,1.128,0.944[0.79:1.128],0.527
4615,ZNF287,1.03,0.895,1.187,1.03[0.895:1.187],0.678
4616,DAPK1,1.214,1.073,1.374,1.214[1.073:1.374],0.002
4617,CBARP,1.113,0.96,1.291,1.113[0.96:1.291],0.157
4618,ZNF334,1.021,0.937,1.113,1.021[0.937:1.113],0.631
4619,LINC01748,1.088,0.993,1.193,1.088[0.993:1.193],0.07
4620,NEK7,1.078,0.894,1.3,1.078[0.894:1.3],0.432
4621,RGS5,1.043,0.905,1.203,1.043[0.905:1.203],0.56
4622,ACSM3,0.984,0.862,1.124,0.984[0.862:1.124],0.812
4623,PCYT1A,1.137,0.898,1.44,1.137[0.898:1.44],0.285
4624,ZNF596,0.906,0.764,1.074,0.906[0.764:1.074],0.255
4625,TRAV14DV4,1.039,0.889,1.215,1.039[0.889:1.215],0.63
4626,LAIR1,1.07,0.926,1.238,1.07[0.926:1.238],0.359
4627,PLEKHG4,1.093,0.919,1.301,1.093[0.919:1.301],0.315
4628,FBLL1,0.956,0.838,1.09,0.956[0.838:1.09],0.497
4629,LINC01852,1.101,0.895,1.353,1.101[0.895:1.353],0.363
4630,NTF3,1.006,0.869,1.166,1.006[0.869:1.166],0.933
4631,ARF6,1.09,0.883,1.344,1.09[0.883:1.344],0.422
4632,DUSP4,1.019,0.914,1.137,1.019[0.914:1.137],0.729
4633,CDH17,0.972,0.835,1.132,0.972[0.835:1.132],0.714
4634,ZSWIM8,1.196,0.974,1.468,1.196[0.974:1.468],0.088
4635,ASPRV1,1.193,0.991,1.435,1.193[0.991:1.435],0.062
4636,CT62,0.99,0.84,1.166,0.99[0.84:1.166],0.902
4637,MYO9A,1.08,0.906,1.289,1.08[0.906:1.289],0.391
4638,SERPINA6,0.978,0.903,1.06,0.978[0.903:1.06],0.587
4639,PEAR1,1.107,0.933,1.313,1.107[0.933:1.313],0.243
4640,S1PR4,1.006,0.867,1.169,1.006[0.867:1.169],0.933
4641,PPARG,1.004,0.84,1.2,1.004[0.84:1.2],0.964
4642,STMND1,0.972,0.882,1.071,0.972[0.882:1.071],0.564
4643,AIFM3,0.958,0.859,1.068,0.958[0.859:1.068],0.438
4644,LDHAL6B,0.991,0.828,1.187,0.991[0.828:1.187],0.923
4645,LASP1,1.16,0.926,1.452,1.16[0.926:1.452],0.196
4646,LINC02611,1.048,0.894,1.229,1.048[0.894:1.229],0.559
4647,SOBP,1.06,0.92,1.222,1.06[0.92:1.222],0.419
4648,SRGN,0.994,0.864,1.142,0.994[0.864:1.142],0.927
4649,CLEC2D,1.047,0.893,1.228,1.047[0.893:1.228],0.571
4650,PCGF5,1.024,0.828,1.265,1.024[0.828:1.265],0.829
4651,PLEKHM1,1.167,0.922,1.476,1.167[0.922:1.476],0.199
4652,MFSD1,1.12,0.912,1.376,1.12[0.912:1.376],0.278
4653,HSPA12B,1.094,0.915,1.309,1.094[0.915:1.309],0.324
4654,CD300LF,1,0.869,1.152,1[0.869:1.152],0.998
4655,IGHV1.24,1.015,0.946,1.089,1.015[0.946:1.089],0.671
4656,GULP1,1.122,0.989,1.274,1.122[0.989:1.274],0.074
4657,OR2A7,0.99,0.873,1.122,0.99[0.873:1.122],0.87
4658,MARF1,1.124,0.912,1.385,1.124[0.912:1.385],0.272
4659,NMRK1,1.112,0.887,1.393,1.112[0.887:1.393],0.358
4660,ZCCHC10,0.982,0.809,1.191,0.982[0.809:1.191],0.852
4661,PLAU,0.973,0.821,1.153,0.973[0.821:1.153],0.751
4662,COL2A1,1.027,0.934,1.129,1.027[0.934:1.129],0.578
4663,ZFYVE9,1.015,0.826,1.247,1.015[0.826:1.247],0.886
4664,CD34,1.091,0.919,1.296,1.091[0.919:1.296],0.32
4665,GTF3A,1.077,0.882,1.314,1.077[0.882:1.314],0.468
4666,SYNRG,1.088,0.885,1.336,1.088[0.885:1.336],0.423
4667,RNLS,1.049,0.926,1.189,1.049[0.926:1.189],0.453
4668,GPRASP2,1.128,0.938,1.357,1.128[0.938:1.357],0.2
4669,TMEM44.AS2,1.035,0.822,1.303,1.035[0.822:1.303],0.768
4670,TSACC,1.08,0.895,1.304,1.08[0.895:1.304],0.424
4671,KANSL1.AS1,1.073,0.9,1.279,1.073[0.9:1.279],0.431
4672,MBNL3,1.103,0.926,1.314,1.103[0.926:1.314],0.273
4673,RIPOR3,0.907,0.773,1.065,0.907[0.773:1.065],0.233
4674,S100A14,1.073,0.921,1.249,1.073[0.921:1.249],0.366
4675,TRAV12.1,0.967,0.831,1.126,0.967[0.831:1.126],0.668
4676,HECA,1.093,0.893,1.337,1.093[0.893:1.337],0.388
4677,MARCHF4,1.139,0.97,1.338,1.139[0.97:1.338],0.112
4678,ST3GAL4,0.961,0.844,1.094,0.961[0.844:1.094],0.548
4679,TCF7,1.012,0.854,1.2,1.012[0.854:1.2],0.886
4680,C20orf144,1.127,0.946,1.342,1.127[0.946:1.342],0.181
4681,STON2,1.072,0.905,1.269,1.072[0.905:1.269],0.424
4682,LYST,1.028,0.866,1.22,1.028[0.866:1.22],0.753
4683,GZMK,1.047,0.946,1.159,1.047[0.946:1.159],0.372
4684,CIBAR1.DT,1.029,0.889,1.192,1.029[0.889:1.192],0.699
4685,LINC02035,1.062,0.874,1.291,1.062[0.874:1.291],0.546
4686,RAB18,1.05,0.843,1.309,1.05[0.843:1.309],0.661
4687,TMEM144,0.993,0.814,1.211,0.993[0.814:1.211],0.945
4688,PTPN22,1.056,0.911,1.224,1.056[0.911:1.224],0.467
4689,SPI1,1.052,0.902,1.225,1.052[0.902:1.225],0.52
4690,MROH6,1.135,0.974,1.322,1.135[0.974:1.322],0.104
4691,DUSP5P1,1.133,0.999,1.285,1.133[0.999:1.285],0.052
4692,ANKMY2,1.183,0.944,1.481,1.183[0.944:1.481],0.145
4693,OGDHL,1.066,0.977,1.162,1.066[0.977:1.162],0.15
4694,MT.ND1,1.082,0.914,1.282,1.082[0.914:1.282],0.359
4695,NRIP2,1.216,1.001,1.478,1.216[1.001:1.478],0.049
4696,DSTN,1.062,0.857,1.315,1.062[0.857:1.315],0.582
4697,SLC16A1,1.096,0.927,1.295,1.096[0.927:1.295],0.283
4698,LINC00641,1.045,0.897,1.218,1.045[0.897:1.218],0.572
4699,TBC1D8.AS1,1.127,0.936,1.356,1.127[0.936:1.356],0.206
4700,OSTM1,1.088,0.893,1.325,1.088[0.893:1.325],0.404
4701,TYROBP,1.069,0.917,1.245,1.069[0.917:1.245],0.394
4702,WWTR1,1.113,0.968,1.281,1.113[0.968:1.281],0.134
4703,ZNF436,1.071,0.871,1.318,1.071[0.871:1.318],0.514
4704,BCL2L10,1.077,0.962,1.207,1.077[0.962:1.207],0.197
4705,CXCL2,0.89,0.781,1.015,0.89[0.781:1.015],0.082
4706,ARNT2,1.038,0.923,1.167,1.038[0.923:1.167],0.534
4707,ALDH2,0.921,0.75,1.131,0.921[0.75:1.131],0.431
4708,ZSCAN30,1.097,0.909,1.323,1.097[0.909:1.323],0.335
4709,MFSD9,1.104,0.884,1.379,1.104[0.884:1.379],0.383
4710,PCDHGA7,0.968,0.866,1.083,0.968[0.866:1.083],0.573
4711,PRPF19.DT,1.02,0.852,1.222,1.02[0.852:1.222],0.83
4712,BLVRBP1,1.039,0.852,1.267,1.039[0.852:1.267],0.705
4713,RBP7,1.221,1.059,1.408,1.221[1.059:1.408],0.006
4714,ZNF429,1.101,0.936,1.294,1.101[0.936:1.294],0.245
4715,LRRC4,1.063,0.93,1.215,1.063[0.93:1.215],0.369
4716,SLC12A6,1.16,0.954,1.411,1.16[0.954:1.411],0.138
4717,MYH16,1.201,1.026,1.406,1.201[1.026:1.406],0.022
4718,SIRPG,0.983,0.86,1.124,0.983[0.86:1.124],0.802
4719,TET2,1.035,0.874,1.227,1.035[0.874:1.227],0.69
4720,FYB2,0.962,0.857,1.081,0.962[0.857:1.081],0.516
4721,PITX1,1.069,0.86,1.329,1.069[0.86:1.329],0.546
4722,PCYT1B,1.06,0.938,1.198,1.06[0.938:1.198],0.35
4723,ATP1A1,1.014,0.831,1.236,1.014[0.831:1.236],0.895
4724,GALNT6,1.02,0.867,1.201,1.02[0.867:1.201],0.809
4725,LINC00840,1.13,0.962,1.329,1.13[0.962:1.329],0.138
4726,FAT4,0.981,0.863,1.114,0.981[0.863:1.114],0.764
4727,SLC26A4,1.04,0.908,1.192,1.04[0.908:1.192],0.569
4728,ZFAND4,1.104,0.913,1.334,1.104[0.913:1.334],0.306
4729,TRAV16,0.902,0.751,1.084,0.902[0.751:1.084],0.271
4730,TXNDC5,1.045,0.86,1.271,1.045[0.86:1.271],0.657
4731,PURA,1.057,0.869,1.287,1.057[0.869:1.287],0.578
4732,SLAMF6,1.036,0.915,1.174,1.036[0.915:1.174],0.575
4733,ABHD15,1.1,0.891,1.358,1.1[0.891:1.358],0.374
4734,ABR,1.095,0.883,1.36,1.095[0.883:1.36],0.408
4735,TMEM270,1.152,0.979,1.355,1.152[0.979:1.355],0.089
4736,PTPN11P3,1.125,0.943,1.343,1.125[0.943:1.343],0.19
4737,ECM2,1.11,0.979,1.259,1.11[0.979:1.259],0.105
4738,RFLNB,1.039,0.859,1.255,1.039[0.859:1.255],0.695
4739,WHAMMP3,1.05,0.916,1.203,1.05[0.916:1.203],0.485
4740,CYBB,0.982,0.865,1.115,0.982[0.865:1.115],0.782
4741,ZBTB47,1.081,0.9,1.298,1.081[0.9:1.298],0.407
4742,ERG,1.12,0.96,1.308,1.12[0.96:1.308],0.149
4743,GAS5.AS1,1.052,0.884,1.252,1.052[0.884:1.252],0.571
4744,TMPRSS3,1.144,1.014,1.291,1.144[1.014:1.291],0.029
4745,CCDC9B,1.189,1.01,1.4,1.189[1.01:1.4],0.037
4746,TMEM254,1.086,0.897,1.314,1.086[0.897:1.314],0.399
4747,RCBTB2,1.028,0.846,1.25,1.028[0.846:1.25],0.781
4748,SCAPER,1.109,0.917,1.341,1.109[0.917:1.341],0.286
4749,DNAH17.AS1,1.17,1.034,1.325,1.17[1.034:1.325],0.013
4750,VWA3A,1.211,1.031,1.423,1.211[1.031:1.423],0.02
4751,PSD3,0.956,0.821,1.115,0.956[0.821:1.115],0.568
4752,TPTEP1,1.154,1.032,1.29,1.154[1.032:1.29],0.012
4753,NHLRC4,1.38,1.14,1.671,1.38[1.14:1.671],9.730812e-04
4754,PCAT1,1.112,0.947,1.306,1.112[0.947:1.306],0.196
4755,LINC01778,0.982,0.841,1.148,0.982[0.841:1.148],0.823
4756,LRRC8C,1.018,0.871,1.19,1.018[0.871:1.19],0.824
4757,EHBP1L1,1.123,0.895,1.411,1.123[0.895:1.411],0.317
4758,ADAM11,1.229,1.054,1.432,1.229[1.054:1.432],0.008
4759,PREX1,1.067,0.892,1.277,1.067[0.892:1.277],0.479
4760,DUSP19,1.081,0.908,1.287,1.081[0.908:1.287],0.382
4761,RTBDN,0.989,0.88,1.111,0.989[0.88:1.111],0.853
4762,TEX56P,0.88,0.743,1.041,0.88[0.743:1.041],0.136
4763,CORO1A,1.01,0.844,1.209,1.01[0.844:1.209],0.913
4764,NLRP3,1.042,0.895,1.213,1.042[0.895:1.213],0.593
4765,RORC,0.872,0.77,0.988,0.872[0.77:0.988],0.032
4766,MIR186,1.035,0.904,1.186,1.035[0.904:1.186],0.617
4767,ZNF75A,1.046,0.892,1.227,1.046[0.892:1.227],0.58
4768,VAMP1.AS1,1.125,0.932,1.358,1.125[0.932:1.358],0.222
4769,SELL,1.018,0.905,1.146,1.018[0.905:1.146],0.768
4770,NDUFV2.AS1,1.166,0.937,1.451,1.166[0.937:1.451],0.168
4771,TEKT2,1.218,1.017,1.46,1.218[1.017:1.46],0.032
4772,TMPRSS13,1.02,0.919,1.132,1.02[0.919:1.132],0.705
4773,CCND1,1.098,0.896,1.345,1.098[0.896:1.345],0.366
4774,LINC00941,1.103,1.012,1.203,1.103[1.012:1.203],0.026
4775,DHRS4L2,1.026,0.848,1.241,1.026[0.848:1.241],0.794
4776,TPMTP1,1.057,0.887,1.259,1.057[0.887:1.259],0.536
4777,NPR2,1.226,0.999,1.504,1.226[0.999:1.504],0.051
4778,TRPM2.AS,1.055,0.961,1.157,1.055[0.961:1.157],0.262
4779,LINC02938,0.996,0.9,1.102,0.996[0.9:1.102],0.942
4780,ZNF407,1.094,0.886,1.351,1.094[0.886:1.351],0.403
4781,MGST1,1.085,0.903,1.304,1.085[0.903:1.304],0.384
4782,GINS1,1.025,0.847,1.24,1.025[0.847:1.24],0.801
4783,ZNF569,1.039,0.914,1.18,1.039[0.914:1.18],0.56
4784,RHEBL1,1.143,0.925,1.411,1.143[0.925:1.411],0.217
4785,CCNE1,0.986,0.79,1.23,0.986[0.79:1.23],0.898
4786,ACTN2,1.176,1.005,1.377,1.176[1.005:1.377],0.044
4787,MIR600HG,1.196,1.017,1.405,1.196[1.017:1.405],0.03
4788,RN7SL138P,1.042,0.87,1.249,1.042[0.87:1.249],0.655
4789,XXYLT1.AS2,1.019,0.881,1.178,1.019[0.881:1.178],0.802
4790,HSP90AB3P,0.994,0.82,1.206,0.994[0.82:1.206],0.952
4791,TLE1P1,1.13,0.953,1.34,1.13[0.953:1.34],0.159
4792,SLAIN2,1.006,0.82,1.234,1.006[0.82:1.234],0.953
4793,DENND10,1,0.812,1.231,1[0.812:1.231],1
4794,NLRP2,1.028,0.956,1.105,1.028[0.956:1.105],0.453
4795,CD99L2,1.2,0.972,1.482,1.2[0.972:1.482],0.09
4796,KIF20A,0.976,0.803,1.187,0.976[0.803:1.187],0.808
4797,SNAI1,1.311,1.082,1.589,1.311[1.082:1.589],0.006
4798,MAFB,1.108,0.962,1.277,1.108[0.962:1.277],0.156
4799,ASPHD1,1.24,1.064,1.446,1.24[1.064:1.446],0.006
4800,H4C8,1.183,1.044,1.341,1.183[1.044:1.341],0.009
4801,XPOTP1,0.954,0.782,1.163,0.954[0.782:1.163],0.641
4802,GIPC3,1.182,0.993,1.407,1.182[0.993:1.407],0.06
4803,HMGN1P7,0.982,0.85,1.134,0.982[0.85:1.134],0.801
4804,B3GALT2,0.955,0.859,1.061,0.955[0.859:1.061],0.39
4805,HBP1,1.066,0.85,1.338,1.066[0.85:1.338],0.578
4806,NAT8,1.052,0.956,1.158,1.052[0.956:1.158],0.302
4807,ZNF106,1.09,0.903,1.316,1.09[0.903:1.316],0.37
4808,ESRRA,1.084,0.871,1.349,1.084[0.871:1.349],0.471
4809,MGARP,1.098,0.929,1.297,1.098[0.929:1.297],0.275
4810,CYP2U1,1.089,0.916,1.294,1.089[0.916:1.294],0.337
4811,TUSC1,1.088,0.881,1.345,1.088[0.881:1.345],0.433
4812,CALHM2,1.158,0.967,1.387,1.158[0.967:1.387],0.11
4813,DNAJC13,1.079,0.884,1.318,1.079[0.884:1.318],0.453
4814,GAB2,1.068,0.879,1.297,1.068[0.879:1.297],0.509
4815,ZNF232.AS1,1.063,0.897,1.26,1.063[0.897:1.26],0.48
4816,DCSTAMP,0.988,0.886,1.101,0.988[0.886:1.101],0.823
4817,ZNF256,0.968,0.873,1.072,0.968[0.873:1.072],0.533
4818,USF3,1.062,0.882,1.279,1.062[0.882:1.279],0.527
4819,EZR,1.182,0.94,1.486,1.182[0.94:1.486],0.152
4820,C19orf38,1.111,0.965,1.279,1.111[0.965:1.279],0.143
4821,OLR1,1.059,0.958,1.17,1.059[0.958:1.17],0.263
4822,IL18R1,0.966,0.845,1.104,0.966[0.845:1.104],0.608
4823,LINC00501,1.104,0.967,1.261,1.104[0.967:1.261],0.144
4824,PIK3C3,1.017,0.831,1.243,1.017[0.831:1.243],0.872
4825,TICAM2,1.111,0.941,1.312,1.111[0.941:1.312],0.213
4826,TCP10L3,0.965,0.853,1.093,0.965[0.853:1.093],0.578
4827,ZNF382,1.024,0.888,1.182,1.024[0.888:1.182],0.741
4828,ZNF512B,1.133,0.966,1.329,1.133[0.966:1.329],0.124
4829,TICAM1,1.174,0.932,1.479,1.174[0.932:1.479],0.174
4830,C3AR1,1.043,0.914,1.189,1.043[0.914:1.189],0.535
4831,FASLG,1.003,0.884,1.137,1.003[0.884:1.137],0.965
4832,IL9R,1.035,0.899,1.192,1.035[0.899:1.192],0.634
4833,RASSF4,1.14,0.944,1.376,1.14[0.944:1.376],0.174
4834,DCAF6,1.023,0.832,1.257,1.023[0.832:1.257],0.831
4835,GIPC2,0.91,0.789,1.05,0.91[0.789:1.05],0.195
4836,PCDHGA4,1.125,0.987,1.281,1.125[0.987:1.281],0.078
4837,CNPY4,1.151,0.937,1.414,1.151[0.937:1.414],0.181
4838,IGHJ3,0.979,0.901,1.063,0.979[0.901:1.063],0.609
4839,MPC2,0.91,0.751,1.102,0.91[0.751:1.102],0.334
4840,LINC01684,1.101,0.928,1.305,1.101[0.928:1.305],0.271
4841,CPO,1.086,0.926,1.274,1.086[0.926:1.274],0.312
4842,CCN3,1.087,0.96,1.232,1.087[0.96:1.232],0.188
4843,UEVLD,1.025,0.838,1.254,1.025[0.838:1.254],0.807
4844,CHMP3,1.11,0.897,1.374,1.11[0.897:1.374],0.337
4845,RAB7B,1.069,0.914,1.252,1.069[0.914:1.252],0.403
4846,TRBV4.1,1.001,0.847,1.183,1.001[0.847:1.183],0.988
4847,FMNL1,1.101,0.926,1.31,1.101[0.926:1.31],0.275
4848,MEFV,0.961,0.849,1.088,0.961[0.849:1.088],0.529
4849,ANGPTL6,1.192,0.981,1.449,1.192[0.981:1.449],0.077
4850,NDUFV2,1.008,0.846,1.202,1.008[0.846:1.202],0.929
4851,STEAP1B.AS1,1.121,0.955,1.317,1.121[0.955:1.317],0.163
4852,CCDC87,1.008,0.842,1.206,1.008[0.842:1.206],0.933
4853,APOD,1.121,1.016,1.238,1.121[1.016:1.238],0.023
4854,RTL8B,1.16,0.987,1.364,1.16[0.987:1.364],0.072
4855,VAMP5,1.072,0.888,1.295,1.072[0.888:1.295],0.468
4856,RANBP3L,1.031,0.898,1.184,1.031[0.898:1.184],0.663
4857,PIERCE2,1.104,0.915,1.332,1.104[0.915:1.332],0.3
4858,SDK2,1.088,0.965,1.226,1.088[0.965:1.226],0.169
4859,DAAM2.AS1,1.227,1.047,1.437,1.227[1.047:1.437],0.012
4860,C16orf86,1.214,1.01,1.459,1.214[1.01:1.459],0.039
4861,SUSD4,1.205,1.057,1.373,1.205[1.057:1.373],0.005
4862,PIF1,1.13,0.919,1.389,1.13[0.919:1.389],0.247
4863,SNX18,1.053,0.862,1.285,1.053[0.862:1.285],0.615
4864,RIGI,1.043,0.874,1.244,1.043[0.874:1.244],0.643
4865,FCHO2,1.018,0.86,1.204,1.018[0.86:1.204],0.838
4866,LOH12CR2,1.127,0.944,1.347,1.127[0.944:1.347],0.187
4867,SIGLEC7,1.025,0.895,1.174,1.025[0.895:1.174],0.718
4868,CD24,0.885,0.768,1.019,0.885[0.768:1.019],0.089
4869,CMAS,1.076,0.877,1.319,1.076[0.877:1.319],0.484
4870,EME1,1.135,0.937,1.374,1.135[0.937:1.374],0.195
4871,OXCT1.AS1,1.039,0.87,1.241,1.039[0.87:1.241],0.671
4872,ZNF528.AS1,1.114,0.981,1.265,1.114[0.981:1.265],0.097
4873,ECHDC2,1.127,0.927,1.371,1.127[0.927:1.371],0.231
4874,NLRC4,1.084,0.917,1.282,1.084[0.917:1.282],0.343
4875,HOXD8,1.105,0.96,1.27,1.105[0.96:1.27],0.163
4876,HR,1.037,0.89,1.209,1.037[0.89:1.209],0.642
4877,PTP4A3,1.041,0.898,1.207,1.041[0.898:1.207],0.591
4878,PLEKHA6,1.031,0.858,1.238,1.031[0.858:1.238],0.745
4879,LINC02384,1.016,0.902,1.144,1.016[0.902:1.144],0.798
4880,ASTE1,1.163,0.929,1.456,1.163[0.929:1.456],0.188
4881,TOGARAM2,0.993,0.842,1.171,0.993[0.842:1.171],0.936
4882,LINC02762,1.125,0.936,1.352,1.125[0.936:1.352],0.209
4883,MIR17HG,1.058,0.929,1.206,1.058[0.929:1.206],0.394
4884,PCDHB6,1.116,0.973,1.28,1.116[0.973:1.28],0.116
4885,ABALON,0.963,0.798,1.161,0.963[0.798:1.161],0.69
4886,PGC,1.022,0.931,1.121,1.022[0.931:1.121],0.649
4887,HERC1,1.113,0.923,1.343,1.113[0.923:1.343],0.261
4888,LY6G6D,0.988,0.934,1.045,0.988[0.934:1.045],0.676
4889,CCPG1,1.089,0.912,1.3,1.089[0.912:1.3],0.346
4890,MYOZ1,1.173,1.007,1.366,1.173[1.007:1.366],0.04
4891,CDHR3,1.183,0.969,1.445,1.183[0.969:1.445],0.099
4892,A1BG,1.03,0.854,1.243,1.03[0.854:1.243],0.758
4893,CCDC136,1.167,1.019,1.336,1.167[1.019:1.336],0.025
4894,TAF5LP1,1.042,0.895,1.213,1.042[0.895:1.213],0.593
4895,CASKIN2,1.125,0.912,1.389,1.125[0.912:1.389],0.271
4896,SNORD12B,1.036,0.905,1.186,1.036[0.905:1.186],0.605
4897,ANOS1,1.034,0.923,1.159,1.034[0.923:1.159],0.565
4898,ACAP2,1.063,0.881,1.282,1.063[0.881:1.282],0.524
4899,IGHV3.79,0.963,0.827,1.121,0.963[0.827:1.121],0.626
4900,IL17REL,0.975,0.865,1.099,0.975[0.865:1.099],0.682
4901,TOMM34,1.096,0.908,1.323,1.096[0.908:1.323],0.34
4902,ROR2,1.029,0.911,1.162,1.029[0.911:1.162],0.645
4903,PALMD,1.107,0.97,1.264,1.107[0.97:1.264],0.132
4904,TRAV12.3,0.951,0.816,1.108,0.951[0.816:1.108],0.517
4905,NBPF14,1.132,0.939,1.363,1.132[0.939:1.363],0.193
4906,LINC01857,1.086,0.95,1.242,1.086[0.95:1.242],0.226
4907,NAT8L,1.173,1.045,1.316,1.173[1.045:1.316],0.007
4908,KCNJ2,1.021,0.878,1.188,1.021[0.878:1.188],0.785
4909,CSNK1G3,0.979,0.805,1.189,0.979[0.805:1.189],0.827
4910,MYH3,1.157,0.995,1.345,1.157[0.995:1.345],0.058
4911,SUSD2,1.07,0.928,1.234,1.07[0.928:1.234],0.351
4912,UBQLN1.AS1,1.194,0.975,1.462,1.194[0.975:1.462],0.087
4913,E2F7,1.06,0.895,1.255,1.06[0.895:1.255],0.501
4914,DOCK1,1.1,0.904,1.339,1.1[0.904:1.339],0.342
4915,ENOX1,1.079,0.934,1.247,1.079[0.934:1.247],0.3
4916,CDCA5,1.084,0.874,1.344,1.084[0.874:1.344],0.462
4917,MYO1F,1.124,0.946,1.335,1.124[0.946:1.335],0.184
4918,JAG2,1.225,1.022,1.468,1.225[1.022:1.468],0.028
4919,GAL3ST4,1.249,1.032,1.511,1.249[1.032:1.511],0.023
4920,ZNF271P,1.078,0.883,1.317,1.078[0.883:1.317],0.461
4921,SFTPA2,0.922,0.831,1.023,0.922[0.831:1.023],0.127
4922,SLC6A20,1.035,0.943,1.137,1.035[0.943:1.137],0.47
4923,TMEM176B,1.038,0.872,1.236,1.038[0.872:1.236],0.672
4924,CHRM1,1.026,0.927,1.136,1.026[0.927:1.136],0.616
4925,RPSAP52,1.192,1.007,1.41,1.192[1.007:1.41],0.041
4926,PRXL2A,1.219,1.009,1.473,1.219[1.009:1.473],0.04
4927,RSBN1,0.99,0.819,1.196,0.99[0.819:1.196],0.915
4928,ATP6V1C2,1.197,1.034,1.384,1.197[1.034:1.384],0.016
4929,DLX4,1.194,1.032,1.38,1.194[1.032:1.38],0.017
4930,TNFSF14,1.021,0.886,1.176,1.021[0.886:1.176],0.779
4931,SNHG14,1.046,0.942,1.161,1.046[0.942:1.161],0.4
4932,HSD17B14,1.199,1.012,1.421,1.199[1.012:1.421],0.036
4933,TH,1.131,1.021,1.253,1.131[1.021:1.253],0.019
4934,TGIF2,1.059,0.891,1.258,1.059[0.891:1.258],0.518
4935,NR1I3,1.122,0.953,1.321,1.122[0.953:1.321],0.169
4936,TOP1MT,1.123,0.929,1.357,1.123[0.929:1.357],0.23
4937,FGFBP1,1.028,0.916,1.154,1.028[0.916:1.154],0.636
4938,CMTM4,0.996,0.823,1.206,0.996[0.823:1.206],0.967
4939,LMBRD2,1.005,0.851,1.187,1.005[0.851:1.187],0.952
4940,SULT1C2,0.971,0.875,1.078,0.971[0.875:1.078],0.582
4941,C6orf47,1.121,0.914,1.376,1.121[0.914:1.376],0.273
4942,DNAJC18,1.022,0.832,1.256,1.022[0.832:1.256],0.833
4943,BIRC5,0.926,0.751,1.141,0.926[0.751:1.141],0.472
4944,DYNC2H1,1.092,0.96,1.243,1.092[0.96:1.243],0.179
4945,GAS6,1.067,0.872,1.306,1.067[0.872:1.306],0.53
4946,HSD17B13,1.086,0.921,1.28,1.086[0.921:1.28],0.326
4947,C12orf57,1.156,0.939,1.423,1.156[0.939:1.423],0.172
4948,TM4SF19,1.056,0.927,1.203,1.056[0.927:1.203],0.413
4949,FMN1,1.055,0.898,1.24,1.055[0.898:1.24],0.517
4950,SHC4,1.07,0.922,1.242,1.07[0.922:1.242],0.373
4951,PPTC7,1.08,0.875,1.333,1.08[0.875:1.333],0.474
4952,CERKL,1.063,0.903,1.251,1.063[0.903:1.251],0.465
4953,PARD6G,1.136,0.917,1.407,1.136[0.917:1.407],0.243
4954,SPDYC,1.02,0.918,1.133,1.02[0.918:1.133],0.712
4955,PUS7,1.062,0.873,1.292,1.062[0.873:1.292],0.546
4956,ARHGAP6,1.064,0.95,1.192,1.064[0.95:1.192],0.283
4957,B4GALNT1,1.184,1.012,1.385,1.184[1.012:1.385],0.035
4958,CHADL,1.066,0.896,1.268,1.066[0.896:1.268],0.474
4959,SNORA71C,1.098,0.972,1.239,1.098[0.972:1.239],0.133
4960,KIF1B,1.031,0.86,1.236,1.031[0.86:1.236],0.744
4961,PDZD7,1.191,1.005,1.412,1.191[1.005:1.412],0.044
4962,PCDH18,0.941,0.811,1.093,0.941[0.811:1.093],0.428
4963,CCDC28A,1.095,0.876,1.37,1.095[0.876:1.37],0.424
4964,UCA1,1.007,0.928,1.094,1.007[0.928:1.094],0.859
4965,ZBED5.AS1,1.079,0.891,1.308,1.079[0.891:1.308],0.435
4966,SERTM2,1.004,0.891,1.13,1.004[0.891:1.13],0.954
4967,PDE3B,0.991,0.845,1.163,0.991[0.845:1.163],0.915
4968,DUSP5,1.178,1.007,1.377,1.178[1.007:1.377],0.041
4969,BDNF.AS,1.1,0.935,1.294,1.1[0.935:1.294],0.251
4970,PIGN,0.97,0.796,1.182,0.97[0.796:1.182],0.763
4971,MAP3K3,1.111,0.907,1.361,1.111[0.907:1.361],0.309
4972,RASSF3,1.059,0.871,1.287,1.059[0.871:1.287],0.566
4973,EMILIN1,1.111,0.961,1.284,1.111[0.961:1.284],0.156
4974,STXBP5,0.972,0.818,1.156,0.972[0.818:1.156],0.75
4975,TBX15,1.122,0.989,1.273,1.122[0.989:1.273],0.074
4976,FAM131C,1.093,0.952,1.255,1.093[0.952:1.255],0.207
4977,KMT2E,1.131,0.934,1.37,1.131[0.934:1.37],0.206
4978,BCAM,1.23,1.046,1.445,1.23[1.046:1.445],0.012
4979,NBPF19,1.154,0.974,1.366,1.154[0.974:1.366],0.097
4980,ZNF813,0.998,0.904,1.103,0.998[0.904:1.103],0.974
4981,APOL6,0.983,0.827,1.168,0.983[0.827:1.168],0.846
4982,PPP1R14BP2,0.993,0.861,1.146,0.993[0.861:1.146],0.925
4983,HERC5,1.059,0.924,1.213,1.059[0.924:1.213],0.412
4984,ARG1,1.012,0.855,1.198,1.012[0.855:1.198],0.891
4985,STC1,1.135,0.986,1.306,1.135[0.986:1.306],0.078
4986,HTR2B,1.125,1.017,1.246,1.125[1.017:1.246],0.023
4987,DOP1B,1.082,0.888,1.319,1.082[0.888:1.319],0.433
4988,ACSS3,1.04,0.923,1.17,1.04[0.923:1.17],0.522
4989,TRAV21,0.89,0.768,1.033,0.89[0.768:1.033],0.125
4990,MYO1G,1.051,0.892,1.238,1.051[0.892:1.238],0.554
4991,PPP3CB.AS1,1.184,0.967,1.45,1.184[0.967:1.45],0.102
4992,UGT2B10,0.94,0.84,1.051,0.94[0.84:1.051],0.276
4993,MESP1,1.022,0.9,1.16,1.022[0.9:1.16],0.74
4994,ECHDC1,0.972,0.806,1.172,0.972[0.806:1.172],0.766
4995,RALGAPA1P1,1.032,0.935,1.14,1.032[0.935:1.14],0.532
4996,MEGF8,1.11,0.924,1.335,1.11[0.924:1.335],0.265
4997,PP1P,0.863,0.733,1.016,0.863[0.733:1.016],0.077
4998,CYLD.AS1,0.97,0.831,1.133,0.97[0.831:1.133],0.702
4999,WIPI1,0.898,0.743,1.086,0.898[0.743:1.086],0.269
5000,MON2,1.066,0.885,1.284,1.066[0.885:1.284],0.501
5001,TAC3,1.028,0.885,1.195,1.028[0.885:1.195],0.713
5002,HDAC4,1.048,0.848,1.296,1.048[0.848:1.296],0.663
5003,IGIP,1.127,0.916,1.387,1.127[0.916:1.387],0.257
5004,TRPM5,1.174,1.04,1.325,1.174[1.04:1.325],0.009
5005,KMO,1.075,0.925,1.25,1.075[0.925:1.25],0.343
5006,UNC93A,1.027,0.947,1.114,1.027[0.947:1.114],0.519
5007,PRSS33,1.005,0.927,1.089,1.005[0.927:1.089],0.91
5008,NIPAL4,1.056,0.946,1.179,1.056[0.946:1.179],0.329
5009,ACTBP9,0.962,0.809,1.144,0.962[0.809:1.144],0.663
5010,DLG4,1.264,1.041,1.533,1.264[1.041:1.533],0.018
5011,RDX,1.063,0.93,1.215,1.063[0.93:1.215],0.372
5012,LPXN,1.014,0.844,1.219,1.014[0.844:1.219],0.88
5013,CCNB1,0.902,0.739,1.099,0.902[0.739:1.099],0.306
5014,IMPDH1,1.183,0.945,1.482,1.183[0.945:1.482],0.143
5015,MARCHF1,1.06,0.914,1.229,1.06[0.914:1.229],0.444
5016,EFL1,1.051,0.853,1.293,1.051[0.853:1.293],0.642
5017,GPR156,1.268,1.082,1.484,1.268[1.082:1.484],0.003
5018,FOXH1,1.175,1.03,1.341,1.175[1.03:1.341],0.016
5019,RNY3P8,1.092,0.904,1.319,1.092[0.904:1.319],0.362
5020,KLHL13,0.944,0.857,1.039,0.944[0.857:1.039],0.241
5021,KAT6B,1.166,0.961,1.414,1.166[0.961:1.414],0.119
5022,FBXO17,1.126,1.004,1.263,1.126[1.004:1.263],0.043
5023,TRAV8.6,1.016,0.872,1.183,1.016[0.872:1.183],0.838
5024,PRAG1,1.058,0.874,1.281,1.058[0.874:1.281],0.563
5025,FBXO34,1.055,0.857,1.299,1.055[0.857:1.299],0.614
5026,SCPEP1,1.065,0.887,1.278,1.065[0.887:1.278],0.502
5027,GGCTP1,0.971,0.817,1.155,0.971[0.817:1.155],0.743
5028,TRAV17,0.95,0.806,1.121,0.95[0.806:1.121],0.547
5029,FAM43A,1.034,0.851,1.256,1.034[0.851:1.256],0.739
5030,SLC5A6,1.044,0.862,1.263,1.044[0.862:1.263],0.663
5031,GPRC5C,1.059,0.867,1.294,1.059[0.867:1.294],0.574
5032,EMC1.AS1,1.039,0.868,1.244,1.039[0.868:1.244],0.674
5033,SLC45A1,1.131,0.948,1.35,1.131[0.948:1.35],0.17
5034,PRNP,1.18,0.988,1.41,1.18[0.988:1.41],0.068
5035,NPR3,1.094,0.997,1.201,1.094[0.997:1.201],0.059
5036,ENTPD3.AS1,1.093,0.89,1.342,1.093[0.89:1.342],0.398
5037,KRT8P45,1.031,0.912,1.166,1.031[0.912:1.166],0.622
5038,LY6G6C,1.06,0.945,1.188,1.06[0.945:1.188],0.32
5039,SLC6A18,1.02,0.887,1.172,1.02[0.887:1.172],0.786
5040,TYRO3,1.096,0.92,1.305,1.096[0.92:1.305],0.304
5041,LINC00968,1.037,0.896,1.201,1.037[0.896:1.201],0.625
5042,CYP4F23P,0.987,0.89,1.094,0.987[0.89:1.094],0.8
5043,IDS,1.147,0.957,1.374,1.147[0.957:1.374],0.139
5044,RN7SL208P,1.005,0.836,1.208,1.005[0.836:1.208],0.959
5045,STAC,0.992,0.883,1.114,0.992[0.883:1.114],0.887
5046,KCNK13,1.028,0.887,1.192,1.028[0.887:1.192],0.712
5047,LINC02960,1.01,0.858,1.188,1.01[0.858:1.188],0.907
5048,CD2,0.956,0.831,1.1,0.956[0.831:1.1],0.533
5049,PRKCA,1.015,0.847,1.216,1.015[0.847:1.216],0.872
5050,SGMS1.AS1,1.095,0.921,1.301,1.095[0.921:1.301],0.306
5051,TRBV6.1,0.938,0.799,1.102,0.938[0.799:1.102],0.439
5052,FAM171A1,1.056,0.876,1.272,1.056[0.876:1.272],0.569
5053,NET1,1.127,0.915,1.388,1.127[0.915:1.388],0.262
5054,CD2AP,1.03,0.884,1.2,1.03[0.884:1.2],0.707
5055,RHBDL3,0.956,0.852,1.072,0.956[0.852:1.072],0.441
5056,H2AC25,1.137,0.935,1.383,1.137[0.935:1.383],0.197
5057,SNPH,0.959,0.839,1.096,0.959[0.839:1.096],0.538
5058,HS6ST1P1,1.028,0.905,1.169,1.028[0.905:1.169],0.668
5059,NPTXR,1.108,0.996,1.231,1.108[0.996:1.231],0.059
5060,C8orf48,1.046,0.903,1.213,1.046[0.903:1.213],0.547
5061,RPS16P2,1.202,1.004,1.439,1.202[1.004:1.439],0.045
5062,PNRC1,1.159,0.927,1.449,1.159[0.927:1.449],0.194
5063,USP32P3,1.088,0.936,1.266,1.088[0.936:1.266],0.271
5064,SPOCD1,1.138,0.988,1.311,1.138[0.988:1.311],0.073
5065,DSG2,1.003,0.829,1.213,1.003[0.829:1.213],0.977
5066,BTG1.DT,1.085,0.916,1.284,1.085[0.916:1.284],0.346
5067,NKG7,1.048,0.925,1.187,1.048[0.925:1.187],0.466
5068,UGDH.AS1,1.062,0.89,1.269,1.062[0.89:1.269],0.504
5069,SNORA73B,0.951,0.825,1.097,0.951[0.825:1.097],0.491
5070,FBXO3,1.093,0.877,1.362,1.093[0.877:1.362],0.428
5071,MLLT11,1.192,1.01,1.406,1.192[1.01:1.406],0.037
5072,ZNF853,1.084,0.958,1.227,1.084[0.958:1.227],0.201
5073,RREB1,1.144,0.919,1.423,1.144[0.919:1.423],0.229
5074,ARHGAP24,1.081,0.923,1.266,1.081[0.923:1.266],0.335
5075,WIPF3,1.15,1.042,1.27,1.15[1.042:1.27],0.005
5076,CD101.AS1,1.148,0.946,1.392,1.148[0.946:1.392],0.162
5077,LINC02195,0.933,0.803,1.083,0.933[0.803:1.083],0.362
5078,RAC2,1.085,0.906,1.299,1.085[0.906:1.299],0.377
5079,SHCBP1,1.006,0.82,1.234,1.006[0.82:1.234],0.954
5080,MAN2A1,0.935,0.788,1.109,0.935[0.788:1.109],0.441
5081,UBE2T,0.991,0.807,1.216,0.991[0.807:1.216],0.929
5082,VNN2,0.945,0.851,1.049,0.945[0.851:1.049],0.29
5083,RNF43,0.943,0.822,1.082,0.943[0.822:1.082],0.404
5084,SH3BP5,1.096,0.934,1.287,1.096[0.934:1.287],0.262
5085,PLEKHM3,1.201,1.001,1.441,1.201[1.001:1.441],0.048
5086,GALNT8,0.988,0.891,1.095,0.988[0.891:1.095],0.816
5087,ZNF518B,1.01,0.903,1.13,1.01[0.903:1.13],0.857
5088,CCR5,0.986,0.862,1.128,0.986[0.862:1.128],0.837
5089,COL6A4P1,1.135,0.973,1.324,1.135[0.973:1.324],0.106
5090,OIP5.AS1,1.157,0.947,1.413,1.157[0.947:1.413],0.153
5091,ADCY6.DT,1.059,0.914,1.228,1.059[0.914:1.228],0.444
5092,SLC40A1,0.992,0.842,1.167,0.992[0.842:1.167],0.92
5093,PSMD6.AS2,1.038,0.898,1.198,1.038[0.898:1.198],0.616
5094,ACTA2.AS1,1.144,0.979,1.338,1.144[0.979:1.338],0.09
5095,SBSN,1.069,0.956,1.196,1.069[0.956:1.196],0.24
5096,CFLAR,1.137,0.919,1.405,1.137[0.919:1.405],0.237
5097,LHX4,1.117,0.964,1.293,1.117[0.964:1.293],0.14
5098,SIGLEC5,1.083,0.931,1.261,1.083[0.931:1.261],0.303
5099,TAS2R38,1.206,1.059,1.373,1.206[1.059:1.373],0.005
5100,ZHX1,1.06,0.892,1.26,1.06[0.892:1.26],0.505
5101,CHMP7,0.945,0.772,1.157,0.945[0.772:1.157],0.585
5102,COQ10B,1.106,0.888,1.377,1.106[0.888:1.377],0.368
5103,PIEZO2,1.073,0.941,1.223,1.073[0.941:1.223],0.292
5104,CPE,0.995,0.892,1.111,0.995[0.892:1.111],0.935
5105,ASB12,0.986,0.863,1.127,0.986[0.863:1.127],0.833
5106,DNASE2B,1.027,0.885,1.193,1.027[0.885:1.193],0.723
5107,FGB,0.944,0.865,1.03,0.944[0.865:1.03],0.196
5108,LINC01422,1.009,0.873,1.167,1.009[0.873:1.167],0.903
5109,LST1,0.994,0.84,1.176,0.994[0.84:1.176],0.946
5110,LY6H,1.065,0.932,1.216,1.065[0.932:1.216],0.356
5111,DDX60L,0.991,0.855,1.148,0.991[0.855:1.148],0.9
5112,ANKDD1A,1.202,0.994,1.452,1.202[0.994:1.452],0.057
5113,AMH,1.099,0.998,1.211,1.099[0.998:1.211],0.056
5114,PNMA6A,1.114,0.984,1.261,1.114[0.984:1.261],0.088
5115,GMFB,0.991,0.848,1.158,0.991[0.848:1.158],0.906
5116,PDZK1,1.057,0.941,1.187,1.057[0.941:1.187],0.352
5117,EVX1.AS,1.074,0.976,1.182,1.074[0.976:1.182],0.143
5118,PLAAT4,1.021,0.9,1.159,1.021[0.9:1.159],0.746
5119,LINC00924,1.08,0.957,1.218,1.08[0.957:1.218],0.212
5120,TTYH1,1.152,1.005,1.321,1.152[1.005:1.321],0.042
5121,SNX19,1.122,0.914,1.376,1.122[0.914:1.376],0.27
5122,LZTS3,1.188,1.012,1.394,1.188[1.012:1.394],0.035
5123,RELCH,0.986,0.811,1.199,0.986[0.811:1.199],0.888
5124,MIR646HG,1.094,0.967,1.238,1.094[0.967:1.238],0.154
5125,TMED6,1.056,0.908,1.228,1.056[0.908:1.228],0.479
5126,ZNF410,1.102,0.898,1.353,1.102[0.898:1.353],0.351
5127,HTR2A,1.05,0.936,1.178,1.05[0.936:1.178],0.401
5128,KMT5B,1.088,0.882,1.342,1.088[0.882:1.342],0.432
5129,RRM2,0.965,0.79,1.178,0.965[0.79:1.178],0.724
5130,TACC2,1.096,0.893,1.344,1.096[0.893:1.344],0.38
5131,TMEM87B,1.029,0.833,1.271,1.029[0.833:1.271],0.791
5132,OXCT2P1,1.061,0.913,1.233,1.061[0.913:1.233],0.443
5133,TRBV5.4,1.009,0.867,1.174,1.009[0.867:1.174],0.911
5134,PLA2G4F,0.962,0.853,1.086,0.962[0.853:1.086],0.534
5135,IL1A,0.926,0.83,1.034,0.926[0.83:1.034],0.172
5136,OSBPL7,1.061,0.876,1.285,1.061[0.876:1.285],0.544
5137,C17orf50,1.228,1.027,1.467,1.228[1.027:1.467],0.024
5138,HIGD1AP14,0.948,0.773,1.162,0.948[0.773:1.162],0.605
5139,SPEN.AS1,1.175,0.955,1.446,1.175[0.955:1.446],0.128
5140,ENPP3,0.992,0.919,1.07,0.992[0.919:1.07],0.836
5141,TFEC,1.026,0.912,1.153,1.026[0.912:1.153],0.674
5142,LEF1,1.145,0.988,1.326,1.145[0.988:1.326],0.072
5143,TCF4,1.037,0.896,1.201,1.037[0.896:1.201],0.623
5144,C1S,1.059,0.922,1.216,1.059[0.922:1.216],0.418
5145,SLC22A3,1.034,0.89,1.202,1.034[0.89:1.202],0.664
5146,PAPLN.AS1,1.129,0.971,1.312,1.129[0.971:1.312],0.114
5147,PALD1,1.043,0.893,1.219,1.043[0.893:1.219],0.595
5148,ITGA9.AS1,1.086,0.897,1.315,1.086[0.897:1.315],0.399
5149,DOK3,1.125,0.944,1.342,1.125[0.944:1.342],0.188
5150,TRMT112P6,1.005,0.849,1.19,1.005[0.849:1.19],0.951
5151,CSPG4,1.117,0.957,1.303,1.117[0.957:1.303],0.16
5152,TFAP2A,1.068,0.964,1.184,1.068[0.964:1.184],0.207
5153,PRSS3,1.078,0.881,1.319,1.078[0.881:1.319],0.467
5154,RASSF8,1.016,0.896,1.152,1.016[0.896:1.152],0.801
5155,NOTCH2NLA,1.056,0.909,1.226,1.056[0.909:1.226],0.479
5156,AJAP1,0.897,0.779,1.033,0.897[0.779:1.033],0.132
5157,GLIDR,1.147,0.985,1.336,1.147[0.985:1.336],0.077
5158,TRAV23DV6,1.086,0.923,1.278,1.086[0.923:1.278],0.322
5159,KLHL38,1.118,0.976,1.281,1.118[0.976:1.281],0.107
5160,NUDT6,0.835,0.681,1.022,0.835[0.681:1.022],0.08
5161,BMPR1A,1.068,0.874,1.304,1.068[0.874:1.304],0.521
5162,EFNA2,0.99,0.872,1.124,0.99[0.872:1.124],0.875
5163,DPP8,1.104,0.911,1.339,1.104[0.911:1.339],0.313
5164,LINC00923,1.012,0.911,1.123,1.012[0.911:1.123],0.828
5165,LINC00861,1.029,0.916,1.157,1.029[0.916:1.157],0.628
5166,EMSLR,1.01,0.902,1.131,1.01[0.902:1.131],0.866
5167,PPP2R3C,1.016,0.84,1.228,1.016[0.84:1.228],0.873
5168,CSRNP1,1.024,0.834,1.257,1.024[0.834:1.257],0.822
5169,CNIH3.AS2,1.118,0.97,1.29,1.118[0.97:1.29],0.125
5170,RIN3,1.045,0.858,1.272,1.045[0.858:1.272],0.662
5171,JHY,1.134,0.998,1.289,1.134[0.998:1.289],0.054
5172,SERPINE1,1.153,1.018,1.305,1.153[1.018:1.305],0.025
5173,NLRP1,1.13,0.975,1.309,1.13[0.975:1.309],0.104
5174,NBPF10,1.169,0.978,1.397,1.169[0.978:1.397],0.086
5175,SRR,0.993,0.812,1.215,0.993[0.812:1.215],0.947
5176,IGKJ5,0.932,0.84,1.034,0.932[0.84:1.034],0.182
5177,HNF1B,0.961,0.832,1.109,0.961[0.832:1.109],0.586
5178,SLC35A5,1.053,0.859,1.29,1.053[0.859:1.29],0.62
5179,THSD7B,1.056,0.942,1.183,1.056[0.942:1.183],0.349
5180,CKS2,1.026,0.84,1.253,1.026[0.84:1.253],0.801
5181,CRLF1,1.278,1.055,1.548,1.278[1.055:1.548],0.012
5182,PAX9,1.081,0.972,1.203,1.081[0.972:1.203],0.151
5183,AGAP10P,1.193,1.008,1.412,1.193[1.008:1.412],0.04
5184,DENND2C,1.073,0.938,1.226,1.073[0.938:1.226],0.304
5185,LINGO3,1.172,1.012,1.357,1.172[1.012:1.357],0.034
5186,TTC26,1.033,0.857,1.245,1.033[0.857:1.245],0.737
5187,GJC3,0.994,0.866,1.141,0.994[0.866:1.141],0.928
5188,SMARCA2,1.124,0.936,1.35,1.124[0.936:1.35],0.212
5189,GNAZ,0.94,0.81,1.091,0.94[0.81:1.091],0.415
5190,CRTAM,0.982,0.874,1.103,0.982[0.874:1.103],0.756
5191,DLX1,1.094,0.981,1.221,1.094[0.981:1.221],0.107
5192,FZD8,1.074,0.897,1.285,1.074[0.897:1.285],0.436
5193,DMXL2,1.074,0.904,1.278,1.074[0.904:1.278],0.416
5194,PRDM1,0.998,0.854,1.167,0.998[0.854:1.167],0.98
5195,SPP1,1.084,0.997,1.179,1.084[0.997:1.179],0.06
5196,SGMS2,0.995,0.855,1.158,0.995[0.855:1.158],0.949
5197,XKRX,0.966,0.842,1.108,0.966[0.842:1.108],0.619
5198,EFCAB14,1.07,0.873,1.31,1.07[0.873:1.31],0.515
5199,CHN2.AS1,1.06,0.95,1.182,1.06[0.95:1.182],0.297
5200,RAP1BL,0.922,0.777,1.094,0.922[0.777:1.094],0.351
5201,RCVRN,1.106,0.924,1.325,1.106[0.924:1.325],0.272
5202,TIMP2,1.071,0.926,1.238,1.071[0.926:1.238],0.356
5203,CELF3,0.997,0.902,1.103,0.997[0.902:1.103],0.961
5204,PPM1F.AS1,1.055,0.86,1.294,1.055[0.86:1.294],0.607
5205,MATN4,1.109,0.922,1.333,1.109[0.922:1.333],0.272
5206,GTSF1,1.04,0.935,1.156,1.04[0.935:1.156],0.474
5207,HOXD.AS2,1.163,1.019,1.328,1.163[1.019:1.328],0.025
5208,FRMD4A,1.203,1.008,1.436,1.203[1.008:1.436],0.041
5209,DTWD2,0.975,0.817,1.162,0.975[0.817:1.162],0.776
5210,DISP1,1.086,0.893,1.319,1.086[0.893:1.319],0.408
5211,SLC25A25.AS1,1.205,0.999,1.453,1.205[0.999:1.453],0.051
5212,KLHDC7A,0.98,0.883,1.089,0.98[0.883:1.089],0.712
5213,SLFN12L,1.058,0.929,1.205,1.058[0.929:1.205],0.396
5214,CRISPLD2,1.107,0.962,1.274,1.107[0.962:1.274],0.156
5215,ST8SIA5,1.123,0.949,1.329,1.123[0.949:1.329],0.177
5216,SNORD69,1.196,0.989,1.448,1.196[0.989:1.448],0.065
5217,ZFAS1,1.011,0.844,1.213,1.011[0.844:1.213],0.902
5218,MRPS30.DT,1.039,0.899,1.202,1.039[0.899:1.202],0.602
5219,LINC02535,0.943,0.825,1.077,0.943[0.825:1.077],0.386
5220,SUGCT.AS1,1.068,0.945,1.208,1.068[0.945:1.208],0.29
5221,FGA,0.964,0.875,1.062,0.964[0.875:1.062],0.459
5222,ZIC2,1.061,0.994,1.132,1.061[0.994:1.132],0.076
5223,CMYA5,1.112,0.951,1.299,1.112[0.951:1.299],0.184
5224,LINC01842,0.936,0.829,1.057,0.936[0.829:1.057],0.284
5225,MT1A,1.069,0.972,1.176,1.069[0.972:1.176],0.169
5226,CDX1,0.883,0.757,1.029,0.883[0.757:1.029],0.111
5227,SOAT1,1.022,0.873,1.196,1.022[0.873:1.196],0.787
5228,KCNQ4,1.165,1.025,1.323,1.165[1.025:1.323],0.019
5229,TNFRSF14.AS1,1.16,0.982,1.372,1.16[0.982:1.372],0.082
5230,CMPK2,1.009,0.87,1.17,1.009[0.87:1.17],0.906
5231,LINC01186,1.084,0.926,1.269,1.084[0.926:1.269],0.316
5232,LINC01725,0.948,0.807,1.113,0.948[0.807:1.113],0.515
5233,LINC00992,0.999,0.891,1.12,0.999[0.891:1.12],0.987
5234,ANKDD1B,0.98,0.872,1.102,0.98[0.872:1.102],0.742
5235,SNX4,1.026,0.843,1.248,1.026[0.843:1.248],0.799
5236,HACD2,1.09,0.881,1.349,1.09[0.881:1.349],0.428
5237,PLXNC1,1.032,0.894,1.191,1.032[0.894:1.191],0.669
5238,ADAM7.AS1,0.996,0.822,1.206,0.996[0.822:1.206],0.965
5239,C11orf21,1.043,0.93,1.17,1.043[0.93:1.17],0.467
5240,GPRC5B,1.275,1.084,1.501,1.275[1.084:1.501],0.003
5241,TRBV18,0.981,0.845,1.139,0.981[0.845:1.139],0.804
5242,TMEM167B,1.077,0.883,1.315,1.077[0.883:1.315],0.465
5243,GSN.AS1,1.049,0.897,1.225,1.049[0.897:1.225],0.55
5244,CTBS,0.997,0.829,1.198,0.997[0.829:1.198],0.972
5245,DOCK5,0.955,0.802,1.137,0.955[0.802:1.137],0.602
5246,FUT3,1.073,0.918,1.255,1.073[0.918:1.255],0.376
5247,PAIP2B,1.094,0.927,1.29,1.094[0.927:1.29],0.288
5248,APOBEC3C,1.127,0.975,1.302,1.127[0.975:1.302],0.107
5249,KPNA4P1,0.963,0.817,1.135,0.963[0.817:1.135],0.653
5250,ZNF521,1.073,0.933,1.235,1.073[0.933:1.235],0.321
5251,FANCB,0.975,0.827,1.151,0.975[0.827:1.151],0.767
5252,KRT87P,1.095,0.953,1.259,1.095[0.953:1.259],0.202
5253,JCAD,1.101,0.963,1.258,1.101[0.963:1.258],0.159
5254,NAV3,1.147,1.026,1.283,1.147[1.026:1.283],0.016
5255,WDR86,1.382,1.127,1.695,1.382[1.127:1.695],0.002
5256,ZNF331,1.064,0.934,1.212,1.064[0.934:1.212],0.352
5257,TRBV9,0.987,0.849,1.147,0.987[0.849:1.147],0.866
5258,PWAR5,1.027,0.921,1.146,1.027[0.921:1.146],0.631
5259,TRBV6.5,1.05,0.913,1.208,1.05[0.913:1.208],0.494
5260,PLEKHS1,1.084,0.936,1.257,1.084[0.936:1.257],0.281
5261,FNDC11,1.166,1.011,1.345,1.166[1.011:1.345],0.035
5262,NALT1,1.172,1.005,1.366,1.172[1.005:1.366],0.043
5263,STARD13,1.011,0.857,1.193,1.011[0.857:1.193],0.894
5264,BFSP1,1.127,0.956,1.327,1.127[0.956:1.327],0.154
5265,PAPLN,1.032,0.898,1.186,1.032[0.898:1.186],0.655
5266,GK4P,0.954,0.848,1.073,0.954[0.848:1.073],0.433
5267,LINC00482,0.962,0.854,1.085,0.962[0.854:1.085],0.53
5268,LHFPL7,1.029,0.939,1.127,1.029[0.939:1.127],0.536
5269,APOBEC2,1.078,0.896,1.297,1.078[0.896:1.297],0.429
5270,BAAT,0.925,0.829,1.031,0.925[0.829:1.031],0.16
5271,KCNK6,1.188,0.973,1.449,1.188[0.973:1.449],0.09
5272,ZNF440,1.052,0.857,1.291,1.052[0.857:1.291],0.63
5273,ZNF695,1.062,0.909,1.24,1.062[0.909:1.24],0.45
5274,EVC,1.047,0.925,1.184,1.047[0.925:1.184],0.47
5275,PYCR3,1.134,0.926,1.387,1.134[0.926:1.387],0.224
5276,RSU1,1.047,0.849,1.29,1.047[0.849:1.29],0.669
5277,PLEK,0.983,0.87,1.111,0.983[0.87:1.111],0.786
5278,PIERCE1,1.071,0.89,1.289,1.071[0.89:1.289],0.468
5279,CA11,1.169,0.987,1.384,1.169[0.987:1.384],0.071
5280,MIR194.2HG,1.085,0.915,1.286,1.085[0.915:1.286],0.349
5281,NFIC,1.064,0.883,1.282,1.064[0.883:1.282],0.513
5282,LINC01589,1.015,0.86,1.198,1.015[0.86:1.198],0.856
5283,FGF7P3,1.021,0.896,1.164,1.021[0.896:1.164],0.753
5284,GRM7,1.101,0.952,1.272,1.101[0.952:1.272],0.195
5285,BCO2,1.053,0.901,1.231,1.053[0.901:1.231],0.518
5286,FAT2,1.064,0.922,1.228,1.064[0.922:1.228],0.394
5287,SH3RF2,1.015,0.837,1.232,1.015[0.837:1.232],0.878
5288,FRMD6,1.077,0.942,1.233,1.077[0.942:1.233],0.278
5289,PRSS41,1.039,0.924,1.168,1.039[0.924:1.168],0.521
5290,MAP3K14,1.22,0.982,1.515,1.22[0.982:1.515],0.073
5291,ZSWIM5,0.989,0.833,1.173,0.989[0.833:1.173],0.895
5292,TMEM132E,1.189,1.044,1.356,1.189[1.044:1.356],0.009
5293,KRT8P5,1.035,0.872,1.227,1.035[0.872:1.227],0.696
5294,SRSF12,1.137,0.993,1.301,1.137[0.993:1.301],0.063
5295,TMEM240,1.334,1.104,1.612,1.334[1.104:1.612],0.003
5296,FGF12,1.088,0.925,1.279,1.088[0.925:1.279],0.307
5297,CACNA2D2,1.023,0.909,1.152,1.023[0.909:1.152],0.701
5298,ANG,1.033,0.872,1.226,1.033[0.872:1.226],0.705
5299,STK17A,1.115,0.907,1.372,1.115[0.907:1.372],0.302
5300,SLC30A1,1.048,0.864,1.27,1.048[0.864:1.27],0.635
5301,LILRA2,0.997,0.876,1.136,0.997[0.876:1.136],0.967
5302,ALDH3B2,0.996,0.907,1.094,0.996[0.907:1.094],0.937
5303,GATM,1.102,0.969,1.253,1.102[0.969:1.253],0.138
5304,FST,1.04,0.903,1.198,1.04[0.903:1.198],0.586
5305,BRCA2,1.004,0.857,1.177,1.004[0.857:1.177],0.958
5306,NEK1,1.041,0.881,1.229,1.041[0.881:1.229],0.639
5307,DLL1,1.124,0.932,1.356,1.124[0.932:1.356],0.223
5308,LINC00938,1.173,0.947,1.452,1.173[0.947:1.452],0.144
5309,SLC52A3,1.091,0.904,1.316,1.091[0.904:1.316],0.363
5310,PNRC2,0.998,0.825,1.208,0.998[0.825:1.208],0.983
5311,BOLA3.DT,1.096,0.952,1.261,1.096[0.952:1.261],0.203
5312,HES2,0.985,0.86,1.128,0.985[0.86:1.128],0.826
5313,LINC00574,1.083,0.925,1.269,1.083[0.925:1.269],0.321
5314,DUXAP8,1.114,1.014,1.225,1.114[1.014:1.225],0.025
5315,HMGB3P22,1.139,0.966,1.343,1.139[0.966:1.343],0.122
5316,PRR34,1.187,0.983,1.432,1.187[0.983:1.432],0.074
5317,UBE2L5,0.975,0.827,1.15,0.975[0.827:1.15],0.767
5318,PIK3R1,1.063,0.883,1.279,1.063[0.883:1.279],0.519
5319,LYRM7,1.066,0.88,1.292,1.066[0.88:1.292],0.513
5320,LY6K,1.068,0.932,1.225,1.068[0.932:1.225],0.342
5321,FAM124B,1.075,0.94,1.229,1.075[0.94:1.229],0.293
5322,AAK1,1.061,0.899,1.253,1.061[0.899:1.253],0.484
5323,SPATA3.AS1,1.008,0.872,1.166,1.008[0.872:1.166],0.913
5324,HERPUD2.AS1,1.18,0.979,1.423,1.18[0.979:1.423],0.082
5325,LZIC,0.995,0.829,1.193,0.995[0.829:1.193],0.954
5326,MHENCR,1.212,1.009,1.457,1.212[1.009:1.457],0.04
5327,TMOD3,1.092,0.908,1.314,1.092[0.908:1.314],0.349
5328,ZKSCAN7,0.987,0.865,1.128,0.987[0.865:1.128],0.853
5329,LDLRAD4,0.975,0.823,1.155,0.975[0.823:1.155],0.766
5330,CYP1B1,1.101,1.005,1.207,1.101[1.005:1.207],0.039
5331,PKDREJ,0.979,0.83,1.155,0.979[0.83:1.155],0.806
5332,AK1,1.181,0.991,1.406,1.181[0.991:1.406],0.063
5333,MTCO1P12,0.999,0.904,1.104,0.999[0.904:1.104],0.985
5334,C11orf71,1.063,0.891,1.267,1.063[0.891:1.267],0.5
5335,CD74,1.005,0.866,1.166,1.005[0.866:1.166],0.946
5336,ANO7L1,1.036,0.874,1.228,1.036[0.874:1.228],0.686
5337,RALBP1,1.103,0.895,1.36,1.103[0.895:1.36],0.357
5338,ENTPD4,0.952,0.8,1.133,0.952[0.8:1.133],0.579
5339,SH3TC2.DT,0.967,0.842,1.111,0.967[0.842:1.111],0.635
5340,MUC2,0.964,0.906,1.026,0.964[0.906:1.026],0.244
5341,PPP5D1P,1.069,0.866,1.321,1.069[0.866:1.321],0.535
5342,SYTL5,1.039,0.937,1.152,1.039[0.937:1.152],0.471
5343,WASF3,1.022,0.923,1.131,1.022[0.923:1.131],0.681
5344,PDLIM5,1.006,0.832,1.216,1.006[0.832:1.216],0.95
5345,COL1A1,1.074,0.953,1.21,1.074[0.953:1.21],0.242
5346,LIPA,1.078,0.885,1.312,1.078[0.885:1.312],0.457
5347,LHFPL3.AS2,0.992,0.907,1.084,0.992[0.907:1.084],0.857
5348,ZSCAN31,1.053,0.865,1.282,1.053[0.865:1.282],0.606
5349,NOS1AP,1.231,1.023,1.483,1.231[1.023:1.483],0.028
5350,GNB4,1.066,0.923,1.231,1.066[0.923:1.231],0.386
5351,TOGARAM1,1.144,0.966,1.355,1.144[0.966:1.355],0.119
5352,WDR97,1.097,0.952,1.263,1.097[0.952:1.263],0.2
5353,KRT83,1.051,0.943,1.172,1.051[0.943:1.172],0.369
5354,RNF19A,1.112,0.905,1.367,1.112[0.905:1.367],0.311
5355,SDR42E1,0.989,0.895,1.093,0.989[0.895:1.093],0.831
5356,PCDHB7,1.088,0.945,1.252,1.088[0.945:1.252],0.241
5357,TRPS1,1.076,0.952,1.215,1.076[0.952:1.215],0.239
5358,PBX3,1.091,0.91,1.31,1.091[0.91:1.31],0.347
5359,TTC30B,1.079,0.883,1.319,1.079[0.883:1.319],0.458
5360,ITGB1BP2,1.216,1.019,1.45,1.216[1.019:1.45],0.03
5361,SCARF1,1.195,0.981,1.456,1.195[0.981:1.456],0.077
5362,PCDHGB3,1.048,0.921,1.192,1.048[0.921:1.192],0.475
5363,CCDC181,1.1,0.937,1.291,1.1[0.937:1.291],0.246
5364,VWDE,1.131,1.042,1.228,1.131[1.042:1.228],0.003
5365,MXRA7,1.052,0.894,1.238,1.052[0.894:1.238],0.543
5366,PLEKHO2,1.115,0.925,1.346,1.115[0.925:1.346],0.254
5367,DNAH5,1.058,0.93,1.203,1.058[0.93:1.203],0.393
5368,ZNF385A,1.213,1.044,1.41,1.213[1.044:1.41],0.012
5369,ADORA2B,1.035,0.85,1.26,1.035[0.85:1.26],0.734
5370,LINC02761,1.165,1.02,1.33,1.165[1.02:1.33],0.024
5371,SLC9A7P1,1.056,0.91,1.224,1.056[0.91:1.224],0.474
5372,ENPP4,1.006,0.84,1.205,1.006[0.84:1.205],0.947
5373,CDC6,0.996,0.838,1.185,0.996[0.838:1.185],0.968
5374,HOTAIRM1,1.097,0.943,1.277,1.097[0.943:1.277],0.231
5375,LIF,1.105,0.929,1.315,1.105[0.929:1.315],0.259
5376,SYNE2,1.071,0.906,1.265,1.071[0.906:1.265],0.424
5377,TAC1,1.009,0.934,1.089,1.009[0.934:1.089],0.823
5378,TDGF1P3,0.958,0.826,1.111,0.958[0.826:1.111],0.569
5379,MCEMP1,1.012,0.914,1.12,1.012[0.914:1.12],0.821
5380,DAPK2,1.056,0.898,1.242,1.056[0.898:1.242],0.51
5381,HSF4,1.271,1.085,1.489,1.271[1.085:1.489],0.003
5382,SNORD14E,1.247,1.078,1.442,1.247[1.078:1.442],0.003
5383,AK7,0.941,0.812,1.089,0.941[0.812:1.089],0.414
5384,PLPP4,1.079,0.973,1.196,1.079[0.973:1.196],0.148
5385,HLA.DRA,0.972,0.851,1.11,0.972[0.851:1.11],0.679
5386,LAPTM5,1.067,0.916,1.244,1.067[0.916:1.244],0.405
5387,CHD9,1.051,0.895,1.233,1.051[0.895:1.233],0.547
5388,DNM1P51,1.202,1.045,1.382,1.202[1.045:1.382],0.01
5389,LINC00506,0.952,0.807,1.122,0.952[0.807:1.122],0.555
5390,CC2D2A,1.111,0.961,1.284,1.111[0.961:1.284],0.155
5391,LRRC37A16P,1.014,0.875,1.176,1.014[0.875:1.176],0.849
5392,MTSS1,1.06,0.921,1.221,1.06[0.921:1.221],0.417
5393,ZBTB47.AS1,1.038,0.879,1.225,1.038[0.879:1.225],0.661
5394,TRBV10.3,0.981,0.84,1.146,0.981[0.84:1.146],0.812
5395,BCO1,0.994,0.856,1.154,0.994[0.856:1.154],0.934
5396,PCDHAC1,1.108,0.994,1.234,1.108[0.994:1.234],0.064
5397,IGSF6,0.959,0.819,1.122,0.959[0.819:1.122],0.599
5398,CNIH2,1.237,1.022,1.497,1.237[1.022:1.497],0.029
5399,LINC02593,1.153,0.997,1.333,1.153[0.997:1.333],0.055
5400,SAMD9L,1.024,0.897,1.168,1.024[0.897:1.168],0.729
5401,ARID3B,1.184,0.963,1.456,1.184[0.963:1.456],0.11
5402,JAKMIP3,1.107,0.957,1.281,1.107[0.957:1.281],0.172
5403,TRIM34,1.017,0.882,1.172,1.017[0.882:1.172],0.817
5404,PCDHGA5,1.079,0.95,1.225,1.079[0.95:1.225],0.243
5405,CCDC88C,1.107,0.911,1.346,1.107[0.911:1.346],0.306
5406,LINC02273,1.014,0.866,1.188,1.014[0.866:1.188],0.861
5407,ACTR10,1.063,0.864,1.309,1.063[0.864:1.309],0.562
5408,ZNF211,1.092,0.912,1.308,1.092[0.912:1.308],0.338
5409,PCDHB2,1.174,1.041,1.324,1.174[1.041:1.324],0.009
5410,TOR1AIP1,1.073,0.881,1.308,1.073[0.881:1.308],0.483
5411,MAST4,1.105,0.935,1.305,1.105[0.935:1.305],0.242
5412,CYCS,1.021,0.858,1.216,1.021[0.858:1.216],0.812
5413,MMP8,0.999,0.909,1.098,0.999[0.909:1.098],0.977
5414,MTMR11,1.073,0.916,1.257,1.073[0.916:1.257],0.384
5415,CHURC1,1.05,0.872,1.265,1.05[0.872:1.265],0.606
5416,CXCR6,0.912,0.795,1.046,0.912[0.795:1.046],0.188
5417,MAP1LC3B2,1.017,0.88,1.175,1.017[0.88:1.175],0.821
5418,AP4E1,1.124,0.92,1.373,1.124[0.92:1.373],0.251
5419,LINC03064,1.024,0.89,1.178,1.024[0.89:1.178],0.74
5420,SPAG16,1.043,0.932,1.166,1.043[0.932:1.166],0.467
5421,CLGN,0.999,0.912,1.095,0.999[0.912:1.095],0.986
5422,TRAV1.2,0.976,0.827,1.152,0.976[0.827:1.152],0.775
5423,ZDHHC19,1.164,0.983,1.38,1.164[0.983:1.38],0.078
5424,THBD,1.036,0.872,1.231,1.036[0.872:1.231],0.686
5425,LINC00667,1.015,0.881,1.171,1.015[0.881:1.171],0.833
5426,SLC25A21.AS1,1.107,0.986,1.243,1.107[0.986:1.243],0.085
5427,ZNF24,1.015,0.841,1.224,1.015[0.841:1.224],0.878
5428,SH2D1A,0.964,0.851,1.091,0.964[0.851:1.091],0.56
5429,KCTD1,1.196,1.033,1.386,1.196[1.033:1.386],0.017
5430,PARVG,1.114,0.95,1.306,1.114[0.95:1.306],0.186
5431,IPMK,1.007,0.868,1.168,1.007[0.868:1.168],0.929
5432,RAB43P1,1.018,0.913,1.134,1.018[0.913:1.134],0.752
5433,NATD1,1.133,0.942,1.362,1.133[0.942:1.362],0.185
5434,SYPL1P2,1.101,0.931,1.302,1.101[0.931:1.302],0.263
5435,DIPK1B,1.355,1.132,1.622,1.355[1.132:1.622],9.490871e-04
5436,CEP170B,1.147,0.938,1.403,1.147[0.938:1.403],0.182
5437,SOX7,1.152,1.002,1.324,1.152[1.002:1.324],0.047
5438,ARID3BP1,1.119,0.956,1.309,1.119[0.956:1.309],0.162
5439,DNMBP.AS1,1.024,0.864,1.214,1.024[0.864:1.214],0.781
5440,NRP1,1.134,0.977,1.315,1.134[0.977:1.315],0.098
5441,GATA2.AS1,1.084,0.967,1.216,1.084[0.967:1.216],0.166
5442,TTC36.AS1,0.924,0.76,1.124,0.924[0.76:1.124],0.431
5443,LDHAL6A,1.11,0.939,1.311,1.11[0.939:1.311],0.221
5444,FRK,1.063,0.901,1.254,1.063[0.901:1.254],0.471
5445,SPAG9,1.008,0.835,1.217,1.008[0.835:1.217],0.934
5446,UBE2E2,1.13,0.972,1.314,1.13[0.972:1.314],0.112
5447,YPEL3,1.275,1.041,1.563,1.275[1.041:1.563],0.019
5448,SGK3,0.999,0.836,1.194,0.999[0.836:1.194],0.989
5449,MSN,1.112,0.942,1.313,1.112[0.942:1.313],0.211
5450,IKZF2,1.036,0.91,1.18,1.036[0.91:1.18],0.595
5451,PRECSIT,1.067,0.913,1.247,1.067[0.913:1.247],0.413
5452,ELAPOR2,1.054,0.962,1.155,1.054[0.962:1.155],0.257
5453,GLCCI1,1.099,0.922,1.309,1.099[0.922:1.309],0.291
5454,SNRPFP1,0.997,0.843,1.179,0.997[0.843:1.179],0.975
5455,CNTNAP1,1.097,0.95,1.266,1.097[0.95:1.266],0.209
5456,GPT2,1.065,0.88,1.29,1.065[0.88:1.29],0.517
5457,ERN2,1.074,0.917,1.257,1.074[0.917:1.257],0.377
5458,RHBG,1.116,0.968,1.286,1.116[0.968:1.286],0.131
5459,LRRN4,1.262,1.111,1.434,1.262[1.111:1.434],3.497022e-04
5460,ZNF239,1.18,0.991,1.405,1.18[0.991:1.405],0.062
5461,NHP2P1,0.877,0.741,1.037,0.877[0.741:1.037],0.126
5462,MIR223HG,0.945,0.843,1.059,0.945[0.843:1.059],0.33
5463,RPS6P25,0.99,0.845,1.161,0.99[0.845:1.161],0.902
5464,VGLL3,1.081,0.973,1.201,1.081[0.973:1.201],0.148
5465,RALGPS2,1.006,0.845,1.198,1.006[0.845:1.198],0.945
5466,GLYR1,1.067,0.876,1.298,1.067[0.876:1.298],0.52
5467,SLC22A11,0.976,0.904,1.053,0.976[0.904:1.053],0.528
5468,DNAH9,0.954,0.825,1.102,0.954[0.825:1.102],0.521
5469,FTH1P10,0.949,0.808,1.115,0.949[0.808:1.115],0.525
5470,CCDC50,1.133,0.92,1.396,1.133[0.92:1.396],0.24
5471,CD6,1.094,0.922,1.298,1.094[0.922:1.298],0.305
5472,FKBP2,1.11,0.917,1.343,1.11[0.917:1.343],0.284
5473,RPRM,1.06,0.945,1.189,1.06[0.945:1.189],0.32
5474,ZNF425,1.193,0.995,1.431,1.193[0.995:1.431],0.056
5475,LINC02958,0.959,0.807,1.139,0.959[0.807:1.139],0.632
5476,HOXA5,0.993,0.882,1.119,0.993[0.882:1.119],0.911
5477,RAB39A,1.028,0.911,1.16,1.028[0.911:1.16],0.652
5478,ARMCX2,1.143,0.989,1.321,1.143[0.989:1.321],0.07
5479,OTUB2,0.919,0.778,1.086,0.919[0.778:1.086],0.323
5480,LINC01504,1.115,0.953,1.305,1.115[0.953:1.305],0.174
5481,CACNA1I,1.033,0.92,1.16,1.033[0.92:1.16],0.58
5482,ZNF718,1.044,0.909,1.2,1.044[0.909:1.2],0.539
5483,EIF4G3,1.026,0.866,1.215,1.026[0.866:1.215],0.769
5484,COPZ2,1.12,0.952,1.318,1.12[0.952:1.318],0.171
5485,TNRC6B,1.051,0.876,1.26,1.051[0.876:1.26],0.595
5486,NECTIN4,1.004,0.869,1.161,1.004[0.869:1.161],0.953
5487,CSTL1,1.177,1.039,1.334,1.177[1.039:1.334],0.01
5488,ABCC6P1,0.996,0.878,1.131,0.996[0.878:1.131],0.951
5489,EN2,1.044,0.973,1.12,1.044[0.973:1.12],0.233
5490,KRT8P31,1.164,0.965,1.405,1.164[0.965:1.405],0.112
5491,REEP1,1.039,0.944,1.143,1.039[0.944:1.143],0.432
5492,TMEM97,1.073,0.884,1.302,1.073[0.884:1.302],0.477
5493,ECT2,1,0.849,1.179,1[0.849:1.179],0.996
5494,INSYN2A,1.055,0.905,1.229,1.055[0.905:1.229],0.494
5495,CACNA2D4,1.072,0.905,1.271,1.072[0.905:1.271],0.42
5496,C1R,1.104,0.952,1.28,1.104[0.952:1.28],0.19
5497,SOX4,1.056,0.881,1.266,1.056[0.881:1.266],0.554
5498,ASGR2,1.112,0.945,1.308,1.112[0.945:1.308],0.201
5499,NBEAP2,1.097,0.934,1.288,1.097[0.934:1.288],0.259
5500,PLBD1.AS1,1.035,0.89,1.203,1.035[0.89:1.203],0.659
5501,HIVEP3,1.029,0.87,1.216,1.029[0.87:1.216],0.742
5502,ARL4A,1.037,0.882,1.221,1.037[0.882:1.221],0.658
5503,HIPK3,1.118,0.924,1.353,1.118[0.924:1.353],0.252
5504,MAP9,1.031,0.932,1.14,1.031[0.932:1.14],0.557
5505,GUCY1A1,1.03,0.909,1.166,1.03[0.909:1.166],0.644
5506,C2CD5,1.045,0.874,1.249,1.045[0.874:1.249],0.627
5507,RNASE4,0.976,0.843,1.13,0.976[0.843:1.13],0.744
5508,APOB,1.004,0.921,1.093,1.004[0.921:1.093],0.935
5509,ITGA6.AS1,1.175,1.012,1.364,1.175[1.012:1.364],0.034
5510,PKIA,0.953,0.859,1.057,0.953[0.859:1.057],0.36
5511,NT5C1B,1.052,0.887,1.247,1.052[0.887:1.247],0.56
5512,RAB3A,1.167,0.981,1.389,1.167[0.981:1.389],0.081
5513,ADRA1D,1.065,0.927,1.224,1.065[0.927:1.224],0.372
5514,ZNF274,1.092,0.908,1.312,1.092[0.908:1.312],0.351
5515,CDON,1.151,0.98,1.352,1.151[0.98:1.352],0.087
5516,ATG2B,1.036,0.863,1.243,1.036[0.863:1.243],0.707
5517,SERTAD2,1.229,1.001,1.509,1.229[1.001:1.509],0.048
5518,CDKN2A,1.2,1.071,1.344,1.2[1.071:1.344],0.002
5519,ODAD2,1.126,0.988,1.283,1.126[0.988:1.283],0.074
5520,LINC00578,1.055,0.932,1.193,1.055[0.932:1.193],0.396
5521,STAG1,1.06,0.876,1.281,1.06[0.876:1.281],0.55
5522,GOLGA7B,1.151,1.005,1.317,1.151[1.005:1.317],0.042
5523,HABP2,1.02,0.946,1.099,1.02[0.946:1.099],0.609
5524,ALDH1L1,0.984,0.91,1.064,0.984[0.91:1.064],0.691
5525,BSN,1.098,0.953,1.264,1.098[0.953:1.264],0.197
5526,KRT18P34,1.025,0.857,1.225,1.025[0.857:1.225],0.789
5527,LINC01679,1.068,0.908,1.256,1.068[0.908:1.256],0.428
5528,CHD3,1.245,1.025,1.512,1.245[1.025:1.512],0.027
5529,ARC,1.142,1.026,1.27,1.142[1.026:1.27],0.015
5530,DHFR2,1.037,0.871,1.233,1.037[0.871:1.233],0.684
5531,SERPINF1,1.105,0.951,1.283,1.105[0.951:1.283],0.193
5532,TMEM147.AS1,1.189,0.986,1.432,1.189[0.986:1.432],0.07
5533,PAXIP1.AS2,1.148,0.944,1.395,1.148[0.944:1.395],0.167
5534,PHLDA2,1.167,0.956,1.425,1.167[0.956:1.425],0.13
5535,IL12A.AS1,1.028,0.876,1.206,1.028[0.876:1.206],0.734
5536,CXCL17,1.014,0.936,1.099,1.014[0.936:1.099],0.728
5537,C22orf23,1.113,0.952,1.302,1.113[0.952:1.302],0.18
5538,HOXA6,1.023,0.918,1.139,1.023[0.918:1.139],0.684
5539,PDCD5P1,0.94,0.783,1.129,0.94[0.783:1.129],0.508
5540,SLC11A1,1.165,1.026,1.323,1.165[1.026:1.323],0.018
5541,TRIM15,1.031,0.847,1.254,1.031[0.847:1.254],0.761
5542,RIMBP3,1.077,0.924,1.255,1.077[0.924:1.255],0.343
5543,SNORD46,1.16,0.97,1.387,1.16[0.97:1.387],0.104
5544,SNAI2,1.03,0.878,1.209,1.03[0.878:1.209],0.716
5545,BEX2,1.047,0.965,1.135,1.047[0.965:1.135],0.271
5546,SNX13,1.072,0.89,1.292,1.072[0.89:1.292],0.464
5547,RAB3IL1,1.234,1.048,1.454,1.234[1.048:1.454],0.012
5548,LINC01124,0.989,0.875,1.119,0.989[0.875:1.119],0.862
5549,ATP5F1EP2,0.967,0.8,1.169,0.967[0.8:1.169],0.731
5550,HLA.B,1.04,0.87,1.243,1.04[0.87:1.243],0.667
5551,SERPING1,1.119,0.976,1.283,1.119[0.976:1.283],0.108
5552,TTBK2,1.113,0.947,1.309,1.113[0.947:1.309],0.195
5553,MT.TT,0.931,0.821,1.056,0.931[0.821:1.056],0.267
5554,AKAP1.DT,1.053,0.889,1.246,1.053[0.889:1.246],0.552
5555,CYP2F2P,1.146,0.943,1.393,1.146[0.943:1.393],0.17
5556,ELL2,0.974,0.814,1.165,0.974[0.814:1.165],0.773
5557,LIMD2,1.106,0.919,1.332,1.106[0.919:1.332],0.286
5558,GNA14,1.125,0.962,1.316,1.125[0.962:1.316],0.14
5559,JPH1,1.064,0.886,1.279,1.064[0.886:1.279],0.507
5560,ZDHHC21,1.008,0.851,1.194,1.008[0.851:1.194],0.926
5561,CDK14,1.082,0.946,1.237,1.082[0.946:1.237],0.252
5562,PLXDC2,1.054,0.928,1.198,1.054[0.928:1.198],0.419
5563,SEMA3B.AS1,1.042,0.881,1.231,1.042[0.881:1.231],0.633
5564,RASD1,0.949,0.839,1.074,0.949[0.839:1.074],0.409
5565,CYP2D8P,1.119,0.959,1.306,1.119[0.959:1.306],0.155
5566,EXO1,1.056,0.878,1.271,1.056[0.878:1.271],0.562
5567,TFPI,1.068,0.926,1.231,1.068[0.926:1.231],0.369
5568,LBX2,1.374,1.137,1.662,1.374[1.137:1.662],0.001
5569,NDUFA5,1.028,0.875,1.209,1.028[0.875:1.209],0.734
5570,LINC02701,0.974,0.842,1.126,0.974[0.842:1.126],0.72
5571,GRIP1,1.099,0.971,1.244,1.099[0.971:1.244],0.137
5572,DMRT3,1.065,0.955,1.189,1.065[0.955:1.189],0.257
5573,SLC24A3,1.046,0.914,1.198,1.046[0.914:1.198],0.513
5574,BORCS7,1.072,0.891,1.289,1.072[0.891:1.289],0.462
5575,CD300C,1.053,0.894,1.241,1.053[0.894:1.241],0.535
5576,ENKUR,0.972,0.832,1.136,0.972[0.832:1.136],0.72
5577,MEDAG,1.042,0.926,1.172,1.042[0.926:1.172],0.497
5578,CTTNBP2NL,0.989,0.815,1.201,0.989[0.815:1.201],0.914
5579,HCG27,1.188,1.013,1.392,1.188[1.013:1.392],0.034
5580,ATP5ME,0.996,0.842,1.178,0.996[0.842:1.178],0.962
5581,OR2A1.AS1,1.025,0.901,1.166,1.025[0.901:1.166],0.703
5582,FTH1P16,1.058,0.871,1.286,1.058[0.871:1.286],0.571
5583,ACBD7,1.156,0.995,1.344,1.156[0.995:1.344],0.058
5584,ADGRE4P,1.019,0.894,1.162,1.019[0.894:1.162],0.774
5585,PRADC1P1,0.927,0.8,1.073,0.927[0.8:1.073],0.309
5586,CABP1.DT,1.165,1.031,1.316,1.165[1.031:1.316],0.015
5587,FBXO48,1.084,0.905,1.3,1.084[0.905:1.3],0.38
5588,PLCXD2,1.094,0.926,1.293,1.094[0.926:1.293],0.291
5589,TMEM40,1.116,1.002,1.243,1.116[1.002:1.243],0.046
5590,ERBB2,1.089,0.917,1.293,1.089[0.917:1.293],0.329
5591,MT.CO3,1.084,0.903,1.303,1.084[0.903:1.303],0.386
5592,GJA5,1.084,0.94,1.251,1.084[0.94:1.251],0.267
5593,RAPH1,1.035,0.859,1.246,1.035[0.859:1.246],0.721
5594,GLDC,0.987,0.891,1.093,0.987[0.891:1.093],0.8
5595,TRIM7.AS2,1.018,0.858,1.207,1.018[0.858:1.207],0.841
5596,DOK6,1.021,0.887,1.176,1.021[0.887:1.176],0.771
5597,FPR3,1.033,0.912,1.17,1.033[0.912:1.17],0.609
5598,DDT,1.035,0.903,1.186,1.035[0.903:1.186],0.62
5599,TIAM1.AS1,1.096,0.993,1.209,1.096[0.993:1.209],0.069
5600,RAB32,0.959,0.807,1.139,0.959[0.807:1.139],0.63
5601,SLC35D3,1.007,0.929,1.09,1.007[0.929:1.09],0.87
5602,SLA,1.015,0.88,1.17,1.015[0.88:1.17],0.841
5603,ATP5MC1P4,1.204,1.004,1.443,1.204[1.004:1.443],0.045
5604,NCOA2,1.087,0.901,1.312,1.087[0.901:1.312],0.382
5605,DBT,1.021,0.85,1.226,1.021[0.85:1.226],0.825
5606,RAD54B,1.043,0.892,1.221,1.043[0.892:1.221],0.595
5607,LHFPL6,1.163,0.989,1.368,1.163[0.989:1.368],0.068
5608,NGEF,1.08,0.898,1.3,1.08[0.898:1.3],0.413
5609,BGLAP,1.264,1.075,1.487,1.264[1.075:1.487],0.005
5610,NAGS,1.078,0.921,1.262,1.078[0.921:1.262],0.351
5611,KRT8P42,1.005,0.884,1.141,1.005[0.884:1.141],0.945
5612,TRAV8.3,0.961,0.821,1.125,0.961[0.821:1.125],0.624
5613,SLC16A5,1.108,0.916,1.34,1.108[0.916:1.34],0.29
5614,ARX,1.022,0.929,1.124,1.022[0.929:1.124],0.66
5615,STX5.DT,1.214,0.996,1.481,1.214[0.996:1.481],0.055
5616,PRDM6.AS1,1.107,0.965,1.27,1.107[0.965:1.27],0.147
5617,DIAPH3,0.983,0.826,1.169,0.983[0.826:1.169],0.844
5618,TCL6,1.063,0.959,1.179,1.063[0.959:1.179],0.243
5619,GALNT1,0.971,0.815,1.155,0.971[0.815:1.155],0.737
5620,ALOX12,1.338,1.097,1.633,1.338[1.097:1.633],0.004
5621,HSPD1P5,0.907,0.765,1.074,0.907[0.765:1.074],0.257
5622,SOWAHC,1.06,0.877,1.281,1.06[0.877:1.281],0.547
5623,FRG1BP,1.108,0.979,1.254,1.108[0.979:1.254],0.105
5624,AGMO,1.124,1.016,1.244,1.124[1.016:1.244],0.023
5625,MIR4458HG,0.974,0.862,1.1,0.974[0.862:1.1],0.668
5626,TTC39A.AS1,0.93,0.798,1.084,0.93[0.798:1.084],0.352
5627,LTF,0.964,0.852,1.091,0.964[0.852:1.091],0.563
5628,MAP3K2,1.072,0.89,1.29,1.072[0.89:1.29],0.463
5629,SYT9.AS1,1.086,0.945,1.248,1.086[0.945:1.248],0.243
5630,ELF5,1.037,0.974,1.103,1.037[0.974:1.103],0.255
5631,CDCA7,1.018,0.853,1.215,1.018[0.853:1.215],0.842
5632,PDLIM4,1.123,0.964,1.309,1.123[0.964:1.309],0.137
5633,COL13A1,1.063,0.916,1.233,1.063[0.916:1.233],0.422
5634,PRKAR2A.AS1,1.04,0.858,1.261,1.04[0.858:1.261],0.691
5635,ALOXE3,1.161,1.034,1.305,1.161[1.034:1.305],0.012
5636,FAM13A,1.063,0.914,1.235,1.063[0.914:1.235],0.428
5637,FOXA1,1.022,0.912,1.145,1.022[0.912:1.145],0.705
5638,OMP,1.043,0.886,1.227,1.043[0.886:1.227],0.615
5639,LINC02145,1.195,1.029,1.387,1.195[1.029:1.387],0.019
5640,RGS7BP,1.047,0.934,1.174,1.047[0.934:1.174],0.431
5641,LINC00674,1.021,0.85,1.226,1.021[0.85:1.226],0.826
5642,TCEA2,1.134,0.975,1.32,1.134[0.975:1.32],0.102
5643,RNF212B,0.945,0.791,1.13,0.945[0.791:1.13],0.537
5644,LINC01612,1.003,0.917,1.096,1.003[0.917:1.096],0.955
5645,SAPCD1,1.18,1.022,1.363,1.18[1.022:1.363],0.024
5646,MIR3677HG,1.171,0.96,1.428,1.171[0.96:1.428],0.119
5647,ATP6V0C,1.084,0.924,1.272,1.084[0.924:1.272],0.324
5648,FCGR2C,1.102,0.98,1.239,1.102[0.98:1.239],0.103
5649,FOXN1,0.916,0.814,1.032,0.916[0.814:1.032],0.148
5650,SV2C,1.002,0.909,1.105,1.002[0.909:1.105],0.965
5651,MDP1,1.083,0.907,1.293,1.083[0.907:1.293],0.38
5652,GSDMA,0.975,0.867,1.097,0.975[0.867:1.097],0.675
5653,DUBR,1.166,0.999,1.36,1.166[0.999:1.36],0.051
5654,ZNF44,1.061,0.875,1.286,1.061[0.875:1.286],0.545
5655,TCIM,0.93,0.82,1.055,0.93[0.82:1.055],0.263
5656,TJP1,1.137,0.931,1.389,1.137[0.931:1.389],0.207
5657,PRKAB2,1.143,0.936,1.396,1.143[0.936:1.396],0.189
5658,PRKCH,1.116,0.931,1.339,1.116[0.931:1.339],0.235
5659,CEBPA,0.914,0.772,1.082,0.914[0.772:1.082],0.297
5660,ZDHHC23,1.05,0.865,1.274,1.05[0.865:1.274],0.625
5661,ZNF264,1.016,0.888,1.163,1.016[0.888:1.163],0.812
5662,SCDP1,0.953,0.813,1.117,0.953[0.813:1.117],0.552
5663,BCAP29,0.998,0.819,1.215,0.998[0.819:1.215],0.982
5664,TRAM1L1,1.017,0.889,1.163,1.017[0.889:1.163],0.809
5665,RPS19P1,0.998,0.887,1.123,0.998[0.887:1.123],0.973
5666,EEIG2,0.971,0.81,1.163,0.971[0.81:1.163],0.746
5667,ROBO3,1.213,1.031,1.427,1.213[1.031:1.427],0.02
5668,HOXD10,1.098,1.003,1.202,1.098[1.003:1.202],0.043
5669,PLEKHA8P1,1.212,1.006,1.459,1.212[1.006:1.459],0.043
5670,ARHGAP21,1.105,0.925,1.32,1.105[0.925:1.32],0.271
5671,RPL34.DT,1.042,0.888,1.223,1.042[0.888:1.223],0.612
5672,SLC10A5,1.104,0.944,1.291,1.104[0.944:1.291],0.217
5673,HOXA.AS3,0.987,0.884,1.103,0.987[0.884:1.103],0.823
5674,TRBV11.2,0.98,0.84,1.143,0.98[0.84:1.143],0.796
5675,HS6ST1,1.101,0.917,1.322,1.101[0.917:1.322],0.3
5676,AFF4,1.024,0.859,1.22,1.024[0.859:1.22],0.791
5677,THEMIS2,1.055,0.89,1.25,1.055[0.89:1.25],0.539
5678,ADAL,1.109,0.925,1.33,1.109[0.925:1.33],0.264
5679,SAMHD1,1.026,0.849,1.239,1.026[0.849:1.239],0.794
5680,GSDMB,1.047,0.892,1.23,1.047[0.892:1.23],0.572
5681,GSTM3,1.021,0.915,1.138,1.021[0.915:1.138],0.714
5682,PKD2L1,1.176,1.008,1.372,1.176[1.008:1.372],0.039
5683,SLC12A3,1.078,0.91,1.276,1.078[0.91:1.276],0.386
5684,NDUFV2P1,0.952,0.813,1.116,0.952[0.813:1.116],0.546
5685,LRP12,0.988,0.854,1.144,0.988[0.854:1.144],0.876
5686,ERCC6L,1.037,0.876,1.227,1.037[0.876:1.227],0.673
5687,TSSK4,1.157,0.976,1.371,1.157[0.976:1.371],0.093
5688,SCAND3,1.035,0.96,1.115,1.035[0.96:1.115],0.374
5689,RTL8C,1.237,1.04,1.472,1.237[1.04:1.472],0.016
5690,HLA.DRB1,1.022,0.893,1.17,1.022[0.893:1.17],0.75
5691,REEP3,0.984,0.826,1.174,0.984[0.826:1.174],0.862
5692,CLEC12A,0.993,0.889,1.11,0.993[0.889:1.11],0.908
5693,GLIS3,1.043,0.922,1.179,1.043[0.922:1.179],0.504
5694,ZNF843,1.148,0.965,1.365,1.148[0.965:1.365],0.119
5695,RAB12,1.081,0.889,1.315,1.081[0.889:1.315],0.435
5696,CD86,1.023,0.894,1.172,1.023[0.894:1.172],0.739
5697,ARHGEF12,1.054,0.874,1.27,1.054[0.874:1.27],0.584
5698,FAM21FP,1.176,0.97,1.425,1.176[0.97:1.425],0.1
5699,AP1S2,1.059,0.89,1.261,1.059[0.89:1.261],0.517
5700,SORL1.AS1,1.047,0.893,1.229,1.047[0.893:1.229],0.569
5701,NTS,1.014,0.936,1.099,1.014[0.936:1.099],0.728
5702,CENPA,0.998,0.825,1.208,0.998[0.825:1.208],0.985
5703,EDEM3,1.009,0.859,1.185,1.009[0.859:1.185],0.911
5704,ACP5,1.026,0.87,1.209,1.026[0.87:1.209],0.764
5705,TSPAN32,1.06,0.942,1.193,1.06[0.942:1.193],0.335
5706,GRK5,1.047,0.868,1.263,1.047[0.868:1.263],0.632
5707,RNF144B,1.04,0.876,1.235,1.04[0.876:1.235],0.654
5708,SH3D19,0.947,0.796,1.126,0.947[0.796:1.126],0.536
5709,SDC2,1.07,0.913,1.255,1.07[0.913:1.255],0.404
5710,SCYL2,1.019,0.849,1.223,1.019[0.849:1.223],0.84
5711,GSTM1,1.116,1.036,1.202,1.116[1.036:1.202],0.004
5712,CEP55,1.012,0.853,1.2,1.012[0.853:1.2],0.892
5713,TMEM119,1.015,0.881,1.17,1.015[0.881:1.17],0.836
5714,LASP1NB,1.148,0.96,1.375,1.148[0.96:1.375],0.131
5715,PTBP2,1.075,0.904,1.279,1.075[0.904:1.279],0.414
5716,LINC01269,1.092,0.958,1.244,1.092[0.958:1.244],0.187
5717,TIGD7,1.154,0.989,1.346,1.154[0.989:1.346],0.069
5718,RAB8B,1.056,0.892,1.249,1.056[0.892:1.249],0.529
5719,AKAP3,1.002,0.869,1.155,1.002[0.869:1.155],0.981
5720,RPGRIP1,1.051,0.883,1.252,1.051[0.883:1.252],0.574
5721,RTEL1.TNFRSF6B,1.137,0.966,1.338,1.137[0.966:1.338],0.122
5722,MYADM,1.118,0.946,1.322,1.118[0.946:1.322],0.19
5723,ITGAM,1.058,0.94,1.19,1.058[0.94:1.19],0.351
5724,TRIM80P,1.071,0.897,1.278,1.071[0.897:1.278],0.448
5725,POLR3GL,1.106,0.918,1.331,1.106[0.918:1.331],0.289
5726,AS3MT,1.095,0.944,1.272,1.095[0.944:1.272],0.231
5727,ST3GAL5,1.028,0.874,1.208,1.028[0.874:1.208],0.741
5728,NXN,1.13,0.984,1.297,1.13[0.984:1.297],0.084
5729,PARD3B,1.05,0.893,1.236,1.05[0.893:1.236],0.554
5730,DUXAP10,1.178,1.068,1.299,1.178[1.068:1.299],0.001
5731,CCDC150,1.085,0.934,1.26,1.085[0.934:1.26],0.287
5732,FAM193B.DT,0.949,0.79,1.139,0.949[0.79:1.139],0.571
5733,KRT8P8,1.008,0.871,1.167,1.008[0.871:1.167],0.917
5734,PCDHA7,1.088,0.937,1.264,1.088[0.937:1.264],0.268
5735,DIPK2B,1.145,0.973,1.346,1.145[0.973:1.346],0.102
5736,RAB27B,1.01,0.909,1.122,1.01[0.909:1.122],0.858
5737,HNRNPUP1,0.961,0.821,1.123,0.961[0.821:1.123],0.614
5738,CMKLR2,1.031,0.913,1.165,1.031[0.913:1.165],0.625
5739,RASGRP1,1.021,0.893,1.167,1.021[0.893:1.167],0.76
5740,SEMA6C,1.276,1.065,1.529,1.276[1.065:1.529],0.008
5741,MERTK,1.089,0.931,1.273,1.089[0.931:1.273],0.285
5742,RENBP,1.101,0.948,1.278,1.101[0.948:1.278],0.206
5743,NUF2,1.027,0.874,1.207,1.027[0.874:1.207],0.744
5744,CIBAR1P1,0.916,0.788,1.065,0.916[0.788:1.065],0.254
5745,ZNF701,1.018,0.88,1.178,1.018[0.88:1.178],0.807
5746,MORF4L1P1,1.041,0.877,1.236,1.041[0.877:1.236],0.645
5747,ZNF91,0.999,0.851,1.173,0.999[0.851:1.173],0.987
5748,DNAJB14,1.017,0.858,1.205,1.017[0.858:1.205],0.848
5749,SATB1,1.066,0.933,1.217,1.066[0.933:1.217],0.349
5750,SEPTIN7.DT,1.274,1.073,1.513,1.274[1.073:1.513],0.006
5751,TMEM167B.DT,1.036,0.885,1.214,1.036[0.885:1.214],0.658
5752,AGXT,0.975,0.876,1.085,0.975[0.876:1.085],0.642
5753,CPNE6,1.025,0.924,1.135,1.025[0.924:1.135],0.644
5754,ZNF404,1.073,0.933,1.233,1.073[0.933:1.233],0.322
5755,UBQLNL,1.334,1.129,1.576,1.334[1.129:1.576],7.259869e-04
5756,TNFSF15,1.04,0.869,1.245,1.04[0.869:1.245],0.666
5757,RNF32.AS1,1.088,0.935,1.267,1.088[0.935:1.267],0.275
5758,PPM1K,1.102,0.92,1.319,1.102[0.92:1.319],0.292
5759,TMEM35B,1.092,0.939,1.271,1.092[0.939:1.271],0.254
5760,DOCK4,1.019,0.878,1.183,1.019[0.878:1.183],0.8
5761,CCR1,1.024,0.894,1.173,1.024[0.894:1.173],0.727
5762,C5orf34,1.081,0.893,1.309,1.081[0.893:1.309],0.422
5763,HDX,0.955,0.847,1.076,0.955[0.847:1.076],0.446
5764,RNF175,1.036,0.898,1.196,1.036[0.898:1.196],0.628
5765,LINC02446,1.027,0.922,1.144,1.027[0.922:1.144],0.63
5766,SORCS2,0.98,0.858,1.119,0.98[0.858:1.119],0.766
5767,NOSTRIN,1.027,0.862,1.224,1.027[0.862:1.224],0.764
5768,HNMT,1.021,0.848,1.23,1.021[0.848:1.23],0.826
5769,LINC02893,1.015,0.917,1.123,1.015[0.917:1.123],0.779
5770,FER1L4,1.078,0.967,1.203,1.078[0.967:1.203],0.174
5771,PDGFA,1.14,0.959,1.357,1.14[0.959:1.357],0.138
5772,ABCB4,1.04,0.901,1.2,1.04[0.901:1.2],0.594
5773,LNCOG,1.178,0.996,1.394,1.178[0.996:1.394],0.056
5774,KATNAL1,1.076,0.916,1.265,1.076[0.916:1.265],0.373
5775,SLIT1,1.127,1.011,1.257,1.127[1.011:1.257],0.031
5776,ZNF570,1.018,0.9,1.15,1.018[0.9:1.15],0.781
5777,TRAV9.2,1.004,0.853,1.181,1.004[0.853:1.181],0.962
5778,ARFIP1,0.961,0.805,1.148,0.961[0.805:1.148],0.664
5779,ZAP70,1.072,0.921,1.247,1.072[0.921:1.247],0.369
5780,TNIK,1.097,0.95,1.266,1.097[0.95:1.266],0.205
5781,DPYSL3,1.066,0.936,1.214,1.066[0.936:1.214],0.333
5782,LMO4,1.12,0.931,1.348,1.12[0.931:1.348],0.228
5783,SMAD9,1.008,0.891,1.141,1.008[0.891:1.141],0.895
5784,SBDS,1.059,0.872,1.286,1.059[0.872:1.286],0.563
5785,LRP1,1.051,0.894,1.236,1.051[0.894:1.236],0.548
5786,ZNF470.DT,1.049,0.922,1.193,1.049[0.922:1.193],0.47
5787,ATP1B3.AS1,1.061,0.917,1.228,1.061[0.917:1.228],0.425
5788,UGT2B7,0.882,0.796,0.977,0.882[0.796:0.977],0.016
5789,KCNQ2,1.24,1.128,1.364,1.24[1.128:1.364],9.021145e-06
5790,TRIM6,1.128,0.976,1.302,1.128[0.976:1.302],0.102
5791,PDCD6IP.DT,1,0.833,1.201,1[0.833:1.201],0.998
5792,INTS6L,1.083,0.93,1.262,1.083[0.93:1.262],0.305
5793,LINC01315,0.978,0.829,1.153,0.978[0.829:1.153],0.791
5794,MYH14,1.075,0.893,1.295,1.075[0.893:1.295],0.445
5795,MTND4P20,0.964,0.858,1.083,0.964[0.858:1.083],0.533
5796,SP110,1.033,0.878,1.215,1.033[0.878:1.215],0.698
5797,CPXM1,1.047,0.899,1.22,1.047[0.899:1.22],0.556
5798,TTC33,1.015,0.858,1.2,1.015[0.858:1.2],0.866
5799,TLK1,1.106,0.908,1.348,1.106[0.908:1.348],0.315
5800,CD24P4,0.849,0.727,0.991,0.849[0.727:0.991],0.038
5801,KLRD1,0.965,0.862,1.079,0.965[0.862:1.079],0.53
5802,ARRDC5,1.095,0.918,1.305,1.095[0.918:1.305],0.313
5803,SLFN11,1.095,0.952,1.26,1.095[0.952:1.26],0.202
5804,ADRA2B,1.298,1.07,1.575,1.298[1.07:1.575],0.008
5805,STK33,1.092,1.003,1.188,1.092[1.003:1.188],0.043
5806,SGCD,1.032,0.917,1.161,1.032[0.917:1.161],0.599
5807,BAZ1A.AS1,1.063,0.891,1.268,1.063[0.891:1.268],0.498
5808,SLC16A14,0.952,0.819,1.108,0.952[0.819:1.108],0.527
5809,SNTA1,1.152,0.956,1.388,1.152[0.956:1.388],0.138
5810,ABAT,0.981,0.864,1.113,0.981[0.864:1.113],0.762
5811,DSG2.AS1,1.136,0.939,1.373,1.136[0.939:1.373],0.189
5812,SNED1,1.08,0.926,1.26,1.08[0.926:1.26],0.327
5813,ZNF595,1.052,0.939,1.177,1.052[0.939:1.177],0.383
5814,BTBD3.AS1,1.101,0.958,1.265,1.101[0.958:1.265],0.174
5815,HLA.DMA,1.072,0.922,1.246,1.072[0.922:1.246],0.369
5816,C3,1.063,0.957,1.181,1.063[0.957:1.181],0.254
5817,SNORD104,1.096,0.916,1.311,1.096[0.916:1.311],0.317
5818,CYCSP45,0.992,0.83,1.186,0.992[0.83:1.186],0.928
5819,TREM1,1.004,0.908,1.111,1.004[0.908:1.111],0.937
5820,TRAV22,0.912,0.76,1.095,0.912[0.76:1.095],0.323
5821,ZNF233,0.991,0.848,1.158,0.991[0.848:1.158],0.91
5822,CLCNKA,1.069,0.909,1.258,1.069[0.909:1.258],0.418
5823,KRT8P20,1.023,0.848,1.234,1.023[0.848:1.234],0.812
5824,ECE1.AS1,1.019,0.864,1.201,1.019[0.864:1.201],0.825
5825,PPP1R12A,1.072,0.89,1.292,1.072[0.89:1.292],0.464
5826,PDCD1LG2,0.986,0.872,1.114,0.986[0.872:1.114],0.816
5827,SIRPB2,1.077,0.944,1.227,1.077[0.944:1.227],0.27
5828,A4GALT,1.147,0.991,1.328,1.147[0.991:1.328],0.066
5829,LINC00926,1.152,0.959,1.383,1.152[0.959:1.383],0.131
5830,TRIM67,1.257,1.051,1.505,1.257[1.051:1.505],0.012
5831,RAPGEF2,0.996,0.836,1.188,0.996[0.836:1.188],0.968
5832,KBTBD11.AS1,0.908,0.784,1.05,0.908[0.784:1.05],0.193
5833,CTSL,1.154,0.972,1.371,1.154[0.972:1.371],0.101
5834,FAM229B,1.061,0.892,1.261,1.061[0.892:1.261],0.503
5835,KREMEN2,1.265,1.079,1.483,1.265[1.079:1.483],0.004
5836,PRR34.AS1,1.158,0.952,1.408,1.158[0.952:1.408],0.142
5837,SNORA71B,1.057,0.91,1.227,1.057[0.91:1.227],0.471
5838,CLIC4,1.056,0.905,1.232,1.056[0.905:1.232],0.492
5839,SMARCA1,1.054,0.929,1.196,1.054[0.929:1.196],0.414
5840,CCDC110,1.051,0.941,1.173,1.051[0.941:1.173],0.38
5841,PPP1R3B,1.06,0.886,1.269,1.06[0.886:1.269],0.521
5842,SLC35F5,0.993,0.823,1.198,0.993[0.823:1.198],0.944
5843,PWWP3B,1.046,0.952,1.148,1.046[0.952:1.148],0.35
5844,MTCO1P2,0.962,0.826,1.121,0.962[0.826:1.121],0.623
5845,HES6,1.057,0.888,1.258,1.057[0.888:1.258],0.535
5846,BEND3P3,1.053,0.916,1.209,1.053[0.916:1.209],0.469
5847,TRBV20.1,0.942,0.822,1.08,0.942[0.822:1.08],0.391
5848,IL2RG,0.977,0.843,1.131,0.977[0.843:1.131],0.752
5849,RNF217.AS1,1.11,0.979,1.26,1.11[0.979:1.26],0.104
5850,MIGA1,1.009,0.854,1.193,1.009[0.854:1.193],0.912
5851,CCL2,1.042,0.91,1.194,1.042[0.91:1.194],0.548
5852,IL12RB1,1.02,0.881,1.181,1.02[0.881:1.181],0.791
5853,POLRMTP1,0.984,0.835,1.159,0.984[0.835:1.159],0.845
5854,RXFP4,1.036,0.91,1.179,1.036[0.91:1.179],0.591
5855,PCDHA10,1.101,0.979,1.237,1.101[0.979:1.237],0.108
5856,MT.ND3,1.066,0.893,1.273,1.066[0.893:1.273],0.477
5857,LRRC70,1.067,0.913,1.248,1.067[0.913:1.248],0.415
5858,ATP10B,0.94,0.82,1.078,0.94[0.82:1.078],0.375
5859,KCNJ10,1.122,0.98,1.284,1.122[0.98:1.284],0.095
5860,LCP2,0.988,0.851,1.147,0.988[0.851:1.147],0.875
5861,LINC01929,1.039,0.91,1.186,1.039[0.91:1.186],0.573
5862,ROCK1,1.075,0.914,1.265,1.075[0.914:1.265],0.383
5863,ZNF90,1.036,0.936,1.146,1.036[0.936:1.146],0.498
5864,CRMP1,1.17,0.986,1.388,1.17[0.986:1.388],0.073
5865,INMT,1.119,0.941,1.331,1.119[0.941:1.331],0.205
5866,F2,0.932,0.836,1.039,0.932[0.836:1.039],0.203
5867,ZNF613,0.979,0.822,1.167,0.979[0.822:1.167],0.816
5868,ASGR1,0.991,0.871,1.129,0.991[0.871:1.129],0.897
5869,KRT8P9,1.014,0.856,1.201,1.014[0.856:1.201],0.871
5870,USP8,1.11,0.915,1.346,1.11[0.915:1.346],0.292
5871,ETFRF1,1.074,0.904,1.276,1.074[0.904:1.276],0.414
5872,SLC66A1L,1.078,0.97,1.198,1.078[0.97:1.198],0.165
5873,NUPR1,1.114,0.979,1.268,1.114[0.979:1.268],0.1
5874,ZFP36,1.079,0.907,1.283,1.079[0.907:1.283],0.39
5875,SLC6A12,1.021,0.896,1.164,1.021[0.896:1.164],0.754
5876,PDE2A.AS2,1.15,0.974,1.357,1.15[0.974:1.357],0.099
5877,RND3,1.045,0.871,1.254,1.045[0.871:1.254],0.636
5878,ZNF285,1.034,0.941,1.137,1.034[0.941:1.137],0.484
5879,TGOLN2,1.049,0.871,1.263,1.049[0.871:1.263],0.614
5880,RYKP1,0.954,0.815,1.116,0.954[0.815:1.116],0.555
5881,ZNF654,1.038,0.879,1.225,1.038[0.879:1.225],0.659
5882,RPL37P2,1.021,0.869,1.199,1.021[0.869:1.199],0.804
5883,KRT8P11,1.016,0.922,1.12,1.016[0.922:1.12],0.744
5884,TMEM217,1.132,0.944,1.358,1.132[0.944:1.358],0.182
5885,CCDC113,0.966,0.816,1.143,0.966[0.816:1.143],0.686
5886,C21orf62.AS1,1.119,0.961,1.303,1.119[0.961:1.303],0.147
5887,AXIN2,0.927,0.823,1.045,0.927[0.823:1.045],0.215
5888,ZNF442,0.962,0.805,1.149,0.962[0.805:1.149],0.668
5889,MSH5,1.13,0.971,1.316,1.13[0.971:1.316],0.114
5890,MAML2,1.091,0.923,1.291,1.091[0.923:1.291],0.306
5891,IFITM1,0.978,0.83,1.152,0.978[0.83:1.152],0.787
5892,ELN.AS1,0.988,0.867,1.125,0.988[0.867:1.125],0.854
5893,TMEM131L,1.105,0.923,1.323,1.105[0.923:1.323],0.279
5894,SMC5.DT,1.213,1.01,1.457,1.213[1.01:1.457],0.038
5895,RAB11FIP1,0.968,0.829,1.129,0.968[0.829:1.129],0.675
5896,FCN3,1.197,0.986,1.452,1.197[0.986:1.452],0.069
5897,LONRF3,1.039,0.871,1.24,1.039[0.871:1.24],0.67
5898,TFAP2E.AS1,1.127,0.941,1.351,1.127[0.941:1.351],0.195
5899,HEG1,1.064,0.926,1.222,1.064[0.926:1.222],0.381
5900,PDE8B,1.134,0.943,1.365,1.134[0.943:1.365],0.181
5901,ABCA3P1,1.032,0.888,1.2,1.032[0.888:1.2],0.68
5902,DAAM1,1.101,0.933,1.299,1.101[0.933:1.299],0.255
5903,PATL2,1.211,1.031,1.424,1.211[1.031:1.424],0.02
5904,IL27,1.162,0.982,1.376,1.162[0.982:1.376],0.081
5905,CCDC88A,1.082,0.949,1.233,1.082[0.949:1.233],0.24
5906,FCAMR,1.041,0.918,1.181,1.041[0.918:1.181],0.527
5907,PPFIA2,1.087,0.963,1.226,1.087[0.963:1.226],0.176
5908,SIGLEC9,1.043,0.906,1.201,1.043[0.906:1.201],0.557
5909,SQLE,0.994,0.852,1.159,0.994[0.852:1.159],0.934
5910,LY6D,0.948,0.868,1.035,0.948[0.868:1.035],0.234
5911,LASTR,1.294,1.113,1.504,1.294[1.113:1.504],7.79224e-04
5912,NMNAT2,0.994,0.899,1.1,0.994[0.899:1.1],0.913
5913,LINC01942,1.068,0.919,1.242,1.068[0.919:1.242],0.391
5914,CABP1,1.209,1.05,1.392,1.209[1.05:1.392],0.008
5915,BAIAP3,1.157,1.008,1.328,1.157[1.008:1.328],0.038
5916,SLC28A2.AS1,1.002,0.845,1.187,1.002[0.845:1.187],0.984
5917,FZD7,1.209,1.039,1.407,1.209[1.039:1.407],0.014
5918,PNMA3,1.015,0.88,1.17,1.015[0.88:1.17],0.836
5919,KIDINS220,1.112,0.921,1.342,1.112[0.921:1.342],0.269
5920,LINC00886,0.989,0.887,1.102,0.989[0.887:1.102],0.84
5921,IRAK3,0.977,0.86,1.109,0.977[0.86:1.109],0.716
5922,BASP1,1.054,0.921,1.208,1.054[0.921:1.208],0.444
5923,TRPV2,1.062,0.892,1.263,1.062[0.892:1.263],0.501
5924,EBF3,1.102,0.97,1.25,1.102[0.97:1.25],0.134
5925,CENPI,1,0.835,1.197,1[0.835:1.197],1
5926,MIR99AHG,1.141,1.014,1.284,1.141[1.014:1.284],0.029
5927,GTF2IRD2B,1.093,0.917,1.303,1.093[0.917:1.303],0.322
5928,FRGCA,0.924,0.809,1.055,0.924[0.809:1.055],0.243
5929,MAGOH3P,0.957,0.803,1.141,0.957[0.803:1.141],0.626
5930,SPATA6,0.925,0.79,1.082,0.925[0.79:1.082],0.33
5931,ZCCHC18,1.117,0.941,1.327,1.117[0.941:1.327],0.206
5932,SZT2,1.114,0.926,1.339,1.114[0.926:1.339],0.251
5933,TRIM23,1.056,0.881,1.266,1.056[0.881:1.266],0.557
5934,RRAGD,1.132,0.983,1.305,1.132[0.983:1.305],0.086
5935,DOC2B,0.983,0.878,1.102,0.983[0.878:1.102],0.773
5936,LINC02421,1.135,0.973,1.325,1.135[0.973:1.325],0.108
5937,XRN1,1.023,0.865,1.21,1.023[0.865:1.21],0.788
5938,APOBEC3G,1.05,0.9,1.225,1.05[0.9:1.225],0.539
5939,ADAMTS2,1.025,0.902,1.165,1.025[0.902:1.165],0.704
5940,PARP15,1.094,0.952,1.257,1.094[0.952:1.257],0.203
5941,EML4.AS1,1.012,0.867,1.182,1.012[0.867:1.182],0.876
5942,HRH4,0.923,0.783,1.088,0.923[0.783:1.088],0.337
5943,MYO18A,1.059,0.89,1.261,1.059[0.89:1.261],0.519
5944,ELL3,1.203,0.995,1.454,1.203[0.995:1.454],0.057
5945,CCDC8,1.149,1.01,1.309,1.149[1.01:1.309],0.035
5946,EID2B,1.151,0.966,1.371,1.151[0.966:1.371],0.115
5947,NFAM1,1.091,0.931,1.279,1.091[0.931:1.279],0.281
5948,VWF,1.15,0.99,1.335,1.15[0.99:1.335],0.068
5949,CITED1,0.996,0.884,1.122,0.996[0.884:1.122],0.951
5950,LRRC26,0.971,0.889,1.061,0.971[0.889:1.061],0.515
5951,ATRN,1.143,0.957,1.366,1.143[0.957:1.366],0.14
5952,PCLO,1.053,0.95,1.166,1.053[0.95:1.166],0.326
5953,ICAM2,1.142,0.959,1.36,1.142[0.959:1.36],0.137
5954,CD84,1.007,0.893,1.136,1.007[0.893:1.136],0.905
5955,GDF10,0.988,0.907,1.076,0.988[0.907:1.076],0.775
5956,POU3F2,1.128,0.96,1.324,1.128[0.96:1.324],0.142
5957,KCTD15,1.094,0.931,1.286,1.094[0.931:1.286],0.275
5958,ADAMTS6,1.151,1.002,1.323,1.151[1.002:1.323],0.047
5959,IGHV7.81,0.987,0.857,1.138,0.987[0.857:1.138],0.86
5960,CERNA1,1.17,0.976,1.402,1.17[0.976:1.402],0.09
5961,DDO,1.028,0.917,1.153,1.028[0.917:1.153],0.636
5962,ZFP28,1.033,0.927,1.151,1.033[0.927:1.151],0.562
5963,FAM66C,1.101,0.959,1.264,1.101[0.959:1.264],0.174
5964,FOXS1,1.259,1.051,1.509,1.259[1.051:1.509],0.013
5965,BTG2,1.062,0.888,1.27,1.062[0.888:1.27],0.509
5966,RBM43,1.06,0.901,1.246,1.06[0.901:1.246],0.483
5967,GABRA2,1.001,0.92,1.09,1.001[0.92:1.09],0.98
5968,PNPLA3,1.038,0.948,1.136,1.038[0.948:1.136],0.424
5969,CAV2,1.169,0.988,1.383,1.169[0.988:1.383],0.07
5970,RPS19P7,0.963,0.845,1.098,0.963[0.845:1.098],0.576
5971,MUC5AC,1.017,0.952,1.086,1.017[0.952:1.086],0.618
5972,ST18,1.005,0.9,1.122,1.005[0.9:1.122],0.933
5973,HLA.H,1.069,0.915,1.248,1.069[0.915:1.248],0.401
5974,CRACR2A,1.053,0.908,1.222,1.053[0.908:1.222],0.493
5975,ZNF608,1.065,0.918,1.235,1.065[0.918:1.235],0.406
5976,GAL3ST2,0.919,0.82,1.029,0.919[0.82:1.029],0.142
5977,TP63,1.099,0.978,1.236,1.099[0.978:1.236],0.112
5978,MFAP3,1.022,0.856,1.22,1.022[0.856:1.22],0.813
5979,CELF2,0.987,0.852,1.143,0.987[0.852:1.143],0.861
5980,MEF2B,1.309,1.09,1.572,1.309[1.09:1.572],0.004
5981,LINC03034,1.059,0.903,1.24,1.059[0.903:1.24],0.481
5982,ADAM22,1.015,0.876,1.176,1.015[0.876:1.176],0.843
5983,TRAV12.2,0.983,0.852,1.134,0.983[0.852:1.134],0.815
5984,TMEM252,0.965,0.887,1.049,0.965[0.887:1.049],0.405
5985,CAPN11,1.052,0.886,1.249,1.052[0.886:1.249],0.564
5986,RGN,1.068,0.973,1.172,1.068[0.973:1.172],0.168
5987,FTOP1,1.032,0.896,1.189,1.032[0.896:1.189],0.663
5988,GCC2,1.015,0.862,1.194,1.015[0.862:1.194],0.862
5989,C10orf55,0.98,0.827,1.162,0.98[0.827:1.162],0.818
5990,CYP2C9,0.968,0.88,1.064,0.968[0.88:1.064],0.499
5991,FOS,1.007,0.885,1.146,1.007[0.885:1.146],0.917
5992,UTRN,1.047,0.901,1.217,1.047[0.901:1.217],0.55
5993,ASB9,0.996,0.864,1.147,0.996[0.864:1.147],0.951
5994,SLC26A9,1.044,0.968,1.127,1.044[0.968:1.127],0.263
5995,MRPL3P1,0.813,0.682,0.969,0.813[0.682:0.969],0.021
5996,THRSP,1.12,0.986,1.273,1.12[0.986:1.273],0.081
5997,TTC6,1.055,0.941,1.182,1.055[0.941:1.182],0.363
5998,SLFN13,1.034,0.943,1.135,1.034[0.943:1.135],0.476
5999,MYOM2,1.023,0.874,1.197,1.023[0.874:1.197],0.779
6000,FOXA2,1.135,0.95,1.356,1.135[0.95:1.356],0.163
6001,ALDH4A1,0.956,0.819,1.117,0.956[0.819:1.117],0.572
6002,LINC01555,0.949,0.857,1.051,0.949[0.857:1.051],0.318
6003,LDLRAD3,1.121,0.96,1.31,1.121[0.96:1.31],0.148
6004,SNRPA1.DT,1.223,1.017,1.47,1.223[1.017:1.47],0.033
6005,DHRS4L1,1.111,0.934,1.322,1.111[0.934:1.322],0.235
6006,GJA3,1.17,1.046,1.308,1.17[1.046:1.308],0.006
6007,PCDHGB6,1.011,0.9,1.136,1.011[0.9:1.136],0.856
6008,MAP3K20.AS1,1.071,0.976,1.176,1.071[0.976:1.176],0.147
6009,IHO1,1.055,0.899,1.239,1.055[0.899:1.239],0.51
6010,SNORD101,1.085,0.911,1.291,1.085[0.911:1.291],0.36
6011,HS3ST3B1,0.983,0.831,1.163,0.983[0.831:1.163],0.841
6012,PCDHGA6,1.084,0.947,1.24,1.084[0.947:1.24],0.244
6013,IL22RA2,0.914,0.803,1.04,0.914[0.803:1.04],0.171
6014,TPSD1,0.988,0.903,1.08,0.988[0.903:1.08],0.784
6015,RPL8P3,0.971,0.861,1.094,0.971[0.861:1.094],0.629
6016,NPW,1.063,0.934,1.21,1.063[0.934:1.21],0.353
6017,FAM228B,1.11,0.943,1.308,1.11[0.943:1.308],0.209
6018,TRBV12.3,1.158,0.968,1.387,1.158[0.968:1.387],0.109
6019,HDGFL3,1.062,0.944,1.194,1.062[0.944:1.194],0.317
6020,GUCY2C,0.971,0.845,1.116,0.971[0.845:1.116],0.677
6021,PPP1R14C,0.935,0.85,1.028,0.935[0.85:1.028],0.163
6022,ITGB2,1.049,0.919,1.198,1.049[0.919:1.198],0.478
6023,RASGRP3,1.117,0.947,1.318,1.117[0.947:1.318],0.189
6024,ARRDC3.AS1,1.02,0.871,1.195,1.02[0.871:1.195],0.805
6025,KIF14,1.033,0.889,1.199,1.033[0.889:1.199],0.673
6026,GPR155,1.056,0.923,1.207,1.056[0.923:1.207],0.428
6027,LIG4,1.075,0.909,1.27,1.075[0.909:1.27],0.4
6028,IL17C,0.995,0.887,1.116,0.995[0.887:1.116],0.932
6029,RPL21P134,1.063,0.949,1.192,1.063[0.949:1.192],0.292
6030,ASTL,1.181,1.007,1.385,1.181[1.007:1.385],0.041
6031,LINC02175,1.092,0.942,1.265,1.092[0.942:1.265],0.242
6032,GABPA,1.041,0.889,1.218,1.041[0.889:1.218],0.62
6033,FLNB.AS1,1.138,0.971,1.333,1.138[0.971:1.333],0.111
6034,APOL3,1.037,0.897,1.199,1.037[0.897:1.199],0.62
6035,LINC00922,1.144,0.977,1.34,1.144[0.977:1.34],0.095
6036,KCNMB2.AS1,1.069,0.98,1.166,1.069[0.98:1.166],0.134
6037,TLCD3B,1.172,0.987,1.39,1.172[0.987:1.39],0.069
6038,WFDC2,0.942,0.86,1.032,0.942[0.86:1.032],0.201
6039,RELL2,1.076,0.92,1.257,1.076[0.92:1.257],0.359
6040,RNU6.722P,1.073,0.904,1.274,1.073[0.904:1.274],0.422
6041,CCDC186,1.031,0.882,1.204,1.031[0.882:1.204],0.705
6042,CLCA3P,0.951,0.813,1.112,0.951[0.813:1.112],0.525
6043,RASL11A,1.051,0.905,1.22,1.051[0.905:1.22],0.518
6044,H2BC4,1.12,0.984,1.275,1.12[0.984:1.275],0.087
6045,MIOX,1.091,0.977,1.218,1.091[0.977:1.218],0.121
6046,KLHL2P1,1.186,1.008,1.395,1.186[1.008:1.395],0.039
6047,TRAV27,1.137,0.969,1.335,1.137[0.969:1.335],0.117
6048,ZNF461,1.042,0.897,1.211,1.042[0.897:1.211],0.588
6049,HOXA1,1.046,0.899,1.216,1.046[0.899:1.216],0.562
6050,IL18BP,1.137,0.949,1.363,1.137[0.949:1.363],0.165
6051,MARK1,1.049,0.941,1.169,1.049[0.941:1.169],0.389
6052,DYNLRB2,1.084,0.917,1.281,1.084[0.917:1.281],0.343
6053,COSMOC,1.191,1.013,1.4,1.191[1.013:1.4],0.034
6054,ZFP92,1.063,0.932,1.212,1.063[0.932:1.212],0.363
6055,ZNF778.DT,1.097,0.921,1.307,1.097[0.921:1.307],0.3
6056,PPIP5K2,0.982,0.828,1.164,0.982[0.828:1.164],0.833
6057,CCDC121,1.018,0.863,1.201,1.018[0.863:1.201],0.831
6058,ZNF606,1.039,0.927,1.166,1.039[0.927:1.166],0.51
6059,TMEM232,0.977,0.832,1.147,0.977[0.832:1.147],0.773
6060,RIPPLY3,1.006,0.921,1.099,1.006[0.921:1.099],0.898
6061,LINC03008,1.149,1.001,1.32,1.149[1.001:1.32],0.049
6062,RRAD,1.116,0.978,1.275,1.116[0.978:1.275],0.104
6063,TIE1,1.157,0.987,1.357,1.157[0.987:1.357],0.073
6064,JAK2,1.023,0.874,1.197,1.023[0.874:1.197],0.78
6065,ADGRG2,1.039,0.919,1.174,1.039[0.919:1.174],0.542
6066,RUFY1.AS1,1.084,0.912,1.289,1.084[0.912:1.289],0.361
6067,ADGRG3,1.007,0.896,1.132,1.007[0.896:1.132],0.907
6068,COL6A2,1.1,0.949,1.274,1.1[0.949:1.274],0.205
6069,CCDC148,1.045,0.915,1.194,1.045[0.915:1.194],0.513
6070,KCP,1.223,1.046,1.429,1.223[1.046:1.429],0.012
6071,MRO,1.121,0.981,1.281,1.121[0.981:1.281],0.093
6072,EXTL3.AS1,0.979,0.851,1.127,0.979[0.851:1.127],0.77
6073,GK,0.913,0.781,1.067,0.913[0.781:1.067],0.252
6074,COX5BP6,1.036,0.882,1.217,1.036[0.882:1.217],0.663
6075,IL7,0.832,0.717,0.967,0.832[0.717:0.967],0.016
6076,PHOSPHO1,1.04,0.895,1.209,1.04[0.895:1.209],0.611
6077,GTF2IRD2,1.026,0.881,1.196,1.026[0.881:1.196],0.739
6078,HLA.DRB5,1.001,0.893,1.122,1.001[0.893:1.122],0.988
6079,RPL13P12,1.119,0.954,1.312,1.119[0.954:1.312],0.168
6080,MLXP1,1.093,0.991,1.204,1.093[0.991:1.204],0.075
6081,FGD5,1.043,0.899,1.21,1.043[0.899:1.21],0.579
6082,DGUOK.AS1,1.156,0.966,1.384,1.156[0.966:1.384],0.113
6083,IFNL3P1,1.09,0.935,1.27,1.09[0.935:1.27],0.272
6084,SEMA3C,0.991,0.855,1.148,0.991[0.855:1.148],0.902
6085,ERO1B,1.072,0.93,1.236,1.072[0.93:1.236],0.335
6086,SYNJ2BP.COX16,1.079,0.913,1.276,1.079[0.913:1.276],0.372
6087,ARHGAP40,1.05,0.951,1.158,1.05[0.951:1.158],0.333
6088,ZNF546,1.111,0.932,1.323,1.111[0.932:1.323],0.241
6089,C9orf152,1,0.835,1.198,1[0.835:1.198],0.998
6090,TRBV24.1,0.975,0.825,1.152,0.975[0.825:1.152],0.765
6091,VDAC2P5,1.043,0.899,1.21,1.043[0.899:1.21],0.576
6092,HK2P1,1.015,0.868,1.188,1.015[0.868:1.188],0.852
6093,REG1A,1.004,0.954,1.056,1.004[0.954:1.056],0.88
6094,GALC,1.077,0.945,1.227,1.077[0.945:1.227],0.264
6095,MT.CYB,1.121,0.941,1.336,1.121[0.941:1.336],0.202
6096,HFM1,1.081,0.944,1.237,1.081[0.944:1.237],0.26
6097,CRHR2,1.08,0.943,1.236,1.08[0.943:1.236],0.267
6098,EMID1,0.918,0.799,1.055,0.918[0.799:1.055],0.231
6099,ARID4A,1.089,0.913,1.299,1.089[0.913:1.299],0.342
6100,IGSF21,1.095,0.94,1.275,1.095[0.94:1.275],0.243
6101,C1orf220,1.169,1.001,1.366,1.169[1.001:1.366],0.048
6102,NOX5,1.224,1.034,1.449,1.224[1.034:1.449],0.019
6103,TRIP11,1.05,0.88,1.253,1.05[0.88:1.253],0.586
6104,H4C14,1.271,1.077,1.501,1.271[1.077:1.501],0.005
6105,ADAMTSL4.AS1,1.071,0.934,1.228,1.071[0.934:1.228],0.327
6106,HIPK2,1.031,0.878,1.211,1.031[0.878:1.211],0.707
6107,ADGB,0.917,0.821,1.024,0.917[0.821:1.024],0.123
6108,ALPG,1.074,0.999,1.153,1.074[0.999:1.153],0.052
6109,LAMA3,1.023,0.888,1.179,1.023[0.888:1.179],0.749
6110,RPL13P2,0.985,0.88,1.103,0.985[0.88:1.103],0.795
6111,C3orf20,0.937,0.79,1.11,0.937[0.79:1.11],0.45
6112,NAT16,1.15,1.016,1.302,1.15[1.016:1.302],0.027
6113,CTH,1.073,0.903,1.275,1.073[0.903:1.275],0.422
6114,TDGF1,0.91,0.839,0.988,0.91[0.839:0.988],0.024
6115,PRDM8,1.036,0.92,1.167,1.036[0.92:1.167],0.559
6116,OSR2,1.121,0.983,1.279,1.121[0.983:1.279],0.089
6117,PPBP,1.001,0.936,1.072,1.001[0.936:1.072],0.969
6118,TP73,1.057,0.929,1.202,1.057[0.929:1.202],0.401
6119,GAS1,1.092,0.995,1.199,1.092[0.995:1.199],0.065
6120,ZNF763,1.035,0.878,1.219,1.035[0.878:1.219],0.682
6121,SERPINB7,0.963,0.875,1.061,0.963[0.875:1.061],0.447
6122,DIPK1C,1.013,0.914,1.123,1.013[0.914:1.123],0.806
6123,MXRA7P1,1.102,0.929,1.307,1.102[0.929:1.307],0.265
6124,REG3A,0.973,0.924,1.024,0.973[0.924:1.024],0.296
6125,C11orf42,1.172,0.996,1.379,1.172[0.996:1.379],0.056
6126,PRF1,0.997,0.874,1.137,0.997[0.874:1.137],0.961
6127,STYXL2,1.008,0.961,1.058,1.008[0.961:1.058],0.736
6128,RPS19P3,0.948,0.794,1.132,0.948[0.794:1.132],0.554
6129,TRIM31,1.031,0.902,1.18,1.031[0.902:1.18],0.653
6130,DNAH3,1.024,0.858,1.221,1.024[0.858:1.221],0.793
6131,TMSB4XP1,0.894,0.771,1.037,0.894[0.771:1.037],0.14
6132,SPNS2.AS1,1.174,0.992,1.39,1.174[0.992:1.39],0.062
6133,KCNIP2,1.19,1.025,1.382,1.19[1.025:1.382],0.022
6134,LINC00957,1.28,1.073,1.527,1.28[1.073:1.527],0.006
6135,LHX6,1.161,0.994,1.355,1.161[0.994:1.355],0.059
6136,CLNK,0.923,0.8,1.064,0.923[0.8:1.064],0.269
6137,SLC18A1,0.93,0.854,1.013,0.93[0.854:1.013],0.098
6138,MGAT3,1.109,0.983,1.252,1.109[0.983:1.252],0.094
6139,TRBV7.3,1,0.852,1.174,1[0.852:1.174],1
6140,TACC1,1.011,0.864,1.183,1.011[0.864:1.183],0.89
6141,H2AZP3,0.889,0.76,1.04,0.889[0.76:1.04],0.142
6142,IL7R,0.968,0.855,1.096,0.968[0.855:1.096],0.608
6143,LINC01443,0.955,0.869,1.05,0.955[0.869:1.05],0.345
6144,DDIT4L,1.059,0.96,1.169,1.059[0.96:1.169],0.25
6145,ADGRA2,1.108,0.946,1.296,1.108[0.946:1.296],0.203
6146,PRKACB.DT,1.118,0.955,1.309,1.118[0.955:1.309],0.165
6147,ANXA3,0.925,0.788,1.086,0.925[0.788:1.086],0.341
6148,CDK1,1.007,0.851,1.191,1.007[0.851:1.191],0.936
6149,PCAT19,1.095,0.931,1.287,1.095[0.931:1.287],0.272
6150,ST8SIA2,1.121,0.968,1.299,1.121[0.968:1.299],0.127
6151,ARHGEF33,1.038,0.88,1.225,1.038[0.88:1.225],0.657
6152,LMX1B,1.076,0.973,1.191,1.076[0.973:1.191],0.152
6153,SLC6A14,0.978,0.907,1.055,0.978[0.907:1.055],0.566
6154,RAP2C.AS1,1.05,0.902,1.223,1.05[0.902:1.223],0.525
6155,TMEM65,1.04,0.881,1.228,1.04[0.881:1.228],0.641
6156,SAMD11,1.085,0.934,1.259,1.085[0.934:1.259],0.285
6157,PLA2G4A,1.003,0.908,1.107,1.003[0.908:1.107],0.955
6158,SORL1,1.056,0.892,1.251,1.056[0.892:1.251],0.524
6159,ONECUT2,1.081,0.97,1.204,1.081[0.97:1.204],0.161
6160,OSM,1.034,0.925,1.157,1.034[0.925:1.157],0.555
6161,COLCA1,1.066,0.966,1.177,1.066[0.966:1.177],0.204
6162,SCN5A,1.057,0.946,1.181,1.057[0.946:1.181],0.325
6163,TBCEL,1.058,0.903,1.24,1.058[0.903:1.24],0.486
6164,FYN,1.08,0.916,1.273,1.08[0.916:1.273],0.361
6165,DYNLT5,1.082,0.929,1.259,1.082[0.929:1.259],0.311
6166,DUXAP9,1.114,1.008,1.231,1.114[1.008:1.231],0.034
6167,LAYN,1.117,0.951,1.312,1.117[0.951:1.312],0.179
6168,GJC1,1.075,0.92,1.256,1.075[0.92:1.256],0.361
6169,EFNB3,1.118,0.959,1.302,1.118[0.959:1.302],0.154
6170,SLC19A3,0.962,0.876,1.057,0.962[0.876:1.057],0.42
6171,HSP90B3P,0.939,0.81,1.088,0.939[0.81:1.088],0.401
6172,LINC01303,1.029,0.88,1.204,1.029[0.88:1.204],0.716
6173,ARID3A,1.001,0.869,1.154,1.001[0.869:1.154],0.986
6174,PRPF18,1.065,0.893,1.269,1.065[0.893:1.269],0.485
6175,EPN3,1.037,0.884,1.217,1.037[0.884:1.217],0.656
6176,FLRT3,1.001,0.897,1.118,1.001[0.897:1.118],0.981
6177,LINC00665,1.056,0.947,1.178,1.056[0.947:1.178],0.324
6178,SMPX,1.028,0.948,1.114,1.028[0.948:1.114],0.504
6179,VAV3,0.939,0.848,1.039,0.939[0.848:1.039],0.224
6180,CPA6,0.97,0.901,1.046,0.97[0.901:1.046],0.43
6181,GXYLT2,1.022,0.909,1.15,1.022[0.909:1.15],0.712
6182,RASA4,1.172,0.992,1.386,1.172[0.992:1.386],0.062
6183,REV3L,1.052,0.891,1.244,1.052[0.891:1.244],0.549
6184,SLC45A3,0.98,0.828,1.159,0.98[0.828:1.159],0.81
6185,LINC01116,1.122,0.984,1.279,1.122[0.984:1.279],0.087
6186,KRTAP5.1,1.23,1.063,1.424,1.23[1.063:1.424],0.005
6187,CCT6P2,0.99,0.846,1.159,0.99[0.846:1.159],0.903
6188,MN1,1.089,0.955,1.24,1.089[0.955:1.24],0.202
6189,ZNF85,1.02,0.913,1.14,1.02[0.913:1.14],0.727
6190,NSUN5P1,1.155,0.978,1.365,1.155[0.978:1.365],0.09
6191,LINC02912,1.048,0.907,1.21,1.048[0.907:1.21],0.524
6192,LTA,0.979,0.84,1.14,0.979[0.84:1.14],0.785
6193,MTERF1,1.105,0.971,1.257,1.105[0.971:1.257],0.13
6194,GAL3ST1,1.01,0.88,1.16,1.01[0.88:1.16],0.887
6195,FUZ,1.055,0.915,1.217,1.055[0.915:1.217],0.459
6196,SAA2,0.98,0.897,1.071,0.98[0.897:1.071],0.654
6197,WNT6,1.063,0.955,1.183,1.063[0.955:1.183],0.264
6198,SRGAP2C,1.132,0.995,1.288,1.132[0.995:1.288],0.06
6199,ACE,1.196,0.997,1.435,1.196[0.997:1.435],0.054
6200,ZP3,1.117,0.945,1.319,1.117[0.945:1.319],0.193
6201,FUT6,0.98,0.863,1.113,0.98[0.863:1.113],0.754
6202,GLRA2,0.954,0.882,1.031,0.954[0.882:1.031],0.234
6203,DCC,1.062,0.937,1.203,1.062[0.937:1.203],0.345
6204,SLC16A2,1.066,0.932,1.218,1.066[0.932:1.218],0.352
6205,C21orf91,1.021,0.862,1.209,1.021[0.862:1.209],0.813
6206,TRAV26.1,0.96,0.814,1.133,0.96[0.814:1.133],0.631
6207,CD8B,1.01,0.89,1.147,1.01[0.89:1.147],0.877
6208,IER5L.AS1,1.038,0.916,1.175,1.038[0.916:1.175],0.56
6209,KSR2,1.028,0.885,1.195,1.028[0.885:1.195],0.716
6210,GRP,1.129,1.019,1.25,1.129[1.019:1.25],0.02
6211,FGFR3,0.995,0.871,1.137,0.995[0.871:1.137],0.944
6212,HCRT,0.98,0.844,1.138,0.98[0.844:1.138],0.791
6213,OR2A9P,1.1,0.956,1.265,1.1[0.956:1.265],0.182
6214,FGD6,1.047,0.881,1.244,1.047[0.881:1.244],0.603
6215,CD1E,0.962,0.855,1.083,0.962[0.855:1.083],0.523
6216,ZNF610,1.035,0.92,1.165,1.035[0.92:1.165],0.562
6217,ASH1L,1.081,0.911,1.282,1.081[0.911:1.282],0.374
6218,CALHM6,0.991,0.866,1.134,0.991[0.866:1.134],0.9
6219,ZNF704,1.042,0.91,1.194,1.042[0.91:1.194],0.551
6220,GPR141,0.934,0.827,1.056,0.934[0.827:1.056],0.277
6221,ERICH5,0.993,0.904,1.09,0.993[0.904:1.09],0.877
6222,FLT4,1.215,1.029,1.433,1.215[1.029:1.433],0.021
6223,GLYATL1,0.889,0.807,0.979,0.889[0.807:0.979],0.016
6224,LINC01535,1.087,0.95,1.242,1.087[0.95:1.242],0.224
6225,DNALI1,0.964,0.862,1.079,0.964[0.862:1.079],0.526
6226,LINC02986,0.99,0.882,1.112,0.99[0.882:1.112],0.871
6227,PCDHGA3,1.127,0.983,1.292,1.127[0.983:1.292],0.086
6228,MIR4713HG,1.359,1.16,1.593,1.359[1.16:1.593],1.505197e-04
6229,PTPN5,1.06,0.926,1.214,1.06[0.926:1.214],0.399
6230,RARB,1.081,0.932,1.254,1.081[0.932:1.254],0.301
6231,EFNA3,1.067,0.909,1.253,1.067[0.909:1.253],0.428
6232,EMX2OS,1.037,0.937,1.147,1.037[0.937:1.147],0.485
6233,HSD11B1.AS1,1.088,0.945,1.253,1.088[0.945:1.253],0.24
6234,SYT13,0.984,0.884,1.095,0.984[0.884:1.095],0.766
6235,MTBP,1.074,0.914,1.263,1.074[0.914:1.263],0.385
6236,TRAV3,1.031,0.894,1.189,1.031[0.894:1.189],0.676
6237,LCOR,1.035,0.881,1.215,1.035[0.881:1.215],0.677
6238,SLAIN1,1.039,0.933,1.156,1.039[0.933:1.156],0.489
6239,KIF26A,1.059,0.957,1.171,1.059[0.957:1.171],0.266
6240,DCTN1.AS1,0.975,0.834,1.141,0.975[0.834:1.141],0.753
6241,ISLR2,1.129,0.996,1.28,1.129[0.996:1.28],0.057
6242,TNFRSF18,1.031,0.879,1.209,1.031[0.879:1.209],0.708
6243,FABP5P7,1.047,0.923,1.187,1.047[0.923:1.187],0.479
6244,HNRNPUL2.BSCL2,1.121,0.951,1.32,1.121[0.951:1.32],0.173
6245,MYBPHL,0.997,0.905,1.098,0.997[0.905:1.098],0.952
6246,AGT,0.89,0.783,1.011,0.89[0.783:1.011],0.072
6247,ALPL,1.115,0.958,1.298,1.115[0.958:1.298],0.159
6248,SNHG4,1.054,0.893,1.244,1.054[0.893:1.244],0.534
6249,GPR20,1.045,0.898,1.216,1.045[0.898:1.216],0.57
6250,CRYM,0.937,0.821,1.07,0.937[0.821:1.07],0.336
6251,LINC00933,1.07,0.907,1.262,1.07[0.907:1.262],0.422
6252,RPL23AP49,1.042,0.906,1.197,1.042[0.906:1.197],0.564
6253,FOXE3,0.982,0.864,1.116,0.982[0.864:1.116],0.781
6254,MAMLD1,1.019,0.877,1.183,1.019[0.877:1.183],0.81
6255,LINC01480,1.128,0.965,1.318,1.128[0.965:1.318],0.13
6256,SLCO4A1.AS2,1.042,0.891,1.22,1.042[0.891:1.22],0.604
6257,ZNF493,1.038,0.897,1.202,1.038[0.897:1.202],0.615
6258,RPL8P4,1.021,0.883,1.181,1.021[0.883:1.181],0.781
6259,HMGN2P17,1.023,0.937,1.118,1.023[0.937:1.118],0.609
6260,NME8,1.159,0.988,1.358,1.159[0.988:1.358],0.07
6261,POU2AF3,1.081,0.954,1.223,1.081[0.954:1.223],0.221
6262,CEP126,1.05,0.91,1.211,1.05[0.91:1.211],0.504
6263,PLA2G3,0.979,0.914,1.048,0.979[0.914:1.048],0.536
6264,BMPR2,1.098,0.923,1.306,1.098[0.923:1.306],0.292
6265,VSTM1,0.94,0.817,1.082,0.94[0.817:1.082],0.392
6266,SIX4,1.178,1.042,1.332,1.178[1.042:1.332],0.009
6267,GJB3,1.057,0.912,1.225,1.057[0.912:1.225],0.461
6268,GAA,1.152,0.981,1.352,1.152[0.981:1.352],0.083
6269,RPL41P5,0.978,0.894,1.069,0.978[0.894:1.069],0.621
6270,CST7,1.053,0.92,1.204,1.053[0.92:1.204],0.453
6271,MIR573,1.01,0.862,1.185,1.01[0.862:1.185],0.898
6272,BEX5,1.05,0.957,1.152,1.05[0.957:1.152],0.307
6273,PAXBP1.AS1,1.178,0.987,1.406,1.178[0.987:1.406],0.07
6274,IL12RB2,1.076,0.917,1.262,1.076[0.917:1.262],0.371
6275,SPNS2,1.023,0.873,1.199,1.023[0.873:1.199],0.778
6276,SOX30,1.102,0.945,1.285,1.102[0.945:1.285],0.215
6277,TTLL1.AS1,1.012,0.855,1.198,1.012[0.855:1.198],0.886
6278,NRP2,1.126,0.979,1.295,1.126[0.979:1.295],0.096
6279,WDR35.DT,1.063,0.923,1.225,1.063[0.923:1.225],0.396
6280,KRT8P7,1.031,0.895,1.187,1.031[0.895:1.187],0.674
6281,TTLL9,1.028,0.866,1.221,1.028[0.866:1.221],0.753
6282,L3MBTL4.AS1,1.125,0.954,1.326,1.125[0.954:1.326],0.162
6283,ERICH2,1.015,0.907,1.137,1.015[0.907:1.137],0.791
6284,ALOX5AP,1.037,0.89,1.209,1.037[0.89:1.209],0.64
6285,PLA2G12B,0.994,0.934,1.058,0.994[0.934:1.058],0.852
6286,RGS1,1.057,0.933,1.199,1.057[0.933:1.199],0.384
6287,LCN12,1.133,0.994,1.292,1.133[0.994:1.292],0.061
6288,IGSF1,1.049,0.956,1.151,1.049[0.956:1.151],0.311
6289,CRIP1,1.146,0.992,1.325,1.146[0.992:1.325],0.065
6290,RTN4RL1,1.051,0.97,1.14,1.051[0.97:1.14],0.225
6291,VSTM5,0.999,0.885,1.128,0.999[0.885:1.128],0.985
6292,KLHL5,1.025,0.877,1.196,1.025[0.877:1.196],0.759
6293,NRK,1.099,1,1.208,1.099[1:1.208],0.05
6294,RASSF10,0.965,0.875,1.064,0.965[0.875:1.064],0.469
6295,LGR5,1.009,0.912,1.115,1.009[0.912:1.115],0.868
6296,GABRE,1.154,1.003,1.328,1.154[1.003:1.328],0.046
6297,MRAS,1.131,0.974,1.313,1.131[0.974:1.313],0.107
6298,EDA2R,1.041,0.928,1.169,1.041[0.928:1.169],0.492
6299,RTL8A,1.137,0.987,1.308,1.137[0.987:1.308],0.075
6300,AFP,0.965,0.853,1.091,0.965[0.853:1.091],0.568
6301,RGPD2,1.047,0.917,1.195,1.047[0.917:1.195],0.499
6302,H1.0,1.082,0.921,1.271,1.082[0.921:1.271],0.338
6303,KCNH8,1.055,0.934,1.191,1.055[0.934:1.191],0.388
6304,RIMBP2,1.03,0.937,1.133,1.03[0.937:1.133],0.537
6305,HSPA7,1.149,1.012,1.305,1.149[1.012:1.305],0.032
6306,MTCO1P53,0.975,0.867,1.097,0.975[0.867:1.097],0.679
6307,MCTP1,1.014,0.886,1.159,1.014[0.886:1.159],0.844
6308,C1QTNF4,1.315,1.104,1.568,1.315[1.104:1.568],0.002
6309,MIR9.1HG,1.144,1.007,1.3,1.144[1.007:1.3],0.038
6310,SNORA33,1.079,0.917,1.27,1.079[0.917:1.27],0.361
6311,C9orf50,1.102,0.941,1.29,1.102[0.941:1.29],0.229
6312,SHISA6,1.025,0.955,1.1,1.025[0.955:1.1],0.493
6313,YBX2,1.085,0.926,1.271,1.085[0.926:1.271],0.315
6314,AFTPH,1.047,0.885,1.238,1.047[0.885:1.238],0.592
6315,PCDHAC2,1.002,0.894,1.124,1.002[0.894:1.124],0.968
6316,ADARB2,0.956,0.844,1.083,0.956[0.844:1.083],0.48
6317,KCNJ6,1.058,0.912,1.229,1.058[0.912:1.229],0.457
6318,DOK7,1.04,0.916,1.181,1.04[0.916:1.181],0.545
6319,CYB5D1,1.097,0.925,1.301,1.097[0.925:1.301],0.289
6320,AFTPH.DT,1.036,0.893,1.202,1.036[0.893:1.202],0.639
6321,MATN3,1.091,0.97,1.227,1.091[0.97:1.227],0.148
6322,FCER1G,1.049,0.907,1.213,1.049[0.907:1.213],0.52
6323,IZUMO1,1.226,1.065,1.41,1.226[1.065:1.41],0.004
6324,SLC13A3,1.028,0.95,1.114,1.028[0.95:1.114],0.491
6325,IDO2,0.893,0.756,1.055,0.893[0.756:1.055],0.182
6326,LINC02028,1.014,0.877,1.172,1.014[0.877:1.172],0.849
6327,ZNF615,1.062,0.911,1.238,1.062[0.911:1.238],0.443
6328,RPL10P6,1.005,0.909,1.11,1.005[0.909:1.11],0.926
6329,OGFRL1,1.05,0.907,1.216,1.05[0.907:1.216],0.514
6330,WNK3,1.048,0.89,1.234,1.048[0.89:1.234],0.574
6331,OTOGL,1.089,0.966,1.229,1.089[0.966:1.229],0.164
6332,HOXB8,1.034,0.931,1.15,1.034[0.931:1.15],0.53
6333,CARMIL2,1.15,0.996,1.329,1.15[0.996:1.329],0.057
6334,TMPRSS5,0.996,0.897,1.105,0.996[0.897:1.105],0.936
6335,RPL18P13,0.996,0.894,1.11,0.996[0.894:1.11],0.949
6336,WASIR2,1.168,1.036,1.316,1.168[1.036:1.316],0.011
6337,GDA,1.071,0.928,1.236,1.071[0.928:1.236],0.346
6338,NAIPP2,1.067,0.914,1.244,1.067[0.914:1.244],0.412
6339,ARHGEF34P,1.118,0.968,1.292,1.118[0.968:1.292],0.128
6340,SLFN12,1.014,0.885,1.163,1.014[0.885:1.163],0.84
6341,ZNF155,1.101,0.926,1.309,1.101[0.926:1.309],0.277
6342,GLT8D2,1.025,0.883,1.19,1.025[0.883:1.19],0.743
6343,RUNX3,1.175,1.023,1.349,1.175[1.023:1.349],0.023
6344,ZNF682,1.063,0.956,1.183,1.063[0.956:1.183],0.26
6345,SH3BP5.AS1,1.082,0.925,1.265,1.082[0.925:1.265],0.324
6346,SLC14A1,1.025,0.945,1.113,1.025[0.945:1.113],0.552
6347,AMACR,0.951,0.814,1.111,0.951[0.814:1.111],0.524
6348,ACER2,1.11,0.946,1.304,1.11[0.946:1.304],0.202
6349,RHPN1.AS1,1.044,0.904,1.205,1.044[0.904:1.205],0.56
6350,SEMA5A,0.984,0.863,1.122,0.984[0.863:1.122],0.808
6351,TRBV6.6,0.996,0.849,1.168,0.996[0.849:1.168],0.962
6352,NIN,1.144,0.963,1.358,1.144[0.963:1.358],0.126
6353,CD68,1.086,0.968,1.219,1.086[0.968:1.219],0.16
6354,MCF2L2P1,1.192,1.01,1.407,1.192[1.01:1.407],0.038
6355,WNK2,1.118,0.943,1.324,1.118[0.943:1.324],0.199
6356,LINC01936,1.075,0.912,1.267,1.075[0.912:1.267],0.391
6357,NACA2,0.943,0.811,1.096,0.943[0.811:1.096],0.442
6358,RNF212,1.05,0.932,1.183,1.05[0.932:1.183],0.42
6359,ZNF773,1.091,0.947,1.257,1.091[0.947:1.257],0.227
6360,CD44.AS1,1.134,0.991,1.298,1.134[0.991:1.298],0.068
6361,TLCD4.RWDD3,1.055,0.902,1.234,1.055[0.902:1.234],0.501
6362,CHST10,1.079,0.933,1.247,1.079[0.933:1.247],0.305
6363,METTL15P1,1.03,0.916,1.159,1.03[0.916:1.159],0.618
6364,EVPL,1.046,0.89,1.228,1.046[0.89:1.228],0.588
6365,OVOL1.AS1,1.115,0.959,1.296,1.115[0.959:1.296],0.156
6366,NRXN3,1.09,0.992,1.197,1.09[0.992:1.197],0.072
6367,ANKRD24,1.347,1.152,1.575,1.347[1.152:1.575],1.848676e-04
6368,CCDC180,1.067,0.932,1.221,1.067[0.932:1.221],0.349
6369,PNLIPRP1,1.016,0.897,1.151,1.016[0.897:1.151],0.804
6370,DMRTA2,1.04,0.969,1.117,1.04[0.969:1.117],0.279
6371,NIPSNAP3B,1.064,0.926,1.223,1.064[0.926:1.223],0.379
6372,LINC01415,0.968,0.819,1.144,0.968[0.819:1.144],0.7
6373,CSF3,1.014,0.918,1.122,1.014[0.918:1.122],0.779
6374,NME5,0.99,0.896,1.095,0.99[0.896:1.095],0.85
6375,KCNK9,1.09,0.985,1.207,1.09[0.985:1.207],0.095
6376,TDRD9,1.087,0.959,1.232,1.087[0.959:1.232],0.192
6377,BAHCC1,1.032,0.893,1.193,1.032[0.893:1.193],0.671
6378,HNRNPA1P59,1.021,0.87,1.197,1.021[0.87:1.197],0.802
6379,LSAMP,0.917,0.808,1.041,0.917[0.808:1.041],0.18
6380,LINC02614,1.046,0.898,1.218,1.046[0.898:1.218],0.562
6381,DNAH7,0.974,0.838,1.133,0.974[0.838:1.133],0.734
6382,SNORD15B,0.972,0.836,1.13,0.972[0.836:1.13],0.715
6383,RPS3AP46,1.023,0.885,1.182,1.023[0.885:1.182],0.762
6384,LINC01224,1.038,0.901,1.196,1.038[0.901:1.196],0.602
6385,NUS1P1,1.04,0.929,1.165,1.04[0.929:1.165],0.495
6386,SSTR5,0.974,0.893,1.062,0.974[0.893:1.062],0.548
6387,CCDC187,1.138,1.018,1.273,1.138[1.018:1.273],0.023
6388,ZMAT1,1.101,0.996,1.217,1.101[0.996:1.217],0.06
6389,GGT1,1.011,0.895,1.142,1.011[0.895:1.142],0.86
6390,LAIR2,0.971,0.867,1.087,0.971[0.867:1.087],0.611
6391,RDH16,1.127,0.974,1.305,1.127[0.974:1.305],0.109
6392,JAKMIP1,0.947,0.826,1.085,0.947[0.826:1.085],0.432
6393,WNT10B,1.222,1.081,1.382,1.222[1.081:1.382],0.001
6394,H2AC8,1.168,1.025,1.33,1.168[1.025:1.33],0.019
6395,COX7CP2,1.008,0.866,1.173,1.008[0.866:1.173],0.918
6396,TNNT2,1.174,1.043,1.322,1.174[1.043:1.322],0.008
6397,LINC01833,1.048,0.973,1.128,1.048[0.973:1.128],0.219
6398,HAP1,1.113,0.972,1.274,1.113[0.972:1.274],0.122
6399,LINC01079,1.091,0.937,1.272,1.091[0.937:1.272],0.262
6400,CPLANE1,1.037,0.9,1.194,1.037[0.9:1.194],0.616
6401,FXYD4,1.037,0.923,1.164,1.037[0.923:1.164],0.541
6402,C2CD6,0.969,0.834,1.126,0.969[0.834:1.126],0.677
6403,RNU6.850P,1.153,0.987,1.348,1.153[0.987:1.348],0.072
6404,NPTN.IT1,1.086,0.947,1.244,1.086[0.947:1.244],0.237
6405,DSE,1.095,0.943,1.271,1.095[0.943:1.271],0.234
6406,ADAMTS4,1.142,0.993,1.315,1.142[0.993:1.315],0.063
6407,MTATP8P1,1.083,0.965,1.215,1.083[0.965:1.215],0.177
6408,TNN,1.113,0.967,1.282,1.113[0.967:1.282],0.136
6409,PKD2,1.1,0.936,1.292,1.1[0.936:1.292],0.247
6410,NRIR,1.178,1.014,1.367,1.178[1.014:1.367],0.032
6411,KCND2,1.095,0.988,1.214,1.095[0.988:1.214],0.084
6412,MELTF,1.15,0.983,1.346,1.15[0.983:1.346],0.081
6413,F10,1.024,0.914,1.147,1.024[0.914:1.147],0.678
6414,C1QL3,0.966,0.865,1.078,0.966[0.865:1.078],0.533
6415,CDX2,1.005,0.865,1.167,1.005[0.865:1.167],0.947
6416,AHSG,1.003,0.9,1.118,1.003[0.9:1.118],0.954
6417,RPS4XP7,1.084,0.955,1.231,1.084[0.955:1.231],0.21
6418,CAMKV,1.001,0.915,1.096,1.001[0.915:1.096],0.974
6419,ECHDC3,1.015,0.937,1.099,1.015[0.937:1.099],0.718
6420,MAST4.AS1,1.063,0.916,1.234,1.063[0.916:1.234],0.418
6421,PARD6G.AS1,1.103,0.952,1.277,1.103[0.952:1.277],0.193
6422,NT5DC4,1.057,0.928,1.204,1.057[0.928:1.204],0.401
6423,LINC01088,1.126,1.008,1.259,1.126[1.008:1.259],0.036
6424,EDA,0.981,0.89,1.081,0.981[0.89:1.081],0.699
6425,RAD51AP2,1.063,0.921,1.227,1.063[0.921:1.227],0.402
6426,N4BP2L1,1.062,0.911,1.237,1.062[0.911:1.237],0.442
6427,ATP6V0A4,1.135,1.025,1.258,1.135[1.025:1.258],0.015
6428,MED28P3,1.004,0.859,1.174,1.004[0.859:1.174],0.956
6429,CSF2RA,1.081,0.935,1.25,1.081[0.935:1.25],0.293
6430,TSPEAR.AS2,1.209,1.09,1.341,1.209[1.09:1.341],3.212585e-04
6431,FER,1.041,0.89,1.219,1.041[0.89:1.219],0.615
6432,FOSB,1.028,0.934,1.131,1.028[0.934:1.131],0.577
6433,CHST4,1.015,0.95,1.085,1.015[0.95:1.085],0.649
6434,SLC2A10,1.029,0.895,1.184,1.029[0.895:1.184],0.688
6435,ISL1.DT,1.092,0.981,1.215,1.092[0.981:1.215],0.106
6436,CREB3L1,1.06,0.936,1.201,1.06[0.936:1.201],0.359
6437,DNAH10OS,1.114,0.955,1.3,1.114[0.955:1.3],0.17
6438,SLC9A4,1.029,0.904,1.171,1.029[0.904:1.171],0.669
6439,MINDY2,1.16,0.986,1.366,1.16[0.986:1.366],0.074
6440,SLC12A5.AS1,1.086,0.934,1.263,1.086[0.934:1.263],0.281
6441,OR7E47P,0.945,0.827,1.081,0.945[0.827:1.081],0.411
6442,CACNA1G,1.037,0.896,1.2,1.037[0.896:1.2],0.628
6443,TRAV2,0.942,0.805,1.102,0.942[0.805:1.102],0.455
6444,GLIPR1L2,1.012,0.882,1.161,1.012[0.882:1.161],0.865
6445,SCT,1.143,1.019,1.283,1.143[1.019:1.283],0.023
6446,EMB,0.985,0.893,1.086,0.985[0.893:1.086],0.764
6447,TRPM3,1.097,0.987,1.22,1.097[0.987:1.22],0.087
6448,HYCC1,1.149,1.001,1.318,1.149[1.001:1.318],0.048
6449,MRAP2,0.952,0.843,1.074,0.952[0.843:1.074],0.424
6450,BEST3,0.998,0.9,1.107,0.998[0.9:1.107],0.975
6451,PDGFRL,1.021,0.903,1.155,1.021[0.903:1.155],0.735
6452,EVX1,1.014,0.935,1.101,1.014[0.935:1.101],0.731
6453,EPM2AIP1,1.071,0.93,1.233,1.071[0.93:1.233],0.343
6454,SYT8,1.24,1.092,1.408,1.24[1.092:1.408],9.323028e-04
6455,FGF1,1.05,0.917,1.201,1.05[0.917:1.201],0.481
6456,PRTG,1.091,0.974,1.222,1.091[0.974:1.222],0.131
6457,GUCY1B1,1.086,0.928,1.271,1.086[0.928:1.271],0.305
6458,SMC5,1.03,0.877,1.209,1.03[0.877:1.209],0.718
6459,CXCL14,0.929,0.859,1.005,0.929[0.859:1.005],0.068
6460,HILPDA.AS1,1.066,0.911,1.248,1.066[0.911:1.248],0.423
6461,SEPSECS.AS1,1.022,0.871,1.199,1.022[0.871:1.199],0.786
6462,OXCT1,0.941,0.818,1.083,0.941[0.818:1.083],0.396
6463,DSCAM,1.105,0.949,1.285,1.105[0.949:1.285],0.197
6464,CCR6,0.934,0.813,1.074,0.934[0.813:1.074],0.34
6465,PKMP1,0.999,0.867,1.152,0.999[0.867:1.152],0.99
6466,RNF224,1.257,1.095,1.444,1.257[1.095:1.444],0.001
6467,MOGAT3,0.978,0.869,1.1,0.978[0.869:1.1],0.71
6468,SLC25A6P2,0.975,0.873,1.089,0.975[0.873:1.089],0.655
6469,PLAGL1,0.973,0.848,1.116,0.973[0.848:1.116],0.695
6470,ITGA9,1.111,0.966,1.279,1.111[0.966:1.279],0.14
6471,ARMCX4,1.063,0.932,1.214,1.063[0.932:1.214],0.361
6472,RPL36P3,0.983,0.861,1.123,0.983[0.861:1.123],0.802
6473,SULT1C4,1.016,0.915,1.127,1.016[0.915:1.127],0.769
6474,MT.TF,0.987,0.872,1.117,0.987[0.872:1.117],0.836
6475,AIDAP2,1.065,0.925,1.227,1.065[0.925:1.227],0.378
6476,DNM3OS,1.036,0.902,1.19,1.036[0.902:1.19],0.619
6477,SOX8,0.99,0.902,1.085,0.99[0.902:1.085],0.824
6478,HLA.DQB2,1.022,0.913,1.144,1.022[0.913:1.144],0.703
6479,GRK1,1.031,0.928,1.145,1.031[0.928:1.145],0.571
6480,RPL11P3,0.955,0.843,1.083,0.955[0.843:1.083],0.475
6481,ABCC9,1.118,0.988,1.265,1.118[0.988:1.265],0.077
6482,ELAPOR1,0.986,0.884,1.101,0.986[0.884:1.101],0.803
6483,ZNF737,1.06,0.948,1.186,1.06[0.948:1.186],0.305
6484,GJB5,1.011,0.941,1.086,1.011[0.941:1.086],0.77
6485,DOCK8.AS1,1.108,0.967,1.271,1.108[0.967:1.271],0.141
6486,BEGAIN,1.057,0.906,1.233,1.057[0.906:1.233],0.481
6487,LINC01273,1.053,0.914,1.213,1.053[0.914:1.213],0.475
6488,PLA2G2A,0.97,0.908,1.037,0.97[0.908:1.037],0.375
6489,HRH2,1.011,0.899,1.138,1.011[0.899:1.138],0.851
6490,NKAIN1,1.04,0.902,1.2,1.04[0.902:1.2],0.59
6491,FAT3,1.022,0.899,1.162,1.022[0.899:1.162],0.741
6492,TMEM225B,1.022,0.882,1.184,1.022[0.882:1.184],0.775
6493,AVPR1A,1.08,0.964,1.21,1.08[0.964:1.21],0.184
6494,FMOD,1.069,0.929,1.231,1.069[0.929:1.231],0.351
6495,LINC01485,0.923,0.835,1.02,0.923[0.835:1.02],0.116
6496,RGPD8,1.078,0.947,1.226,1.078[0.947:1.226],0.256
6497,ACSL6,0.942,0.879,1.009,0.942[0.879:1.009],0.088
6498,CYP2W1,1.065,0.99,1.145,1.065[0.99:1.145],0.089
6499,ALOX12B,1.153,1.032,1.289,1.153[1.032:1.289],0.012
6500,LINC01659,1.013,0.921,1.114,1.013[0.921:1.114],0.789
6501,SMIM10L2A,1.092,0.962,1.238,1.092[0.962:1.238],0.172
6502,ZBTB10,1.055,0.926,1.201,1.055[0.926:1.201],0.422
6503,SYT1,1.11,1.009,1.221,1.11[1.009:1.221],0.032
6504,PGBD5,1.011,0.887,1.152,1.011[0.887:1.152],0.874
6505,ST3GAL1.DT,1.125,0.984,1.287,1.125[0.984:1.287],0.085
6506,LINC02363,1.124,0.958,1.318,1.124[0.958:1.318],0.151
6507,NTSR1,1.059,0.978,1.147,1.059[0.978:1.147],0.16
6508,ADAMTS17,1.101,0.955,1.27,1.101[0.955:1.27],0.186
6509,CYCSP6,1.044,0.96,1.135,1.044[0.96:1.135],0.312
6510,H19,1.073,0.99,1.162,1.073[0.99:1.162],0.086
6511,ASIC2,1.062,0.957,1.179,1.062[0.957:1.179],0.258
6512,GRIN1,1.088,0.97,1.22,1.088[0.97:1.22],0.152
6513,H4C12,1.077,0.942,1.23,1.077[0.942:1.23],0.277
6514,RBMS1P1,1.104,0.966,1.262,1.104[0.966:1.262],0.145
6515,KCNH6,1.003,0.894,1.126,1.003[0.894:1.126],0.956
6516,CIITA,0.981,0.864,1.113,0.981[0.864:1.113],0.765
6517,HAAO,1.001,0.881,1.137,1.001[0.881:1.137],0.991
6518,TM4SF20,1.016,0.935,1.104,1.016[0.935:1.104],0.708
6519,MTCO1P22,0.963,0.821,1.129,0.963[0.821:1.129],0.639
6520,NBPF26,1.164,1.006,1.347,1.164[1.006:1.347],0.041
6521,SNORA26,1.047,0.9,1.217,1.047[0.9:1.217],0.551
6522,SIGLEC14,0.889,0.802,0.985,0.889[0.802:0.985],0.024
6523,PDE4DIPP2,1.101,0.945,1.283,1.101[0.945:1.283],0.218
6524,ZNF345,1.108,0.965,1.271,1.108[0.965:1.271],0.146
6525,WFDC10B,1.182,1.03,1.356,1.182[1.03:1.356],0.017
6526,ADAMTS15,1.027,0.935,1.129,1.027[0.935:1.129],0.576
6527,ORM2,1.012,0.902,1.135,1.012[0.902:1.135],0.842
6528,HMGA2.AS1,1.082,0.964,1.215,1.082[0.964:1.215],0.18
6529,TRBV4.2,0.918,0.799,1.055,0.918[0.799:1.055],0.229
6530,PAPPA,1.04,0.915,1.183,1.04[0.915:1.183],0.544
6531,CRYBG2,0.962,0.834,1.111,0.962[0.834:1.111],0.601
6532,LINC02972,1.192,1.058,1.343,1.192[1.058:1.343],0.004
6533,LRG1,0.929,0.811,1.065,0.929[0.811:1.065],0.291
6534,DEXI,1.072,0.919,1.251,1.072[0.919:1.251],0.376
6535,RN7SL8P,0.992,0.876,1.123,0.992[0.876:1.123],0.899
6536,ISL2,1.146,0.982,1.337,1.146[0.982:1.337],0.083
6537,SNURF,1.065,0.925,1.226,1.065[0.925:1.226],0.381
6538,PCDHGA12,1.111,0.978,1.261,1.111[0.978:1.261],0.106
6539,DSG1,1.016,0.894,1.155,1.016[0.894:1.155],0.808
6540,HOGA1,1.038,0.93,1.159,1.038[0.93:1.159],0.506
6541,PTAFR,1,0.87,1.149,1[0.87:1.149],0.999
6542,ZNF702P,1.015,0.891,1.157,1.015[0.891:1.157],0.819
6543,TRIM22,1.006,0.875,1.157,1.006[0.875:1.157],0.931
6544,PXDNL,1.183,1.015,1.379,1.183[1.015:1.379],0.032
6545,TPPP,1.149,1.019,1.294,1.149[1.019:1.294],0.023
6546,ACTG1P20,0.941,0.824,1.076,0.941[0.824:1.076],0.375
6547,EGF,0.951,0.879,1.028,0.951[0.879:1.028],0.208
6548,PLA2R1,1,0.864,1.158,1[0.864:1.158],0.996
6549,PSORS1C2,1.082,0.973,1.205,1.082[0.973:1.205],0.147
6550,NOG,1.276,1.107,1.471,1.276[1.107:1.471],7.729049e-04
6551,RPL17P6,1.009,0.944,1.079,1.009[0.944:1.079],0.785
6552,LINC02982,0.95,0.83,1.088,0.95[0.83:1.088],0.46
6553,ADAMTS5,1.094,0.942,1.27,1.094[0.942:1.27],0.238
6554,LINC01801,1.111,0.958,1.287,1.111[0.958:1.287],0.163
6555,APOH,0.932,0.833,1.041,0.932[0.833:1.041],0.212
6556,RPL37AP8,0.982,0.893,1.08,0.982[0.893:1.08],0.709
6557,PTK7,1.084,0.946,1.241,1.084[0.946:1.241],0.246
6558,LINC00668,1.055,0.954,1.168,1.055[0.954:1.168],0.296
6559,FAM90A1,1.122,1.002,1.255,1.122[1.002:1.255],0.045
6560,THBS1,1.096,0.945,1.27,1.096[0.945:1.27],0.225
6561,PYGL,1.126,0.982,1.291,1.126[0.982:1.291],0.088
6562,AGA.DT,1.093,0.955,1.25,1.093[0.955:1.25],0.197
6563,DNAJB6P1,1.03,0.937,1.132,1.03[0.937:1.132],0.541
6564,C4B,1.028,0.911,1.161,1.028[0.911:1.161],0.654
6565,KHDC1,1.054,0.937,1.186,1.054[0.937:1.186],0.381
6566,WNT8B,1.182,1.034,1.351,1.182[1.034:1.351],0.015
6567,RPL41P1,1.015,0.966,1.066,1.015[0.966:1.066],0.551
6568,IL34,1.096,0.949,1.266,1.096[0.949:1.266],0.211
6569,RPL36P14,0.953,0.833,1.09,0.953[0.833:1.09],0.478
6570,AQP6,1.118,0.993,1.258,1.118[0.993:1.258],0.065
6571,LINC02154,1.11,0.969,1.27,1.11[0.969:1.27],0.131
6572,PCDHB12,1.183,1.041,1.345,1.183[1.041:1.345],0.01
6573,SPATA18,0.971,0.852,1.106,0.971[0.852:1.106],0.656
6574,MTND5P11,0.992,0.853,1.154,0.992[0.853:1.154],0.921
6575,NFATC2,1.027,0.887,1.189,1.027[0.887:1.189],0.721
6576,SHROOM4,1.005,0.874,1.156,1.005[0.874:1.156],0.939
6577,LINC01484,1.12,0.97,1.293,1.12[0.97:1.293],0.124
6578,PCDHB15,1.169,1.02,1.34,1.169[1.02:1.34],0.025
6579,PCDHA4,1.025,0.945,1.111,1.025[0.945:1.111],0.553
6580,L3MBTL4,1.041,0.946,1.145,1.041[0.946:1.145],0.409
6581,ID4,1.102,0.965,1.258,1.102[0.965:1.258],0.15
6582,MIR3667HG,1.145,0.992,1.321,1.145[0.992:1.321],0.064
6583,RGMB,1.069,0.925,1.237,1.069[0.925:1.237],0.366
6584,MUC1,1.012,0.901,1.136,1.012[0.901:1.136],0.845
6585,FRY,1.001,0.866,1.156,1.001[0.866:1.156],0.991
6586,PCBP3,1.125,0.991,1.278,1.125[0.991:1.278],0.069
6587,B3GAT1,1.103,0.961,1.265,1.103[0.961:1.265],0.162
6588,NSA2P3,1.009,0.879,1.158,1.009[0.879:1.158],0.902
6589,KRT15,1.141,0.973,1.338,1.141[0.973:1.338],0.104
6590,LINC02084,1.097,0.945,1.274,1.097[0.945:1.274],0.224
6591,COLGALT2,1.107,1.017,1.205,1.107[1.017:1.205],0.019
6592,RPL36P12,0.917,0.797,1.055,0.917[0.797:1.055],0.225
6593,FGF18,1.075,0.935,1.235,1.075[0.935:1.235],0.31
6594,CKM,0.992,0.868,1.132,0.992[0.868:1.132],0.9
6595,RHOXF1.AS1,1.023,0.913,1.146,1.023[0.913:1.146],0.693
6596,DPP4,1.051,0.936,1.18,1.051[0.936:1.18],0.402
6597,RPL30P4,0.996,0.872,1.139,0.996[0.872:1.139],0.959
6598,FKBP10,1.142,0.988,1.319,1.142[0.988:1.319],0.072
6599,NEK5,1.029,0.891,1.188,1.029[0.891:1.188],0.7
6600,STAG3,1.211,1.034,1.418,1.211[1.034:1.418],0.017
6601,VTCN1,1.072,0.976,1.177,1.072[0.976:1.177],0.147
6602,CCR3,0.951,0.837,1.08,0.951[0.837:1.08],0.439
6603,NT5E,1.066,0.926,1.227,1.066[0.926:1.227],0.374
6604,RPL17P7,1.003,0.906,1.109,1.003[0.906:1.109],0.958
6605,BMP4,1.03,0.886,1.198,1.03[0.886:1.198],0.698
6606,LRRC37A17P,1.074,0.92,1.252,1.074[0.92:1.252],0.366
6607,POU2F3,1.062,0.931,1.211,1.062[0.931:1.211],0.373
6608,FHOD3,0.969,0.867,1.082,0.969[0.867:1.082],0.574
6609,KLHL30,1.098,0.962,1.253,1.098[0.962:1.253],0.164
6610,H1.4,1.064,0.953,1.187,1.064[0.953:1.187],0.27
6611,POU2AF2,1.035,0.929,1.154,1.035[0.929:1.154],0.532
6612,TANC2,1.039,0.912,1.183,1.039[0.912:1.183],0.565
6613,CGNL1,1.095,0.962,1.247,1.095[0.962:1.247],0.171
6614,KISS1R,1.102,0.984,1.233,1.102[0.984:1.233],0.091
6615,GPC3,1.045,0.941,1.162,1.045[0.941:1.162],0.41
6616,TCEAL9,1.122,0.969,1.298,1.122[0.969:1.298],0.123
6617,HLA.DQB1,1.028,0.911,1.16,1.028[0.911:1.16],0.65
6618,MNDA,1.005,0.893,1.131,1.005[0.893:1.131],0.933
6619,CDIPTOSP,1.039,0.915,1.18,1.039[0.915:1.18],0.552
6620,HHIPL1,1.092,0.947,1.259,1.092[0.947:1.259],0.228
6621,CLMAT3,1.033,0.903,1.182,1.033[0.903:1.182],0.636
6622,CAPN6,1.011,0.943,1.084,1.011[0.943:1.084],0.767
6623,ADAMTS16,1.091,0.984,1.21,1.091[0.984:1.21],0.098
6624,LILRB2,1.009,0.88,1.156,1.009[0.88:1.156],0.898
6625,HOXB2,1.108,0.964,1.274,1.108[0.964:1.274],0.149
6626,H3.3A,1.018,0.91,1.139,1.018[0.91:1.139],0.756
6627,ERFL,1.152,0.997,1.331,1.152[0.997:1.331],0.056
6628,MTCO2P22,0.977,0.87,1.098,0.977[0.87:1.098],0.699
6629,PRELID1P1,1.008,0.874,1.162,1.008[0.874:1.162],0.917
6630,ITPRID2.DT,1.037,0.886,1.213,1.037[0.886:1.213],0.653
6631,LINC02802,1.094,0.957,1.251,1.094[0.957:1.251],0.187
6632,MUC20,1.068,0.926,1.232,1.068[0.926:1.232],0.364
6633,ST6GALNAC2,1.068,0.933,1.223,1.068[0.933:1.223],0.34
6634,CALCA,1.01,0.935,1.09,1.01[0.935:1.09],0.807
6635,LINC01750,1.011,0.881,1.161,1.011[0.881:1.161],0.876
6636,ICA1L,1.038,0.888,1.214,1.038[0.888:1.214],0.638
6637,SIRPA,1.058,0.921,1.215,1.058[0.921:1.215],0.428
6638,MTMR8,0.996,0.866,1.145,0.996[0.866:1.145],0.954
6639,ADGRF1,0.976,0.887,1.073,0.976[0.887:1.073],0.612
6640,SNHG26,1.176,1.031,1.342,1.176[1.031:1.342],0.016
6641,PKMP5,0.975,0.839,1.133,0.975[0.839:1.133],0.74
6642,CASP1,0.901,0.781,1.039,0.901[0.781:1.039],0.15
6643,PARP4P2,1.007,0.867,1.169,1.007[0.867:1.169],0.927
6644,GLRB,1.067,0.935,1.219,1.067[0.935:1.219],0.335
6645,CD40,1.027,0.889,1.187,1.027[0.889:1.187],0.714
6646,TNFSF13B,1.047,0.919,1.193,1.047[0.919:1.193],0.493
6647,LEFTY1,0.979,0.919,1.043,0.979[0.919:1.043],0.517
6648,RAP1GAP,0.981,0.855,1.125,0.981[0.855:1.125],0.78
6649,HS6ST2,1.028,0.949,1.113,1.028[0.949:1.113],0.501
6650,CHD9NB,1.022,0.922,1.132,1.022[0.922:1.132],0.681
6651,LINC02177,1.024,0.901,1.164,1.024[0.901:1.164],0.715
6652,PNRC2P1,0.949,0.872,1.033,0.949[0.872:1.033],0.227
6653,HMGB1P1,1.128,0.976,1.303,1.128[0.976:1.303],0.103
6654,RPL22L1,1.004,0.879,1.147,1.004[0.879:1.147],0.955
6655,PRSS21,1.055,0.988,1.127,1.055[0.988:1.127],0.112
6656,KLK4,1.106,1.006,1.216,1.106[1.006:1.216],0.038
6657,PDE4B,0.956,0.825,1.108,0.956[0.825:1.108],0.55
6658,RPS28P4,1.014,0.94,1.093,1.014[0.94:1.093],0.718
6659,PRSS2,0.995,0.939,1.055,0.995[0.939:1.055],0.877
6660,GLT1D1,1.032,0.907,1.173,1.032[0.907:1.173],0.635
6661,ABCA3,1.068,0.958,1.191,1.068[0.958:1.191],0.234
6662,TTC3P1,1.122,0.98,1.284,1.122[0.98:1.284],0.094
6663,GLIS1,1.03,0.898,1.182,1.03[0.898:1.182],0.671
6664,RBMS1,1.1,0.96,1.26,1.1[0.96:1.26],0.171
6665,C16orf74,1.207,1.07,1.361,1.207[1.07:1.361],0.002
6666,SLC6A7,0.99,0.868,1.129,0.99[0.868:1.129],0.88
6667,TEX19,1.062,0.944,1.195,1.062[0.944:1.195],0.316
6668,RPL7AP4,0.966,0.836,1.115,0.966[0.836:1.115],0.636
6669,EEF1A1P16,0.99,0.86,1.14,0.99[0.86:1.14],0.891
6670,BRSK1,1.045,0.902,1.211,1.045[0.902:1.211],0.559
6671,SP6,0.955,0.839,1.088,0.955[0.839:1.088],0.487
6672,LRRC9,1.123,0.988,1.276,1.123[0.988:1.276],0.076
6673,TMEM170B,1.021,0.894,1.165,1.021[0.894:1.165],0.763
6674,ZNF543,0.986,0.87,1.117,0.986[0.87:1.117],0.82
6675,ONECUT3,1.045,0.984,1.11,1.045[0.984:1.11],0.155
6676,CALCRL,1.03,0.896,1.185,1.03[0.896:1.185],0.674
6677,HMCN1,1.044,0.927,1.175,1.044[0.927:1.175],0.477
6678,COL12A1,0.995,0.874,1.133,0.995[0.874:1.133],0.941
6679,LRIT2,1.013,0.924,1.11,1.013[0.924:1.11],0.78
6680,EPHB3,1.007,0.874,1.159,1.007[0.874:1.159],0.927
6681,SRMS,1.207,1.051,1.386,1.207[1.051:1.386],0.008
6682,SLC34A3,1.148,1.006,1.311,1.148[1.006:1.311],0.041
6683,H2BC8,1.164,1.032,1.313,1.164[1.032:1.313],0.014
6684,SULT1C5P,0.958,0.83,1.105,0.958[0.83:1.105],0.553
6685,LINC01579,1.089,0.963,1.231,1.089[0.963:1.231],0.173
6686,SNORD17,0.963,0.834,1.113,0.963[0.834:1.113],0.613
6687,EFR3B,0.972,0.848,1.114,0.972[0.848:1.114],0.682
6688,HES7,1.213,1.074,1.37,1.213[1.074:1.37],0.002
6689,SEC14L4,1.065,0.979,1.158,1.065[0.979:1.158],0.145
6690,DDX43,1.022,0.94,1.111,1.022[0.94:1.111],0.612
6691,LY6E,1.163,1.002,1.349,1.163[1.002:1.349],0.047
6692,CDH2,1.089,0.975,1.217,1.089[0.975:1.217],0.13
6693,PROS1,1.004,0.875,1.152,1.004[0.875:1.152],0.96
6694,BIRC7,1.117,0.994,1.256,1.117[0.994:1.256],0.063
6695,ZNF204P,1.081,0.95,1.229,1.081[0.95:1.229],0.239
6696,SERPIND1,0.957,0.874,1.048,0.957[0.874:1.048],0.34
6697,MARCO,1.043,0.97,1.122,1.043[0.97:1.122],0.257
6698,MAP7D3,1.132,0.99,1.295,1.132[0.99:1.295],0.069
6699,CIBAR2,1.028,0.895,1.18,1.028[0.895:1.18],0.7
6700,PCDHGC5,1.06,0.92,1.221,1.06[0.92:1.221],0.418
6701,CACNA1C,1.095,0.952,1.261,1.095[0.952:1.261],0.204
6702,HSPG2,1.082,0.938,1.248,1.082[0.938:1.248],0.281
6703,CCR8,0.968,0.856,1.094,0.968[0.856:1.094],0.6
6704,CIART,1.105,0.957,1.275,1.105[0.957:1.275],0.172
6705,IRX3,1.114,1.013,1.224,1.114[1.013:1.224],0.025
6706,GAU1,1.006,0.893,1.135,1.006[0.893:1.135],0.918
6707,MTCO1P40,1.049,0.96,1.146,1.049[0.96:1.146],0.295
6708,CD300LD.AS1,1,0.931,1.074,1[0.931:1.074],0.999
6709,TPT1P12,0.927,0.823,1.045,0.927[0.823:1.045],0.218
6710,RWDD4P2,1.009,0.926,1.099,1.009[0.926:1.099],0.836
6711,AHNAK2,1.106,0.993,1.232,1.106[0.993:1.232],0.067
6712,CHMP1B2P,1.042,0.97,1.118,1.042[0.97:1.118],0.258
6713,PCDHGB1,1.06,0.949,1.184,1.06[0.949:1.184],0.299
6714,ABCC2,0.981,0.892,1.078,0.981[0.892:1.078],0.689
6715,PRKCG,1.047,0.964,1.138,1.047[0.964:1.138],0.279
6716,HYAL1,0.887,0.789,0.997,0.887[0.789:0.997],0.045
6717,APOE,1.124,1.004,1.259,1.124[1.004:1.259],0.043
6718,TMEM150C,1.019,0.91,1.141,1.019[0.91:1.141],0.748
6719,SYT17,1.149,0.999,1.322,1.149[0.999:1.322],0.051
6720,PRKD1,1.074,0.94,1.228,1.074[0.94:1.228],0.293
6721,WNT4,0.926,0.809,1.061,0.926[0.809:1.061],0.271
6722,RPL39L,0.978,0.878,1.088,0.978[0.878:1.088],0.679
6723,USP32P1,1.048,0.946,1.16,1.048[0.946:1.16],0.371
6724,C4A,1.053,0.933,1.188,1.053[0.933:1.188],0.401
6725,SRCIN1,1.089,0.949,1.251,1.089[0.949:1.251],0.225
6726,PCDHGA2,1.128,0.985,1.292,1.128[0.985:1.292],0.082
6727,EGFR.AS1,1.026,0.928,1.135,1.026[0.928:1.135],0.612
6728,AQP9,0.998,0.913,1.09,0.998[0.913:1.09],0.956
6729,YWHAZP4,1,0.918,1.089,1[0.918:1.089],1
6730,IGSF23,0.998,0.893,1.115,0.998[0.893:1.115],0.975
6731,RGS11,1.137,0.999,1.295,1.137[0.999:1.295],0.053
6732,TRIL,1.038,0.915,1.177,1.038[0.915:1.177],0.565
6733,PALS2,1.098,0.947,1.273,1.098[0.947:1.273],0.217
6734,GPR158,1.088,0.981,1.207,1.088[0.981:1.207],0.11
6735,TSPEAR,1.182,1.076,1.299,1.182[1.076:1.299],5.080252e-04
6736,BTBD7P1,1.044,0.934,1.167,1.044[0.934:1.167],0.452
6737,PRKXP1,1.111,0.966,1.278,1.111[0.966:1.278],0.139
6738,MYOM3,0.978,0.882,1.085,0.978[0.882:1.085],0.672
6739,ZNF649,0.967,0.847,1.105,0.967[0.847:1.105],0.626
6740,NDUFA4L2,1.142,1.001,1.303,1.142[1.001:1.303],0.048
6741,MTCYBP18,1.017,0.905,1.141,1.017[0.905:1.141],0.782
6742,KDM3AP1,0.969,0.848,1.108,0.969[0.848:1.108],0.647
6743,SPTBN1.AS2,1.102,0.955,1.272,1.102[0.955:1.272],0.183
6744,YTHDF2P1,1.016,0.93,1.111,1.016[0.93:1.111],0.719
6745,REG1B,1.006,0.955,1.058,1.006[0.955:1.058],0.834
6746,PPP1R9A,1.001,0.909,1.103,1.001[0.909:1.103],0.979
6747,LINC00896,1.098,0.956,1.262,1.098[0.956:1.262],0.186
6748,RPS5P8,0.959,0.859,1.07,0.959[0.859:1.07],0.449
6749,MS4A14,1.122,0.975,1.291,1.122[0.975:1.291],0.109
6750,SYT3,1.172,1.027,1.339,1.172[1.027:1.339],0.019
6751,NWD1,0.96,0.852,1.081,0.96[0.852:1.081],0.503
6752,PTMAP4,1.003,0.877,1.147,1.003[0.877:1.147],0.965
6753,P2RX5,1.125,1,1.266,1.125[1:1.266],0.05
6754,HNRNPA1P27,0.993,0.861,1.145,0.993[0.861:1.145],0.922
6755,ERVE.1,1.097,0.962,1.251,1.097[0.962:1.251],0.167
6756,SFRP4,1.085,0.996,1.183,1.085[0.996:1.183],0.063
6757,DIO2,0.929,0.813,1.062,0.929[0.813:1.062],0.281
6758,MT.TM,1.04,0.937,1.155,1.04[0.937:1.155],0.46
6759,ZBP1,0.993,0.863,1.143,0.993[0.863:1.143],0.923
6760,DTHD1,1.001,0.886,1.132,1.001[0.886:1.132],0.986
6761,ENPP7P11,0.965,0.854,1.091,0.965[0.854:1.091],0.571
6762,GZMB,0.957,0.856,1.07,0.957[0.856:1.07],0.443
6763,C3orf80,1.049,0.913,1.205,1.049[0.913:1.205],0.501
6764,UNC13A,0.991,0.879,1.117,0.991[0.879:1.117],0.879
6765,PLXNA4,1.096,0.981,1.223,1.096[0.981:1.223],0.104
6766,SCG5,1.033,0.915,1.166,1.033[0.915:1.166],0.605
6767,HOXC11,1.113,1.042,1.189,1.113[1.042:1.189],0.001
6768,OIT3,0.933,0.841,1.036,0.933[0.841:1.036],0.195
6769,GLI2,1.125,0.98,1.291,1.125[0.98:1.291],0.093
6770,NEB,1.086,0.975,1.208,1.086[0.975:1.208],0.132
6771,H1.5,0.983,0.869,1.112,0.983[0.869:1.112],0.787
6772,PLXNB3,1.161,1.042,1.294,1.161[1.042:1.294],0.007
6773,PURPL,0.978,0.909,1.053,0.978[0.909:1.053],0.556
6774,BMP7,1.037,0.952,1.129,1.037[0.952:1.129],0.405
6775,GDF5,1.114,0.977,1.271,1.114[0.977:1.271],0.107
6776,HOXA2,1.015,0.899,1.145,1.015[0.899:1.145],0.815
6777,PDE11A,1.011,0.905,1.131,1.011[0.905:1.131],0.841
6778,DDC,0.969,0.867,1.083,0.969[0.867:1.083],0.582
6779,TTC16,1.239,1.081,1.419,1.239[1.081:1.419],0.002
6780,KRTCAP2P1,0.969,0.842,1.114,0.969[0.842:1.114],0.655
6781,HCG4B,1.128,0.981,1.298,1.128[0.981:1.298],0.092
6782,LILRA6,1.032,0.912,1.169,1.032[0.912:1.169],0.618
6783,RN7SL2,0.941,0.861,1.029,0.941[0.861:1.029],0.181
6784,RPL39P40,1.012,0.893,1.148,1.012[0.893:1.148],0.85
6785,RPL13AP20,1.014,0.889,1.157,1.014[0.889:1.157],0.831
6786,TRBV30,1.014,0.889,1.157,1.014[0.889:1.157],0.834
6787,CYP24A1,0.955,0.868,1.051,0.955[0.868:1.051],0.35
6788,ESRRG,1.041,0.948,1.142,1.041[0.948:1.142],0.4
6789,FOLR1,1.043,0.964,1.128,1.043[0.964:1.128],0.293
6790,GTF2IP4,1.075,0.946,1.221,1.075[0.946:1.221],0.269
6791,RPS6P26,0.929,0.815,1.058,0.929[0.815:1.058],0.267
6792,HLA.DQA2,1,0.917,1.091,1[0.917:1.091],0.997
6793,CPSF1P1,1.055,0.951,1.17,1.055[0.951:1.17],0.312
6794,HMGN1P37,1.046,0.914,1.197,1.046[0.914:1.197],0.511
6795,AREG,0.938,0.84,1.047,0.938[0.84:1.047],0.254
6796,RPS27P4,1.055,0.929,1.199,1.055[0.929:1.199],0.41
6797,RAMP2.AS1,1.145,1.008,1.3,1.145[1.008:1.3],0.037
6798,FRMPD1,1.014,0.913,1.127,1.014[0.913:1.127],0.794
6799,LIMCH1,1.04,0.911,1.186,1.04[0.911:1.186],0.562
6800,H3C8,1.038,0.919,1.172,1.038[0.919:1.172],0.548
6801,UBD,0.979,0.884,1.085,0.979[0.884:1.085],0.69
6802,RASL10B,1.122,1.005,1.254,1.122[1.005:1.254],0.041
6803,TPRXL,1.092,1.002,1.19,1.092[1.002:1.19],0.046
6804,IGFBP5,1.054,0.933,1.191,1.054[0.933:1.191],0.398
6805,SLC7A11.AS1,1.037,0.918,1.171,1.037[0.918:1.171],0.563
6806,DMRT2,1.027,0.935,1.127,1.027[0.935:1.127],0.577
6807,LAMP5,1.131,1.004,1.276,1.131[1.004:1.276],0.043
6808,PFN2,1.103,0.973,1.252,1.103[0.973:1.252],0.126
6809,NR4A3,1.041,0.922,1.175,1.041[0.922:1.175],0.52
6810,MAGEB17,1.017,0.951,1.087,1.017[0.951:1.087],0.631
6811,MME,0.956,0.861,1.061,0.956[0.861:1.061],0.398
6812,ALDH3A1,1.136,1.003,1.285,1.136[1.003:1.285],0.044
6813,SOX2,1.051,0.987,1.119,1.051[0.987:1.119],0.12
6814,TRIM72,1.015,0.94,1.095,1.015[0.94:1.095],0.704
6815,IL1RN,0.994,0.888,1.114,0.994[0.888:1.114],0.922
6816,C1GALT1C1L,1.09,0.96,1.236,1.09[0.96:1.236],0.184
6817,DNAJC12,0.994,0.882,1.121,0.994[0.882:1.121],0.926
6818,HSD3B1,1.004,0.907,1.111,1.004[0.907:1.111],0.946
6819,MGAM2,0.981,0.897,1.073,0.981[0.897:1.073],0.682
6820,LINC03052,1.109,1.008,1.221,1.109[1.008:1.221],0.034
6821,MOXD1,1.017,0.893,1.158,1.017[0.893:1.158],0.802
6822,CCDC144BP,1.045,0.943,1.159,1.045[0.943:1.159],0.4
6823,ZFHX4,1.099,0.998,1.21,1.099[0.998:1.21],0.054
6824,CXCL6,0.967,0.87,1.075,0.967[0.87:1.075],0.539
6825,MUC6,1.046,0.983,1.113,1.046[0.983:1.113],0.157
6826,AQP5,1.04,0.972,1.112,1.04[0.972:1.112],0.254
6827,HAGLROS,0.982,0.866,1.114,0.982[0.866:1.114],0.783
6828,TIGIT,0.935,0.823,1.061,0.935[0.823:1.061],0.296
6829,LINC02489,1.019,0.909,1.142,1.019[0.909:1.142],0.75
6830,TNNT1,1.086,1.006,1.171,1.086[1.006:1.171],0.034
6831,EMBP1,1.083,0.973,1.204,1.083[0.973:1.204],0.144
6832,ALDH1A2,1.01,0.929,1.099,1.01[0.929:1.099],0.81
6833,CLEC7A,0.992,0.875,1.124,0.992[0.875:1.124],0.896
6834,CEACAM8,0.981,0.878,1.095,0.981[0.878:1.095],0.732
6835,UPK2,1.072,0.977,1.175,1.072[0.977:1.175],0.143
6836,CHST13,1.184,1.052,1.332,1.184[1.052:1.332],0.005
6837,RASSF9,1.033,0.932,1.144,1.033[0.932:1.144],0.54
6838,PCP4,1.041,0.971,1.117,1.041[0.971:1.117],0.258
6839,C19orf18,1.052,0.941,1.177,1.052[0.941:1.177],0.373
6840,LCN2,0.964,0.879,1.058,0.964[0.879:1.058],0.441
6841,TENM3,1.072,0.974,1.179,1.072[0.974:1.179],0.154
6842,WNT10A,1.104,0.992,1.228,1.104[0.992:1.228],0.071
6843,RPSAP7,1.017,0.918,1.127,1.017[0.918:1.127],0.742
6844,HLA.DRB6,1.029,0.908,1.165,1.029[0.908:1.165],0.657
6845,ATE1OSP,1.065,0.936,1.213,1.065[0.936:1.213],0.339
6846,MTCO2P2,0.995,0.873,1.134,0.995[0.873:1.134],0.941
6847,CILP2,1.177,1.063,1.303,1.177[1.063:1.303],0.002
6848,RPL34P31,0.941,0.843,1.051,0.941[0.843:1.051],0.282
6849,MYEF2,1.074,0.976,1.182,1.074[0.976:1.182],0.144
6850,THBS2,1.088,0.983,1.205,1.088[0.983:1.205],0.103
6851,COL27A1,1.084,0.956,1.23,1.084[0.956:1.23],0.209
6852,CPVL.AS2,1.019,0.922,1.125,1.019[0.922:1.125],0.716
6853,HLA.U,1.048,0.928,1.183,1.048[0.928:1.183],0.454
6854,ANKRD33BP1,1.143,1.037,1.26,1.143[1.037:1.26],0.007
6855,ELAVL2,0.982,0.902,1.07,0.982[0.902:1.07],0.684
6856,RPL31P61,0.959,0.847,1.087,0.959[0.847:1.087],0.513
6857,CYP7B1,0.976,0.861,1.107,0.976[0.861:1.107],0.704
6858,SATB1.AS1,0.998,0.918,1.086,0.998[0.918:1.086],0.968
6859,MUC5B,0.988,0.924,1.058,0.988[0.924:1.058],0.738
6860,C2CD4B,0.938,0.839,1.047,0.938[0.839:1.047],0.253
6861,ABCA12,0.984,0.905,1.07,0.984[0.905:1.07],0.711
6862,CBLIF,0.915,0.839,0.998,0.915[0.839:0.998],0.046
6863,NAALADL2,0.992,0.881,1.118,0.992[0.881:1.118],0.899
6864,GUSBP5,1.023,0.897,1.167,1.023[0.897:1.167],0.733
6865,DRP2,1.105,0.987,1.236,1.105[0.987:1.236],0.082
6866,NALF1,1.122,0.993,1.269,1.122[0.993:1.269],0.066
6867,RPL35P1,1.028,0.93,1.136,1.028[0.93:1.136],0.594
6868,RPL15P22,0.937,0.823,1.067,0.937[0.823:1.067],0.326
6869,HOXD11,1.107,1.01,1.214,1.107[1.01:1.214],0.03
6870,LINC00958,1.09,0.97,1.225,1.09[0.97:1.225],0.146
6871,HAVCR1,1.02,0.947,1.099,1.02[0.947:1.099],0.597
6872,HOXA7,0.98,0.882,1.088,0.98[0.882:1.088],0.7
6873,FABP3,1.099,0.986,1.224,1.099[0.986:1.224],0.088
6874,EYA4,1.065,0.953,1.19,1.065[0.953:1.19],0.264
6875,ZNF141,1.05,0.925,1.193,1.05[0.925:1.193],0.447
6876,FLJ16779,1.137,1.023,1.264,1.137[1.023:1.264],0.017
6877,HMGN2P41,1.025,0.906,1.16,1.025[0.906:1.16],0.694
6878,PTGES3L.AARSD1,1.055,0.929,1.198,1.055[0.929:1.198],0.412
6879,B3GAT1.DT,0.976,0.887,1.073,0.976[0.887:1.073],0.614
6880,WDR72,1.115,1.027,1.211,1.115[1.027:1.211],0.01
6881,TFF3,0.994,0.877,1.127,0.994[0.877:1.127],0.925
6882,LEFTY2,1.078,0.976,1.192,1.078[0.976:1.192],0.138
6883,SCML4,1.039,0.93,1.16,1.039[0.93:1.16],0.5
6884,ADGRE3,0.919,0.82,1.031,0.919[0.82:1.031],0.151
6885,YWHAZP5,1.011,0.927,1.102,1.011[0.927:1.102],0.812
6886,NR1I2,0.976,0.867,1.099,0.976[0.867:1.099],0.687
6887,ALOX15B,1.018,0.921,1.124,1.018[0.921:1.124],0.73
6888,MTCO3P12,1.054,0.941,1.179,1.054[0.941:1.179],0.365
6889,DRD1,1.095,0.989,1.212,1.095[0.989:1.212],0.081
6890,CCR4,0.938,0.832,1.057,0.938[0.832:1.057],0.297
6891,FOXD1,1.102,1.018,1.192,1.102[1.018:1.192],0.016
6892,AK4P1,1.064,0.945,1.199,1.064[0.945:1.199],0.304
6893,PTPRD,0.949,0.868,1.038,0.949[0.868:1.038],0.256
6894,YBX1P10,0.983,0.868,1.112,0.983[0.868:1.112],0.781
6895,GTF2IP1,1.032,0.949,1.121,1.032[0.949:1.121],0.465
6896,CSDC2,1.096,0.975,1.232,1.096[0.975:1.232],0.125
6897,CTSE,0.977,0.918,1.041,0.977[0.918:1.041],0.475
6898,EOMES,1.038,0.928,1.16,1.038[0.928:1.16],0.517
6899,ARHGEF4,1.136,1.018,1.268,1.136[1.018:1.268],0.022
6900,SLC39A2,0.982,0.921,1.047,0.982[0.921:1.047],0.579
6901,ABCG8,1.015,0.92,1.121,1.015[0.92:1.121],0.761
6902,RAB26,0.999,0.882,1.132,0.999[0.882:1.132],0.992
6903,NMU,1.063,0.965,1.171,1.063[0.965:1.171],0.214
6904,OR2I1P,0.97,0.872,1.078,0.97[0.872:1.078],0.569
6905,NKAIN2,1.05,0.978,1.126,1.05[0.978:1.126],0.178
6906,EEF1A1P6,1.019,0.918,1.131,1.019[0.918:1.131],0.725
6907,EGR4,1.073,0.96,1.199,1.073[0.96:1.199],0.215
6908,EEF1G,1.034,0.925,1.156,1.034[0.925:1.156],0.555
6909,VWA5B1,1.048,0.969,1.133,1.048[0.969:1.133],0.24
6910,AZGP1P1,1.016,0.902,1.145,1.016[0.902:1.145],0.792
6911,EIF4BP3,1.009,0.898,1.134,1.009[0.898:1.134],0.874
6912,PROM1,1.07,0.96,1.193,1.07[0.96:1.193],0.222
6913,ZNF665,1.051,0.93,1.188,1.051[0.93:1.188],0.422
6914,IGFL2,1.014,0.925,1.112,1.014[0.925:1.112],0.762
6915,IL17A,0.879,0.784,0.986,0.879[0.784:0.986],0.028
6916,SNX10.AS1,1.051,0.934,1.183,1.051[0.934:1.183],0.406
6917,NPIPB2,1.058,0.935,1.196,1.058[0.935:1.196],0.372
6918,ZNF818P,1.075,0.956,1.209,1.075[0.956:1.209],0.228
6919,SERP2,1.029,0.923,1.147,1.029[0.923:1.147],0.606
6920,BAG2,1.05,0.928,1.188,1.05[0.928:1.188],0.439
6921,TSHZ2,1.061,0.944,1.192,1.061[0.944:1.192],0.324
6922,DLX6,0.995,0.917,1.079,0.995[0.917:1.079],0.903
6923,MPV17L,0.966,0.894,1.045,0.966[0.894:1.045],0.391
6924,MAPK8IP2,1.095,0.974,1.23,1.095[0.974:1.23],0.13
6925,BRSK2,1.025,0.935,1.123,1.025[0.935:1.123],0.603
6926,GFPT2,1.094,0.981,1.219,1.094[0.981:1.219],0.106
6927,CCN6,1.067,0.982,1.159,1.067[0.982:1.159],0.126
6928,ERP27,0.981,0.894,1.077,0.981[0.894:1.077],0.691
6929,ADH4,0.968,0.882,1.062,0.968[0.882:1.062],0.492
6930,NPEPPSP1,1.064,0.942,1.202,1.064[0.942:1.202],0.319
6931,ABHD12B,1.073,1.005,1.146,1.073[1.005:1.146],0.035
6932,COL9A3,1.014,0.924,1.113,1.014[0.924:1.113],0.768
6933,COL22A1,1.121,0.992,1.266,1.121[0.992:1.266],0.067
6934,PALM3,1.079,0.981,1.186,1.079[0.981:1.186],0.118
6935,UPK1A,1.075,0.969,1.193,1.075[0.969:1.193],0.172
6936,KLRG2,1.074,0.989,1.167,1.074[0.989:1.167],0.09
6937,GRB14,1.087,0.994,1.188,1.087[0.994:1.188],0.066
6938,LINC00540,1.082,1.004,1.165,1.082[1.004:1.165],0.038
6939,ALDOAP2,0.995,0.888,1.115,0.995[0.888:1.115],0.936
6940,FAM230I,1.061,0.964,1.167,1.061[0.964:1.167],0.224
6941,SLC2A14,1.012,0.901,1.136,1.012[0.901:1.136],0.839
6942,SHROOM2,0.987,0.884,1.103,0.987[0.884:1.103],0.822
6943,CCDC60,0.936,0.862,1.017,0.936[0.862:1.017],0.119
6944,ZNF883,1.126,1.019,1.245,1.126[1.019:1.245],0.02
6945,LRFN2,0.908,0.818,1.007,0.908[0.818:1.007],0.069
6946,LBP,1.03,0.925,1.146,1.03[0.925:1.146],0.592
6947,PRAP1,0.953,0.876,1.037,0.953[0.876:1.037],0.266
6948,CLDN9,1.097,0.978,1.231,1.097[0.978:1.231],0.114
6949,CACNB4,0.958,0.851,1.079,0.958[0.851:1.079],0.48
6950,HSD11B1,1.063,0.945,1.195,1.063[0.945:1.195],0.309
6951,PADI3,0.974,0.898,1.056,0.974[0.898:1.056],0.517
6952,PCDHB11,1.1,0.983,1.23,1.1[0.983:1.23],0.096
6953,ORM1,0.923,0.834,1.021,0.923[0.834:1.021],0.121
6954,DSC3,1.015,0.946,1.09,1.015[0.946:1.09],0.672
6955,NPC1L1,1.073,0.994,1.159,1.073[0.994:1.159],0.072
6956,GALNTL6,0.951,0.861,1.051,0.951[0.861:1.051],0.324
6957,TMEM71,0.98,0.877,1.095,0.98[0.877:1.095],0.72
6958,KIAA1549L,1.063,0.976,1.157,1.063[0.976:1.157],0.162
6959,NALCN,1.154,1.047,1.271,1.154[1.047:1.271],0.004
6960,ZNF681,1.046,0.953,1.147,1.046[0.953:1.147],0.342
6961,ANXA13,0.955,0.853,1.07,0.955[0.853:1.07],0.429
6962,CLLU1.AS1,0.973,0.867,1.091,0.973[0.867:1.091],0.637
6963,AADACP1,1.08,0.957,1.22,1.08[0.957:1.22],0.211
6964,SIGLEC15,1.077,0.965,1.203,1.077[0.965:1.203],0.187
6965,EDAR,1.088,0.989,1.197,1.088[0.989:1.197],0.085
6966,NR0B2,0.931,0.846,1.024,0.931[0.846:1.024],0.141
6967,LINC02251,0.939,0.846,1.041,0.939[0.846:1.041],0.23
6968,XKR6,1.004,0.906,1.112,1.004[0.906:1.112],0.944
6969,ZNF300,1.017,0.919,1.126,1.017[0.919:1.126],0.742
6970,PRDM16,1.074,0.968,1.191,1.074[0.968:1.191],0.179
6971,IGFALS,0.969,0.878,1.069,0.969[0.878:1.069],0.524
6972,LINC00261,0.918,0.835,1.01,0.918[0.835:1.01],0.079
6973,PADI1,1.083,0.972,1.207,1.083[0.972:1.207],0.15
6974,RPL23AP42,1.04,0.938,1.153,1.04[0.938:1.153],0.456
6975,CYP4X1,1.005,0.918,1.099,1.005[0.918:1.099],0.918
6976,CD109,1.055,0.951,1.169,1.055[0.951:1.169],0.312
6977,LINC01436,1.035,0.925,1.158,1.035[0.925:1.158],0.546
6978,HMGB1P5,1.016,0.951,1.085,1.016[0.951:1.085],0.639
6979,HMGN5,1.037,0.925,1.163,1.037[0.925:1.163],0.532
6980,ISL1,1.062,0.974,1.158,1.062[0.974:1.158],0.173
6981,ODAM,1.026,0.942,1.118,1.026[0.942:1.118],0.551
6982,NPSR1,1.049,0.991,1.11,1.049[0.991:1.11],0.098
6983,SLC2A12,0.969,0.871,1.079,0.969[0.871:1.079],0.565
6984,CYP4F8,1.035,0.924,1.16,1.035[0.924:1.16],0.552
6985,DACH1,0.962,0.865,1.07,0.962[0.865:1.07],0.477
6986,RPS27P8,1.021,0.944,1.104,1.021[0.944:1.104],0.609
6987,RLBP1,0.998,0.897,1.112,0.998[0.897:1.112],0.977
6988,FRAS1,1.039,0.942,1.145,1.039[0.942:1.145],0.447
6989,TNMD,0.997,0.91,1.092,0.997[0.91:1.092],0.945
6990,EREG,0.921,0.855,0.991,0.921[0.855:0.991],0.029
6991,CYP4F2,0.984,0.902,1.073,0.984[0.902:1.073],0.708
6992,L1TD1,0.99,0.929,1.056,0.99[0.929:1.056],0.766
6993,ACE2,0.97,0.891,1.056,0.97[0.891:1.056],0.486
6994,ESPNL,1.094,0.98,1.221,1.094[0.98:1.221],0.111
6995,DLX6.AS1,1.002,0.931,1.077,1.002[0.931:1.077],0.965
6996,HCAR3,0.966,0.877,1.063,0.966[0.877:1.063],0.479
6997,C3orf14,0.984,0.882,1.097,0.984[0.882:1.097],0.766
6998,HOXC4,1.17,1.057,1.295,1.17[1.057:1.295],0.002
6999,SERPINB2,1.011,0.927,1.101,1.011[0.927:1.101],0.811
7000,MAT1A,1.054,0.965,1.152,1.054[0.965:1.152],0.242
7001,HCAR1,1.027,0.949,1.111,1.027[0.949:1.111],0.507
7002,ZNF503.AS1,1.018,0.911,1.136,1.018[0.911:1.136],0.756
7003,MSI1,1.008,0.92,1.104,1.008[0.92:1.104],0.865
7004,HMGN2P3,0.973,0.878,1.079,0.973[0.878:1.079],0.605
7005,YWHAZP10,1.019,0.922,1.126,1.019[0.922:1.126],0.708
7006,SIX2,1.143,1.052,1.243,1.143[1.052:1.243],0.002
7007,PCAT14,1.024,0.948,1.106,1.024[0.948:1.106],0.545
7008,IGF2BP3,1.052,0.985,1.124,1.052[0.985:1.124],0.131
7009,HLA.DPB2,0.97,0.869,1.083,0.97[0.869:1.083],0.591
7010,LINC01610,0.969,0.912,1.031,0.969[0.912:1.031],0.32
7011,PTGES3P3,1.017,0.922,1.123,1.017[0.922:1.123],0.733
7012,MSLN,1.048,0.964,1.138,1.048[0.964:1.138],0.273
7013,PKLR,0.967,0.897,1.042,0.967[0.897:1.042],0.377
7014,IGHG2,0.999,0.922,1.083,0.999[0.922:1.083],0.987
7015,SCN2A,1.088,0.981,1.207,1.088[0.981:1.207],0.111
7016,KLK11,0.998,0.92,1.084,0.998[0.92:1.084],0.97
7017,EMX1,1.041,0.959,1.13,1.041[0.959:1.13],0.341
7018,SPTSSB,0.999,0.914,1.092,0.999[0.914:1.092],0.986
7019,CDHR1,1.002,0.928,1.081,1.002[0.928:1.081],0.959
7020,RHCG,1.042,0.948,1.146,1.042[0.948:1.146],0.389
7021,FAM106A,1.023,0.922,1.135,1.023[0.922:1.135],0.67
7022,IGFBP1,1.078,0.984,1.181,1.078[0.984:1.181],0.108
7023,RNF182,0.997,0.913,1.09,0.997[0.913:1.09],0.955
7024,EIF4BP7,1.028,0.926,1.142,1.028[0.926:1.142],0.604
7025,CXCL10,0.953,0.858,1.06,0.953[0.858:1.06],0.376
7026,CCDC196,0.998,0.905,1.101,0.998[0.905:1.101],0.964
7027,AADAC,1.016,0.918,1.125,1.016[0.918:1.125],0.758
7028,CHCHD2P9,0.975,0.884,1.076,0.975[0.884:1.076],0.619
7029,ISM2,1.082,0.997,1.173,1.082[0.997:1.173],0.058
7030,PCDHGA10,1.003,0.91,1.105,1.003[0.91:1.105],0.949
7031,F7,1.029,0.945,1.119,1.029[0.945:1.119],0.512
7032,LINC02432,1.046,0.981,1.115,1.046[0.981:1.115],0.173
7033,SLC28A3,1.032,0.944,1.127,1.032[0.944:1.127],0.491
7034,TRPV6,1.025,0.945,1.111,1.025[0.945:1.111],0.555
7035,AFAP1.AS1,1.09,1.03,1.154,1.09[1.03:1.154],0.003
7036,ITGBL1,1.112,1.011,1.222,1.112[1.011:1.222],0.029
7037,SOX1,1.052,0.984,1.125,1.052[0.984:1.125],0.136
7038,SLC7A4,0.973,0.886,1.068,0.973[0.886:1.068],0.565
7039,MS4A15,0.99,0.902,1.085,0.99[0.902:1.085],0.824
7040,NRN1,1.032,0.936,1.137,1.032[0.936:1.137],0.529
7041,TBX4,0.985,0.894,1.085,0.985[0.894:1.085],0.758
7042,KCNJ3,1.058,0.974,1.149,1.058[0.974:1.149],0.184
7043,HOTTIP,0.956,0.887,1.031,0.956[0.887:1.031],0.242
7044,PTPRD.AS1,0.948,0.867,1.036,0.948[0.867:1.036],0.237
7045,RAMP1,1.095,1,1.198,1.095[1:1.198],0.05
7046,DMBT1,0.973,0.916,1.034,0.973[0.916:1.034],0.374
7047,RPS4XP22,0.972,0.888,1.064,0.972[0.888:1.064],0.539
7048,VENTX,1.05,0.961,1.147,1.05[0.961:1.147],0.277
7049,HNRNPCP2,1.019,0.926,1.121,1.019[0.926:1.121],0.699
7050,PRSS1,1.062,0.978,1.154,1.062[0.978:1.154],0.153
7051,TBCAP1,1.004,0.914,1.102,1.004[0.914:1.102],0.94
7052,ARHGDIG,1.079,0.987,1.179,1.079[0.987:1.179],0.093
7053,CA8,0.979,0.9,1.065,0.979[0.9:1.065],0.616
7054,ST6GAL2,1.012,0.93,1.101,1.012[0.93:1.101],0.782
7055,MTND1P23,1.004,0.924,1.092,1.004[0.924:1.092],0.919
7056,C10orf82,1,0.927,1.079,1[0.927:1.079],0.998
7057,GATD3,1.046,0.959,1.141,1.046[0.959:1.141],0.311
7058,SPINK4,0.94,0.885,0.999,0.94[0.885:0.999],0.046
7059,KLK12,0.928,0.86,1.002,0.928[0.86:1.002],0.055
7060,RPS28P7,1.023,0.945,1.108,1.023[0.945:1.108],0.57
7061,SCEL,1.039,0.957,1.127,1.039[0.957:1.127],0.364
7062,TMSB4Y,1.001,0.937,1.068,1.001[0.937:1.068],0.984
7063,PSCA,1.046,0.967,1.132,1.046[0.967:1.132],0.258
7064,LINC01819,0.99,0.928,1.057,0.99[0.928:1.057],0.771
7065,PHYHIPL,1.016,0.939,1.099,1.016[0.939:1.099],0.696
7066,DUOXA2,0.989,0.926,1.056,0.989[0.926:1.056],0.739
7067,FOXJ1,0.977,0.915,1.044,0.977[0.915:1.044],0.494
7068,CLDN18,1.003,0.943,1.066,1.003[0.943:1.066],0.935
7069,IGF2BP1,1.064,0.995,1.138,1.064[0.995:1.138],0.071
